method,k,sample_index,predicted_labels,true_labels
baseline_frequency_topk,1,0,['Ensino'],"['Ensino', 'Orientação']"
baseline_frequency_topk,1,1,['Ensino'],"['Ensino', 'Orientação']"
baseline_frequency_topk,1,2,['Ensino'],"['Acessibilidade e inclusão - Docente', 'Diferenciação e personalização']"
baseline_frequency_topk,1,3,['Ensino'],"['Acessibilidade e inclusão - Docente', 'Promoção da Inclusão e Acessibilidade']"
baseline_frequency_topk,1,4,['Ensino'],"['Criação de conteúdo digital', 'Criação e modificação', 'Ensino', 'Seleção']"
baseline_frequency_topk,1,5,['Ensino'],"['Colaboração profissional', 'Gestão do desenvolvimento de pessoas', 'Prática reflexiva']"
baseline_frequency_topk,1,6,['Ensino'],"['Criação de conteúdo digital', 'Desenvolvimento Profissional Contínuo (DPC) digital', 'Ensino', 'Literacia da informação e das mídias', 'Seleção']"
baseline_frequency_topk,1,7,['Ensino'],['Comunicação efetiva']
baseline_frequency_topk,1,8,['Ensino'],['Gerenciamento de recursos']
baseline_frequency_topk,1,9,['Ensino'],"['Estratégias de avaliação', 'Feedback e planificação']"
baseline_frequency_topk,1,10,['Ensino'],"['Foco nos resultados para os cidadãos', 'Gerenciamento de recursos', 'Gestão da qualidade']"
baseline_frequency_topk,1,11,['Ensino'],"['Aprendizagem autorregulada', 'Desenvolvimento Profissional Contínuo (DPC) digital', 'Ensino']"
baseline_frequency_topk,1,12,['Ensino'],"['Análise de evidências', 'Ensino', 'Estratégias de avaliação', 'Feedback e planificação', 'Gestão do desenvolvimento de pessoas', 'Orientação']"
baseline_frequency_topk,1,13,['Ensino'],['Gestão do desenvolvimento de pessoas']
baseline_frequency_topk,1,14,['Ensino'],"['Desenvolvimento Profissional Contínuo (DPC) digital', 'Ensino', 'Foco nos resultados para os cidadãos']"
baseline_frequency_topk,1,15,['Ensino'],"['Inovação', 'Mentalidade Digital', 'Trabalho em equipe', 'Visão Sistêmica']"
baseline_frequency_topk,1,16,['Ensino'],"['Foco nos resultados para os cidadãos', 'Gestão da qualidade']"
baseline_frequency_topk,1,17,['Ensino'],"['Acessibilidade e inclusão - Docente', 'Diferenciação e personalização', 'Ensino', 'Gestão do desenvolvimento de pessoas', 'Orientação']"
baseline_frequency_topk,1,18,['Ensino'],"['Comunicação', 'Comunicação e colaboração digital', 'Comunicação efetiva', 'Comunicação institucional', 'Comunicação interpessoal', 'Criação de conteúdo digital', 'Gestão do desenvolvimento de pessoas', 'Gestão do trabalho em equipe', 'Orientação ao cidadão', 'Relações institucionais']"
baseline_frequency_topk,1,19,['Ensino'],"['Aprendizagem autorregulada', 'Criação de conteúdo digital', 'Criação e modificação']"
baseline_frequency_topk,1,20,['Ensino'],['Planejamento']
baseline_frequency_topk,1,21,['Ensino'],"['Análise de evidências', 'Estratégias de avaliação', 'Feedback e planificação']"
baseline_frequency_topk,1,22,['Ensino'],"['Ensino', 'Orientação']"
baseline_frequency_topk,1,23,['Ensino'],"['Comunicação e colaboração digital', 'Criação de conteúdo digital']"
baseline_frequency_topk,1,24,['Ensino'],['Comunicação interpessoal']
baseline_frequency_topk,1,25,['Ensino'],"['Ensino', 'Uso de TIC']"
baseline_frequency_topk,1,26,['Ensino'],"['Comunicação', 'Comunicação efetiva', 'Comunicação interpessoal', 'Promoção da Inclusão e Acessibilidade', 'Relações institucionais']"
baseline_frequency_topk,1,27,['Ensino'],"['Ensino', 'Orientação']"
baseline_frequency_topk,1,28,['Ensino'],"['Ensino', 'Orientação']"
baseline_frequency_topk,1,29,['Ensino'],"['Criação de conteúdo digital', 'Criação e modificação', 'Gerenciamento digital', 'Mentalidade Digital', 'Uso de TIC']"
baseline_frequency_topk,1,30,['Ensino'],"['Gestão do trabalho em equipe', 'Liderança eficaz', 'Trabalho em equipe']"
baseline_frequency_topk,1,31,['Ensino'],"['Aprendizagem colaborativa', 'Envolvimento ativo']"
baseline_frequency_topk,1,32,['Ensino'],"['Contribuição técnico-profissional', 'Desenvolvimento Profissional Contínuo (DPC) digital']"
baseline_frequency_topk,1,33,['Ensino'],"['Aprendizagem colaborativa', 'Ensino', 'Envolvimento ativo', 'Estratégias de avaliação', 'Literacia da informação e das mídias', 'Orientação', 'Resolução de problemas digitais']"
baseline_frequency_topk,1,34,['Ensino'],"['Desenvolvimento Profissional Contínuo (DPC) digital', 'Gestão da qualidade']"
baseline_frequency_topk,1,35,['Ensino'],"['Ensino', 'Orientação']"
baseline_frequency_topk,1,36,['Ensino'],"['Foco nos resultados para os cidadãos', 'Liderança eficaz']"
baseline_frequency_topk,1,37,['Ensino'],"['Orientação ao cidadão', 'Planejamento']"
baseline_frequency_topk,1,38,['Ensino'],"['Ensino', 'Orientação']"
baseline_frequency_topk,1,39,['Ensino'],['Gerenciamento de recursos']
baseline_frequency_topk,1,40,['Ensino'],"['Acessibilidade e inclusão - Docente', 'Diferenciação e personalização', 'Ensino', 'Promoção da Inclusão e Acessibilidade', 'Prática reflexiva']"
baseline_frequency_topk,1,41,['Ensino'],"['Criação de conteúdo digital', 'Criação e modificação']"
baseline_frequency_topk,1,42,['Ensino'],['Planejamento']
baseline_frequency_topk,1,43,['Ensino'],"['Ensino', 'Orientação']"
baseline_frequency_topk,1,44,['Ensino'],"['Ensino', 'Orientação']"
baseline_frequency_topk,1,45,['Ensino'],"['Gerenciamento de recursos', 'Inovação', 'Planejamento']"
baseline_frequency_topk,1,46,['Ensino'],"['Ensino', 'Orientação']"
baseline_frequency_topk,1,47,['Ensino'],"['Gestão do trabalho em equipe', 'Mentalidade Digital']"
baseline_frequency_topk,1,48,['Ensino'],['Acessibilidade e inclusão - Docente']
baseline_frequency_topk,1,49,['Ensino'],"['Acessibilidade e inclusão - Docente', 'Diferenciação e personalização']"
baseline_frequency_topk,1,50,['Ensino'],"['Desenvolvimento Profissional Contínuo (DPC) digital', 'Estratégias de avaliação', 'Planejamento', 'Resolução de problemas com base em dados', 'Resolução de problemas digitais']"
baseline_frequency_topk,1,51,['Ensino'],"['Colaboração profissional', 'Desenvolvimento Profissional Contínuo (DPC) digital', 'Gerenciamento da mudança', 'Gerenciamento de recursos', 'Gerenciamento digital', 'Gestão do desenvolvimento de pessoas', 'Gestão do trabalho em equipe', 'Inovação', 'Mentalidade Digital', 'Organização da rotina', 'Uso de TIC']"
baseline_frequency_topk,1,52,['Ensino'],['Seleção']
baseline_frequency_topk,1,53,['Ensino'],"['Acessibilidade e inclusão - Docente', 'Promoção da Inclusão e Acessibilidade']"
baseline_frequency_topk,1,54,['Ensino'],"['Comunicação institucional', 'Literacia da informação e das mídias']"
baseline_frequency_topk,1,55,['Ensino'],['Comunicação efetiva']
baseline_frequency_topk,1,56,['Ensino'],['Planejamento']
baseline_frequency_topk,1,57,['Ensino'],['Orientação ao cidadão']
baseline_frequency_topk,1,58,['Ensino'],['Uso de TIC']
baseline_frequency_topk,1,59,['Ensino'],['Orientações por valores éticos']
baseline_frequency_topk,1,60,['Ensino'],['Planejamento']
baseline_frequency_topk,1,61,['Ensino'],"['Ensino', 'Orientação']"
baseline_frequency_topk,1,62,['Ensino'],"['Gestão do desenvolvimento de pessoas', 'Uso de TIC']"
baseline_frequency_topk,1,63,['Ensino'],"['Ensino', 'Orientação']"
baseline_frequency_topk,1,64,['Ensino'],"['Ensino', 'Orientação']"
baseline_frequency_topk,1,65,['Ensino'],['Envolvimento ativo']
baseline_frequency_topk,1,66,['Ensino'],['Análise de problemas']
baseline_frequency_topk,1,67,['Ensino'],['Gerenciamento de recursos']
baseline_frequency_topk,3,0,"['Ensino', 'Orientação', 'Acessibilidade e inclusão - Docente']","['Ensino', 'Orientação']"
baseline_frequency_topk,3,1,"['Ensino', 'Orientação', 'Acessibilidade e inclusão - Docente']","['Ensino', 'Orientação']"
baseline_frequency_topk,3,2,"['Ensino', 'Orientação', 'Acessibilidade e inclusão - Docente']","['Acessibilidade e inclusão - Docente', 'Diferenciação e personalização']"
baseline_frequency_topk,3,3,"['Ensino', 'Orientação', 'Acessibilidade e inclusão - Docente']","['Acessibilidade e inclusão - Docente', 'Promoção da Inclusão e Acessibilidade']"
baseline_frequency_topk,3,4,"['Ensino', 'Orientação', 'Acessibilidade e inclusão - Docente']","['Criação de conteúdo digital', 'Criação e modificação', 'Ensino', 'Seleção']"
baseline_frequency_topk,3,5,"['Ensino', 'Orientação', 'Acessibilidade e inclusão - Docente']","['Colaboração profissional', 'Gestão do desenvolvimento de pessoas', 'Prática reflexiva']"
baseline_frequency_topk,3,6,"['Ensino', 'Orientação', 'Acessibilidade e inclusão - Docente']","['Criação de conteúdo digital', 'Desenvolvimento Profissional Contínuo (DPC) digital', 'Ensino', 'Literacia da informação e das mídias', 'Seleção']"
baseline_frequency_topk,3,7,"['Ensino', 'Orientação', 'Acessibilidade e inclusão - Docente']",['Comunicação efetiva']
baseline_frequency_topk,3,8,"['Ensino', 'Orientação', 'Acessibilidade e inclusão - Docente']",['Gerenciamento de recursos']
baseline_frequency_topk,3,9,"['Ensino', 'Orientação', 'Acessibilidade e inclusão - Docente']","['Estratégias de avaliação', 'Feedback e planificação']"
baseline_frequency_topk,3,10,"['Ensino', 'Orientação', 'Acessibilidade e inclusão - Docente']","['Foco nos resultados para os cidadãos', 'Gerenciamento de recursos', 'Gestão da qualidade']"
baseline_frequency_topk,3,11,"['Ensino', 'Orientação', 'Acessibilidade e inclusão - Docente']","['Aprendizagem autorregulada', 'Desenvolvimento Profissional Contínuo (DPC) digital', 'Ensino']"
baseline_frequency_topk,3,12,"['Ensino', 'Orientação', 'Acessibilidade e inclusão - Docente']","['Análise de evidências', 'Ensino', 'Estratégias de avaliação', 'Feedback e planificação', 'Gestão do desenvolvimento de pessoas', 'Orientação']"
baseline_frequency_topk,3,13,"['Ensino', 'Orientação', 'Acessibilidade e inclusão - Docente']",['Gestão do desenvolvimento de pessoas']
baseline_frequency_topk,3,14,"['Ensino', 'Orientação', 'Acessibilidade e inclusão - Docente']","['Desenvolvimento Profissional Contínuo (DPC) digital', 'Ensino', 'Foco nos resultados para os cidadãos']"
baseline_frequency_topk,3,15,"['Ensino', 'Orientação', 'Acessibilidade e inclusão - Docente']","['Inovação', 'Mentalidade Digital', 'Trabalho em equipe', 'Visão Sistêmica']"
baseline_frequency_topk,3,16,"['Ensino', 'Orientação', 'Acessibilidade e inclusão - Docente']","['Foco nos resultados para os cidadãos', 'Gestão da qualidade']"
baseline_frequency_topk,3,17,"['Ensino', 'Orientação', 'Acessibilidade e inclusão - Docente']","['Acessibilidade e inclusão - Docente', 'Diferenciação e personalização', 'Ensino', 'Gestão do desenvolvimento de pessoas', 'Orientação']"
baseline_frequency_topk,3,18,"['Ensino', 'Orientação', 'Acessibilidade e inclusão - Docente']","['Comunicação', 'Comunicação e colaboração digital', 'Comunicação efetiva', 'Comunicação institucional', 'Comunicação interpessoal', 'Criação de conteúdo digital', 'Gestão do desenvolvimento de pessoas', 'Gestão do trabalho em equipe', 'Orientação ao cidadão', 'Relações institucionais']"
baseline_frequency_topk,3,19,"['Ensino', 'Orientação', 'Acessibilidade e inclusão - Docente']","['Aprendizagem autorregulada', 'Criação de conteúdo digital', 'Criação e modificação']"
baseline_frequency_topk,3,20,"['Ensino', 'Orientação', 'Acessibilidade e inclusão - Docente']",['Planejamento']
baseline_frequency_topk,3,21,"['Ensino', 'Orientação', 'Acessibilidade e inclusão - Docente']","['Análise de evidências', 'Estratégias de avaliação', 'Feedback e planificação']"
baseline_frequency_topk,3,22,"['Ensino', 'Orientação', 'Acessibilidade e inclusão - Docente']","['Ensino', 'Orientação']"
baseline_frequency_topk,3,23,"['Ensino', 'Orientação', 'Acessibilidade e inclusão - Docente']","['Comunicação e colaboração digital', 'Criação de conteúdo digital']"
baseline_frequency_topk,3,24,"['Ensino', 'Orientação', 'Acessibilidade e inclusão - Docente']",['Comunicação interpessoal']
baseline_frequency_topk,3,25,"['Ensino', 'Orientação', 'Acessibilidade e inclusão - Docente']","['Ensino', 'Uso de TIC']"
baseline_frequency_topk,3,26,"['Ensino', 'Orientação', 'Acessibilidade e inclusão - Docente']","['Comunicação', 'Comunicação efetiva', 'Comunicação interpessoal', 'Promoção da Inclusão e Acessibilidade', 'Relações institucionais']"
baseline_frequency_topk,3,27,"['Ensino', 'Orientação', 'Acessibilidade e inclusão - Docente']","['Ensino', 'Orientação']"
baseline_frequency_topk,3,28,"['Ensino', 'Orientação', 'Acessibilidade e inclusão - Docente']","['Ensino', 'Orientação']"
baseline_frequency_topk,3,29,"['Ensino', 'Orientação', 'Acessibilidade e inclusão - Docente']","['Criação de conteúdo digital', 'Criação e modificação', 'Gerenciamento digital', 'Mentalidade Digital', 'Uso de TIC']"
baseline_frequency_topk,3,30,"['Ensino', 'Orientação', 'Acessibilidade e inclusão - Docente']","['Gestão do trabalho em equipe', 'Liderança eficaz', 'Trabalho em equipe']"
baseline_frequency_topk,3,31,"['Ensino', 'Orientação', 'Acessibilidade e inclusão - Docente']","['Aprendizagem colaborativa', 'Envolvimento ativo']"
baseline_frequency_topk,3,32,"['Ensino', 'Orientação', 'Acessibilidade e inclusão - Docente']","['Contribuição técnico-profissional', 'Desenvolvimento Profissional Contínuo (DPC) digital']"
baseline_frequency_topk,3,33,"['Ensino', 'Orientação', 'Acessibilidade e inclusão - Docente']","['Aprendizagem colaborativa', 'Ensino', 'Envolvimento ativo', 'Estratégias de avaliação', 'Literacia da informação e das mídias', 'Orientação', 'Resolução de problemas digitais']"
baseline_frequency_topk,3,34,"['Ensino', 'Orientação', 'Acessibilidade e inclusão - Docente']","['Desenvolvimento Profissional Contínuo (DPC) digital', 'Gestão da qualidade']"
baseline_frequency_topk,3,35,"['Ensino', 'Orientação', 'Acessibilidade e inclusão - Docente']","['Ensino', 'Orientação']"
baseline_frequency_topk,3,36,"['Ensino', 'Orientação', 'Acessibilidade e inclusão - Docente']","['Foco nos resultados para os cidadãos', 'Liderança eficaz']"
baseline_frequency_topk,3,37,"['Ensino', 'Orientação', 'Acessibilidade e inclusão - Docente']","['Orientação ao cidadão', 'Planejamento']"
baseline_frequency_topk,3,38,"['Ensino', 'Orientação', 'Acessibilidade e inclusão - Docente']","['Ensino', 'Orientação']"
baseline_frequency_topk,3,39,"['Ensino', 'Orientação', 'Acessibilidade e inclusão - Docente']",['Gerenciamento de recursos']
baseline_frequency_topk,3,40,"['Ensino', 'Orientação', 'Acessibilidade e inclusão - Docente']","['Acessibilidade e inclusão - Docente', 'Diferenciação e personalização', 'Ensino', 'Promoção da Inclusão e Acessibilidade', 'Prática reflexiva']"
baseline_frequency_topk,3,41,"['Ensino', 'Orientação', 'Acessibilidade e inclusão - Docente']","['Criação de conteúdo digital', 'Criação e modificação']"
baseline_frequency_topk,3,42,"['Ensino', 'Orientação', 'Acessibilidade e inclusão - Docente']",['Planejamento']
baseline_frequency_topk,3,43,"['Ensino', 'Orientação', 'Acessibilidade e inclusão - Docente']","['Ensino', 'Orientação']"
baseline_frequency_topk,3,44,"['Ensino', 'Orientação', 'Acessibilidade e inclusão - Docente']","['Ensino', 'Orientação']"
baseline_frequency_topk,3,45,"['Ensino', 'Orientação', 'Acessibilidade e inclusão - Docente']","['Gerenciamento de recursos', 'Inovação', 'Planejamento']"
baseline_frequency_topk,3,46,"['Ensino', 'Orientação', 'Acessibilidade e inclusão - Docente']","['Ensino', 'Orientação']"
baseline_frequency_topk,3,47,"['Ensino', 'Orientação', 'Acessibilidade e inclusão - Docente']","['Gestão do trabalho em equipe', 'Mentalidade Digital']"
baseline_frequency_topk,3,48,"['Ensino', 'Orientação', 'Acessibilidade e inclusão - Docente']",['Acessibilidade e inclusão - Docente']
baseline_frequency_topk,3,49,"['Ensino', 'Orientação', 'Acessibilidade e inclusão - Docente']","['Acessibilidade e inclusão - Docente', 'Diferenciação e personalização']"
baseline_frequency_topk,3,50,"['Ensino', 'Orientação', 'Acessibilidade e inclusão - Docente']","['Desenvolvimento Profissional Contínuo (DPC) digital', 'Estratégias de avaliação', 'Planejamento', 'Resolução de problemas com base em dados', 'Resolução de problemas digitais']"
baseline_frequency_topk,3,51,"['Ensino', 'Orientação', 'Acessibilidade e inclusão - Docente']","['Colaboração profissional', 'Desenvolvimento Profissional Contínuo (DPC) digital', 'Gerenciamento da mudança', 'Gerenciamento de recursos', 'Gerenciamento digital', 'Gestão do desenvolvimento de pessoas', 'Gestão do trabalho em equipe', 'Inovação', 'Mentalidade Digital', 'Organização da rotina', 'Uso de TIC']"
baseline_frequency_topk,3,52,"['Ensino', 'Orientação', 'Acessibilidade e inclusão - Docente']",['Seleção']
baseline_frequency_topk,3,53,"['Ensino', 'Orientação', 'Acessibilidade e inclusão - Docente']","['Acessibilidade e inclusão - Docente', 'Promoção da Inclusão e Acessibilidade']"
baseline_frequency_topk,3,54,"['Ensino', 'Orientação', 'Acessibilidade e inclusão - Docente']","['Comunicação institucional', 'Literacia da informação e das mídias']"
baseline_frequency_topk,3,55,"['Ensino', 'Orientação', 'Acessibilidade e inclusão - Docente']",['Comunicação efetiva']
baseline_frequency_topk,3,56,"['Ensino', 'Orientação', 'Acessibilidade e inclusão - Docente']",['Planejamento']
baseline_frequency_topk,3,57,"['Ensino', 'Orientação', 'Acessibilidade e inclusão - Docente']",['Orientação ao cidadão']
baseline_frequency_topk,3,58,"['Ensino', 'Orientação', 'Acessibilidade e inclusão - Docente']",['Uso de TIC']
baseline_frequency_topk,3,59,"['Ensino', 'Orientação', 'Acessibilidade e inclusão - Docente']",['Orientações por valores éticos']
baseline_frequency_topk,3,60,"['Ensino', 'Orientação', 'Acessibilidade e inclusão - Docente']",['Planejamento']
baseline_frequency_topk,3,61,"['Ensino', 'Orientação', 'Acessibilidade e inclusão - Docente']","['Ensino', 'Orientação']"
baseline_frequency_topk,3,62,"['Ensino', 'Orientação', 'Acessibilidade e inclusão - Docente']","['Gestão do desenvolvimento de pessoas', 'Uso de TIC']"
baseline_frequency_topk,3,63,"['Ensino', 'Orientação', 'Acessibilidade e inclusão - Docente']","['Ensino', 'Orientação']"
baseline_frequency_topk,3,64,"['Ensino', 'Orientação', 'Acessibilidade e inclusão - Docente']","['Ensino', 'Orientação']"
baseline_frequency_topk,3,65,"['Ensino', 'Orientação', 'Acessibilidade e inclusão - Docente']",['Envolvimento ativo']
baseline_frequency_topk,3,66,"['Ensino', 'Orientação', 'Acessibilidade e inclusão - Docente']",['Análise de problemas']
baseline_frequency_topk,3,67,"['Ensino', 'Orientação', 'Acessibilidade e inclusão - Docente']",['Gerenciamento de recursos']
baseline_frequency_topk,5,0,"['Ensino', 'Orientação', 'Acessibilidade e inclusão - Docente', 'Planejamento', 'Gestão do desenvolvimento de pessoas']","['Ensino', 'Orientação']"
baseline_frequency_topk,5,1,"['Ensino', 'Orientação', 'Acessibilidade e inclusão - Docente', 'Planejamento', 'Gestão do desenvolvimento de pessoas']","['Ensino', 'Orientação']"
baseline_frequency_topk,5,2,"['Ensino', 'Orientação', 'Acessibilidade e inclusão - Docente', 'Planejamento', 'Gestão do desenvolvimento de pessoas']","['Acessibilidade e inclusão - Docente', 'Diferenciação e personalização']"
baseline_frequency_topk,5,3,"['Ensino', 'Orientação', 'Acessibilidade e inclusão - Docente', 'Planejamento', 'Gestão do desenvolvimento de pessoas']","['Acessibilidade e inclusão - Docente', 'Promoção da Inclusão e Acessibilidade']"
baseline_frequency_topk,5,4,"['Ensino', 'Orientação', 'Acessibilidade e inclusão - Docente', 'Planejamento', 'Gestão do desenvolvimento de pessoas']","['Criação de conteúdo digital', 'Criação e modificação', 'Ensino', 'Seleção']"
baseline_frequency_topk,5,5,"['Ensino', 'Orientação', 'Acessibilidade e inclusão - Docente', 'Planejamento', 'Gestão do desenvolvimento de pessoas']","['Colaboração profissional', 'Gestão do desenvolvimento de pessoas', 'Prática reflexiva']"
baseline_frequency_topk,5,6,"['Ensino', 'Orientação', 'Acessibilidade e inclusão - Docente', 'Planejamento', 'Gestão do desenvolvimento de pessoas']","['Criação de conteúdo digital', 'Desenvolvimento Profissional Contínuo (DPC) digital', 'Ensino', 'Literacia da informação e das mídias', 'Seleção']"
baseline_frequency_topk,5,7,"['Ensino', 'Orientação', 'Acessibilidade e inclusão - Docente', 'Planejamento', 'Gestão do desenvolvimento de pessoas']",['Comunicação efetiva']
baseline_frequency_topk,5,8,"['Ensino', 'Orientação', 'Acessibilidade e inclusão - Docente', 'Planejamento', 'Gestão do desenvolvimento de pessoas']",['Gerenciamento de recursos']
baseline_frequency_topk,5,9,"['Ensino', 'Orientação', 'Acessibilidade e inclusão - Docente', 'Planejamento', 'Gestão do desenvolvimento de pessoas']","['Estratégias de avaliação', 'Feedback e planificação']"
baseline_frequency_topk,5,10,"['Ensino', 'Orientação', 'Acessibilidade e inclusão - Docente', 'Planejamento', 'Gestão do desenvolvimento de pessoas']","['Foco nos resultados para os cidadãos', 'Gerenciamento de recursos', 'Gestão da qualidade']"
baseline_frequency_topk,5,11,"['Ensino', 'Orientação', 'Acessibilidade e inclusão - Docente', 'Planejamento', 'Gestão do desenvolvimento de pessoas']","['Aprendizagem autorregulada', 'Desenvolvimento Profissional Contínuo (DPC) digital', 'Ensino']"
baseline_frequency_topk,5,12,"['Ensino', 'Orientação', 'Acessibilidade e inclusão - Docente', 'Planejamento', 'Gestão do desenvolvimento de pessoas']","['Análise de evidências', 'Ensino', 'Estratégias de avaliação', 'Feedback e planificação', 'Gestão do desenvolvimento de pessoas', 'Orientação']"
baseline_frequency_topk,5,13,"['Ensino', 'Orientação', 'Acessibilidade e inclusão - Docente', 'Planejamento', 'Gestão do desenvolvimento de pessoas']",['Gestão do desenvolvimento de pessoas']
baseline_frequency_topk,5,14,"['Ensino', 'Orientação', 'Acessibilidade e inclusão - Docente', 'Planejamento', 'Gestão do desenvolvimento de pessoas']","['Desenvolvimento Profissional Contínuo (DPC) digital', 'Ensino', 'Foco nos resultados para os cidadãos']"
baseline_frequency_topk,5,15,"['Ensino', 'Orientação', 'Acessibilidade e inclusão - Docente', 'Planejamento', 'Gestão do desenvolvimento de pessoas']","['Inovação', 'Mentalidade Digital', 'Trabalho em equipe', 'Visão Sistêmica']"
baseline_frequency_topk,5,16,"['Ensino', 'Orientação', 'Acessibilidade e inclusão - Docente', 'Planejamento', 'Gestão do desenvolvimento de pessoas']","['Foco nos resultados para os cidadãos', 'Gestão da qualidade']"
baseline_frequency_topk,5,17,"['Ensino', 'Orientação', 'Acessibilidade e inclusão - Docente', 'Planejamento', 'Gestão do desenvolvimento de pessoas']","['Acessibilidade e inclusão - Docente', 'Diferenciação e personalização', 'Ensino', 'Gestão do desenvolvimento de pessoas', 'Orientação']"
baseline_frequency_topk,5,18,"['Ensino', 'Orientação', 'Acessibilidade e inclusão - Docente', 'Planejamento', 'Gestão do desenvolvimento de pessoas']","['Comunicação', 'Comunicação e colaboração digital', 'Comunicação efetiva', 'Comunicação institucional', 'Comunicação interpessoal', 'Criação de conteúdo digital', 'Gestão do desenvolvimento de pessoas', 'Gestão do trabalho em equipe', 'Orientação ao cidadão', 'Relações institucionais']"
baseline_frequency_topk,5,19,"['Ensino', 'Orientação', 'Acessibilidade e inclusão - Docente', 'Planejamento', 'Gestão do desenvolvimento de pessoas']","['Aprendizagem autorregulada', 'Criação de conteúdo digital', 'Criação e modificação']"
baseline_frequency_topk,5,20,"['Ensino', 'Orientação', 'Acessibilidade e inclusão - Docente', 'Planejamento', 'Gestão do desenvolvimento de pessoas']",['Planejamento']
baseline_frequency_topk,5,21,"['Ensino', 'Orientação', 'Acessibilidade e inclusão - Docente', 'Planejamento', 'Gestão do desenvolvimento de pessoas']","['Análise de evidências', 'Estratégias de avaliação', 'Feedback e planificação']"
baseline_frequency_topk,5,22,"['Ensino', 'Orientação', 'Acessibilidade e inclusão - Docente', 'Planejamento', 'Gestão do desenvolvimento de pessoas']","['Ensino', 'Orientação']"
baseline_frequency_topk,5,23,"['Ensino', 'Orientação', 'Acessibilidade e inclusão - Docente', 'Planejamento', 'Gestão do desenvolvimento de pessoas']","['Comunicação e colaboração digital', 'Criação de conteúdo digital']"
baseline_frequency_topk,5,24,"['Ensino', 'Orientação', 'Acessibilidade e inclusão - Docente', 'Planejamento', 'Gestão do desenvolvimento de pessoas']",['Comunicação interpessoal']
baseline_frequency_topk,5,25,"['Ensino', 'Orientação', 'Acessibilidade e inclusão - Docente', 'Planejamento', 'Gestão do desenvolvimento de pessoas']","['Ensino', 'Uso de TIC']"
baseline_frequency_topk,5,26,"['Ensino', 'Orientação', 'Acessibilidade e inclusão - Docente', 'Planejamento', 'Gestão do desenvolvimento de pessoas']","['Comunicação', 'Comunicação efetiva', 'Comunicação interpessoal', 'Promoção da Inclusão e Acessibilidade', 'Relações institucionais']"
baseline_frequency_topk,5,27,"['Ensino', 'Orientação', 'Acessibilidade e inclusão - Docente', 'Planejamento', 'Gestão do desenvolvimento de pessoas']","['Ensino', 'Orientação']"
baseline_frequency_topk,5,28,"['Ensino', 'Orientação', 'Acessibilidade e inclusão - Docente', 'Planejamento', 'Gestão do desenvolvimento de pessoas']","['Ensino', 'Orientação']"
baseline_frequency_topk,5,29,"['Ensino', 'Orientação', 'Acessibilidade e inclusão - Docente', 'Planejamento', 'Gestão do desenvolvimento de pessoas']","['Criação de conteúdo digital', 'Criação e modificação', 'Gerenciamento digital', 'Mentalidade Digital', 'Uso de TIC']"
baseline_frequency_topk,5,30,"['Ensino', 'Orientação', 'Acessibilidade e inclusão - Docente', 'Planejamento', 'Gestão do desenvolvimento de pessoas']","['Gestão do trabalho em equipe', 'Liderança eficaz', 'Trabalho em equipe']"
baseline_frequency_topk,5,31,"['Ensino', 'Orientação', 'Acessibilidade e inclusão - Docente', 'Planejamento', 'Gestão do desenvolvimento de pessoas']","['Aprendizagem colaborativa', 'Envolvimento ativo']"
baseline_frequency_topk,5,32,"['Ensino', 'Orientação', 'Acessibilidade e inclusão - Docente', 'Planejamento', 'Gestão do desenvolvimento de pessoas']","['Contribuição técnico-profissional', 'Desenvolvimento Profissional Contínuo (DPC) digital']"
baseline_frequency_topk,5,33,"['Ensino', 'Orientação', 'Acessibilidade e inclusão - Docente', 'Planejamento', 'Gestão do desenvolvimento de pessoas']","['Aprendizagem colaborativa', 'Ensino', 'Envolvimento ativo', 'Estratégias de avaliação', 'Literacia da informação e das mídias', 'Orientação', 'Resolução de problemas digitais']"
baseline_frequency_topk,5,34,"['Ensino', 'Orientação', 'Acessibilidade e inclusão - Docente', 'Planejamento', 'Gestão do desenvolvimento de pessoas']","['Desenvolvimento Profissional Contínuo (DPC) digital', 'Gestão da qualidade']"
baseline_frequency_topk,5,35,"['Ensino', 'Orientação', 'Acessibilidade e inclusão - Docente', 'Planejamento', 'Gestão do desenvolvimento de pessoas']","['Ensino', 'Orientação']"
baseline_frequency_topk,5,36,"['Ensino', 'Orientação', 'Acessibilidade e inclusão - Docente', 'Planejamento', 'Gestão do desenvolvimento de pessoas']","['Foco nos resultados para os cidadãos', 'Liderança eficaz']"
baseline_frequency_topk,5,37,"['Ensino', 'Orientação', 'Acessibilidade e inclusão - Docente', 'Planejamento', 'Gestão do desenvolvimento de pessoas']","['Orientação ao cidadão', 'Planejamento']"
baseline_frequency_topk,5,38,"['Ensino', 'Orientação', 'Acessibilidade e inclusão - Docente', 'Planejamento', 'Gestão do desenvolvimento de pessoas']","['Ensino', 'Orientação']"
baseline_frequency_topk,5,39,"['Ensino', 'Orientação', 'Acessibilidade e inclusão - Docente', 'Planejamento', 'Gestão do desenvolvimento de pessoas']",['Gerenciamento de recursos']
baseline_frequency_topk,5,40,"['Ensino', 'Orientação', 'Acessibilidade e inclusão - Docente', 'Planejamento', 'Gestão do desenvolvimento de pessoas']","['Acessibilidade e inclusão - Docente', 'Diferenciação e personalização', 'Ensino', 'Promoção da Inclusão e Acessibilidade', 'Prática reflexiva']"
baseline_frequency_topk,5,41,"['Ensino', 'Orientação', 'Acessibilidade e inclusão - Docente', 'Planejamento', 'Gestão do desenvolvimento de pessoas']","['Criação de conteúdo digital', 'Criação e modificação']"
baseline_frequency_topk,5,42,"['Ensino', 'Orientação', 'Acessibilidade e inclusão - Docente', 'Planejamento', 'Gestão do desenvolvimento de pessoas']",['Planejamento']
baseline_frequency_topk,5,43,"['Ensino', 'Orientação', 'Acessibilidade e inclusão - Docente', 'Planejamento', 'Gestão do desenvolvimento de pessoas']","['Ensino', 'Orientação']"
baseline_frequency_topk,5,44,"['Ensino', 'Orientação', 'Acessibilidade e inclusão - Docente', 'Planejamento', 'Gestão do desenvolvimento de pessoas']","['Ensino', 'Orientação']"
baseline_frequency_topk,5,45,"['Ensino', 'Orientação', 'Acessibilidade e inclusão - Docente', 'Planejamento', 'Gestão do desenvolvimento de pessoas']","['Gerenciamento de recursos', 'Inovação', 'Planejamento']"
baseline_frequency_topk,5,46,"['Ensino', 'Orientação', 'Acessibilidade e inclusão - Docente', 'Planejamento', 'Gestão do desenvolvimento de pessoas']","['Ensino', 'Orientação']"
baseline_frequency_topk,5,47,"['Ensino', 'Orientação', 'Acessibilidade e inclusão - Docente', 'Planejamento', 'Gestão do desenvolvimento de pessoas']","['Gestão do trabalho em equipe', 'Mentalidade Digital']"
baseline_frequency_topk,5,48,"['Ensino', 'Orientação', 'Acessibilidade e inclusão - Docente', 'Planejamento', 'Gestão do desenvolvimento de pessoas']",['Acessibilidade e inclusão - Docente']
baseline_frequency_topk,5,49,"['Ensino', 'Orientação', 'Acessibilidade e inclusão - Docente', 'Planejamento', 'Gestão do desenvolvimento de pessoas']","['Acessibilidade e inclusão - Docente', 'Diferenciação e personalização']"
baseline_frequency_topk,5,50,"['Ensino', 'Orientação', 'Acessibilidade e inclusão - Docente', 'Planejamento', 'Gestão do desenvolvimento de pessoas']","['Desenvolvimento Profissional Contínuo (DPC) digital', 'Estratégias de avaliação', 'Planejamento', 'Resolução de problemas com base em dados', 'Resolução de problemas digitais']"
baseline_frequency_topk,5,51,"['Ensino', 'Orientação', 'Acessibilidade e inclusão - Docente', 'Planejamento', 'Gestão do desenvolvimento de pessoas']","['Colaboração profissional', 'Desenvolvimento Profissional Contínuo (DPC) digital', 'Gerenciamento da mudança', 'Gerenciamento de recursos', 'Gerenciamento digital', 'Gestão do desenvolvimento de pessoas', 'Gestão do trabalho em equipe', 'Inovação', 'Mentalidade Digital', 'Organização da rotina', 'Uso de TIC']"
baseline_frequency_topk,5,52,"['Ensino', 'Orientação', 'Acessibilidade e inclusão - Docente', 'Planejamento', 'Gestão do desenvolvimento de pessoas']",['Seleção']
baseline_frequency_topk,5,53,"['Ensino', 'Orientação', 'Acessibilidade e inclusão - Docente', 'Planejamento', 'Gestão do desenvolvimento de pessoas']","['Acessibilidade e inclusão - Docente', 'Promoção da Inclusão e Acessibilidade']"
baseline_frequency_topk,5,54,"['Ensino', 'Orientação', 'Acessibilidade e inclusão - Docente', 'Planejamento', 'Gestão do desenvolvimento de pessoas']","['Comunicação institucional', 'Literacia da informação e das mídias']"
baseline_frequency_topk,5,55,"['Ensino', 'Orientação', 'Acessibilidade e inclusão - Docente', 'Planejamento', 'Gestão do desenvolvimento de pessoas']",['Comunicação efetiva']
baseline_frequency_topk,5,56,"['Ensino', 'Orientação', 'Acessibilidade e inclusão - Docente', 'Planejamento', 'Gestão do desenvolvimento de pessoas']",['Planejamento']
baseline_frequency_topk,5,57,"['Ensino', 'Orientação', 'Acessibilidade e inclusão - Docente', 'Planejamento', 'Gestão do desenvolvimento de pessoas']",['Orientação ao cidadão']
baseline_frequency_topk,5,58,"['Ensino', 'Orientação', 'Acessibilidade e inclusão - Docente', 'Planejamento', 'Gestão do desenvolvimento de pessoas']",['Uso de TIC']
baseline_frequency_topk,5,59,"['Ensino', 'Orientação', 'Acessibilidade e inclusão - Docente', 'Planejamento', 'Gestão do desenvolvimento de pessoas']",['Orientações por valores éticos']
baseline_frequency_topk,5,60,"['Ensino', 'Orientação', 'Acessibilidade e inclusão - Docente', 'Planejamento', 'Gestão do desenvolvimento de pessoas']",['Planejamento']
baseline_frequency_topk,5,61,"['Ensino', 'Orientação', 'Acessibilidade e inclusão - Docente', 'Planejamento', 'Gestão do desenvolvimento de pessoas']","['Ensino', 'Orientação']"
baseline_frequency_topk,5,62,"['Ensino', 'Orientação', 'Acessibilidade e inclusão - Docente', 'Planejamento', 'Gestão do desenvolvimento de pessoas']","['Gestão do desenvolvimento de pessoas', 'Uso de TIC']"
baseline_frequency_topk,5,63,"['Ensino', 'Orientação', 'Acessibilidade e inclusão - Docente', 'Planejamento', 'Gestão do desenvolvimento de pessoas']","['Ensino', 'Orientação']"
baseline_frequency_topk,5,64,"['Ensino', 'Orientação', 'Acessibilidade e inclusão - Docente', 'Planejamento', 'Gestão do desenvolvimento de pessoas']","['Ensino', 'Orientação']"
baseline_frequency_topk,5,65,"['Ensino', 'Orientação', 'Acessibilidade e inclusão - Docente', 'Planejamento', 'Gestão do desenvolvimento de pessoas']",['Envolvimento ativo']
baseline_frequency_topk,5,66,"['Ensino', 'Orientação', 'Acessibilidade e inclusão - Docente', 'Planejamento', 'Gestão do desenvolvimento de pessoas']",['Análise de problemas']
baseline_frequency_topk,5,67,"['Ensino', 'Orientação', 'Acessibilidade e inclusão - Docente', 'Planejamento', 'Gestão do desenvolvimento de pessoas']",['Gerenciamento de recursos']
baseline_frequency_topk,7,0,"['Ensino', 'Orientação', 'Acessibilidade e inclusão - Docente', 'Planejamento', 'Gestão do desenvolvimento de pessoas', 'Diferenciação e personalização', 'Criação de conteúdo digital']","['Ensino', 'Orientação']"
baseline_frequency_topk,7,1,"['Ensino', 'Orientação', 'Acessibilidade e inclusão - Docente', 'Planejamento', 'Gestão do desenvolvimento de pessoas', 'Diferenciação e personalização', 'Criação de conteúdo digital']","['Ensino', 'Orientação']"
baseline_frequency_topk,7,2,"['Ensino', 'Orientação', 'Acessibilidade e inclusão - Docente', 'Planejamento', 'Gestão do desenvolvimento de pessoas', 'Diferenciação e personalização', 'Criação de conteúdo digital']","['Acessibilidade e inclusão - Docente', 'Diferenciação e personalização']"
baseline_frequency_topk,7,3,"['Ensino', 'Orientação', 'Acessibilidade e inclusão - Docente', 'Planejamento', 'Gestão do desenvolvimento de pessoas', 'Diferenciação e personalização', 'Criação de conteúdo digital']","['Acessibilidade e inclusão - Docente', 'Promoção da Inclusão e Acessibilidade']"
baseline_frequency_topk,7,4,"['Ensino', 'Orientação', 'Acessibilidade e inclusão - Docente', 'Planejamento', 'Gestão do desenvolvimento de pessoas', 'Diferenciação e personalização', 'Criação de conteúdo digital']","['Criação de conteúdo digital', 'Criação e modificação', 'Ensino', 'Seleção']"
baseline_frequency_topk,7,5,"['Ensino', 'Orientação', 'Acessibilidade e inclusão - Docente', 'Planejamento', 'Gestão do desenvolvimento de pessoas', 'Diferenciação e personalização', 'Criação de conteúdo digital']","['Colaboração profissional', 'Gestão do desenvolvimento de pessoas', 'Prática reflexiva']"
baseline_frequency_topk,7,6,"['Ensino', 'Orientação', 'Acessibilidade e inclusão - Docente', 'Planejamento', 'Gestão do desenvolvimento de pessoas', 'Diferenciação e personalização', 'Criação de conteúdo digital']","['Criação de conteúdo digital', 'Desenvolvimento Profissional Contínuo (DPC) digital', 'Ensino', 'Literacia da informação e das mídias', 'Seleção']"
baseline_frequency_topk,7,7,"['Ensino', 'Orientação', 'Acessibilidade e inclusão - Docente', 'Planejamento', 'Gestão do desenvolvimento de pessoas', 'Diferenciação e personalização', 'Criação de conteúdo digital']",['Comunicação efetiva']
baseline_frequency_topk,7,8,"['Ensino', 'Orientação', 'Acessibilidade e inclusão - Docente', 'Planejamento', 'Gestão do desenvolvimento de pessoas', 'Diferenciação e personalização', 'Criação de conteúdo digital']",['Gerenciamento de recursos']
baseline_frequency_topk,7,9,"['Ensino', 'Orientação', 'Acessibilidade e inclusão - Docente', 'Planejamento', 'Gestão do desenvolvimento de pessoas', 'Diferenciação e personalização', 'Criação de conteúdo digital']","['Estratégias de avaliação', 'Feedback e planificação']"
baseline_frequency_topk,7,10,"['Ensino', 'Orientação', 'Acessibilidade e inclusão - Docente', 'Planejamento', 'Gestão do desenvolvimento de pessoas', 'Diferenciação e personalização', 'Criação de conteúdo digital']","['Foco nos resultados para os cidadãos', 'Gerenciamento de recursos', 'Gestão da qualidade']"
baseline_frequency_topk,7,11,"['Ensino', 'Orientação', 'Acessibilidade e inclusão - Docente', 'Planejamento', 'Gestão do desenvolvimento de pessoas', 'Diferenciação e personalização', 'Criação de conteúdo digital']","['Aprendizagem autorregulada', 'Desenvolvimento Profissional Contínuo (DPC) digital', 'Ensino']"
baseline_frequency_topk,7,12,"['Ensino', 'Orientação', 'Acessibilidade e inclusão - Docente', 'Planejamento', 'Gestão do desenvolvimento de pessoas', 'Diferenciação e personalização', 'Criação de conteúdo digital']","['Análise de evidências', 'Ensino', 'Estratégias de avaliação', 'Feedback e planificação', 'Gestão do desenvolvimento de pessoas', 'Orientação']"
baseline_frequency_topk,7,13,"['Ensino', 'Orientação', 'Acessibilidade e inclusão - Docente', 'Planejamento', 'Gestão do desenvolvimento de pessoas', 'Diferenciação e personalização', 'Criação de conteúdo digital']",['Gestão do desenvolvimento de pessoas']
baseline_frequency_topk,7,14,"['Ensino', 'Orientação', 'Acessibilidade e inclusão - Docente', 'Planejamento', 'Gestão do desenvolvimento de pessoas', 'Diferenciação e personalização', 'Criação de conteúdo digital']","['Desenvolvimento Profissional Contínuo (DPC) digital', 'Ensino', 'Foco nos resultados para os cidadãos']"
baseline_frequency_topk,7,15,"['Ensino', 'Orientação', 'Acessibilidade e inclusão - Docente', 'Planejamento', 'Gestão do desenvolvimento de pessoas', 'Diferenciação e personalização', 'Criação de conteúdo digital']","['Inovação', 'Mentalidade Digital', 'Trabalho em equipe', 'Visão Sistêmica']"
baseline_frequency_topk,7,16,"['Ensino', 'Orientação', 'Acessibilidade e inclusão - Docente', 'Planejamento', 'Gestão do desenvolvimento de pessoas', 'Diferenciação e personalização', 'Criação de conteúdo digital']","['Foco nos resultados para os cidadãos', 'Gestão da qualidade']"
baseline_frequency_topk,7,17,"['Ensino', 'Orientação', 'Acessibilidade e inclusão - Docente', 'Planejamento', 'Gestão do desenvolvimento de pessoas', 'Diferenciação e personalização', 'Criação de conteúdo digital']","['Acessibilidade e inclusão - Docente', 'Diferenciação e personalização', 'Ensino', 'Gestão do desenvolvimento de pessoas', 'Orientação']"
baseline_frequency_topk,7,18,"['Ensino', 'Orientação', 'Acessibilidade e inclusão - Docente', 'Planejamento', 'Gestão do desenvolvimento de pessoas', 'Diferenciação e personalização', 'Criação de conteúdo digital']","['Comunicação', 'Comunicação e colaboração digital', 'Comunicação efetiva', 'Comunicação institucional', 'Comunicação interpessoal', 'Criação de conteúdo digital', 'Gestão do desenvolvimento de pessoas', 'Gestão do trabalho em equipe', 'Orientação ao cidadão', 'Relações institucionais']"
baseline_frequency_topk,7,19,"['Ensino', 'Orientação', 'Acessibilidade e inclusão - Docente', 'Planejamento', 'Gestão do desenvolvimento de pessoas', 'Diferenciação e personalização', 'Criação de conteúdo digital']","['Aprendizagem autorregulada', 'Criação de conteúdo digital', 'Criação e modificação']"
baseline_frequency_topk,7,20,"['Ensino', 'Orientação', 'Acessibilidade e inclusão - Docente', 'Planejamento', 'Gestão do desenvolvimento de pessoas', 'Diferenciação e personalização', 'Criação de conteúdo digital']",['Planejamento']
baseline_frequency_topk,7,21,"['Ensino', 'Orientação', 'Acessibilidade e inclusão - Docente', 'Planejamento', 'Gestão do desenvolvimento de pessoas', 'Diferenciação e personalização', 'Criação de conteúdo digital']","['Análise de evidências', 'Estratégias de avaliação', 'Feedback e planificação']"
baseline_frequency_topk,7,22,"['Ensino', 'Orientação', 'Acessibilidade e inclusão - Docente', 'Planejamento', 'Gestão do desenvolvimento de pessoas', 'Diferenciação e personalização', 'Criação de conteúdo digital']","['Ensino', 'Orientação']"
baseline_frequency_topk,7,23,"['Ensino', 'Orientação', 'Acessibilidade e inclusão - Docente', 'Planejamento', 'Gestão do desenvolvimento de pessoas', 'Diferenciação e personalização', 'Criação de conteúdo digital']","['Comunicação e colaboração digital', 'Criação de conteúdo digital']"
baseline_frequency_topk,7,24,"['Ensino', 'Orientação', 'Acessibilidade e inclusão - Docente', 'Planejamento', 'Gestão do desenvolvimento de pessoas', 'Diferenciação e personalização', 'Criação de conteúdo digital']",['Comunicação interpessoal']
baseline_frequency_topk,7,25,"['Ensino', 'Orientação', 'Acessibilidade e inclusão - Docente', 'Planejamento', 'Gestão do desenvolvimento de pessoas', 'Diferenciação e personalização', 'Criação de conteúdo digital']","['Ensino', 'Uso de TIC']"
baseline_frequency_topk,7,26,"['Ensino', 'Orientação', 'Acessibilidade e inclusão - Docente', 'Planejamento', 'Gestão do desenvolvimento de pessoas', 'Diferenciação e personalização', 'Criação de conteúdo digital']","['Comunicação', 'Comunicação efetiva', 'Comunicação interpessoal', 'Promoção da Inclusão e Acessibilidade', 'Relações institucionais']"
baseline_frequency_topk,7,27,"['Ensino', 'Orientação', 'Acessibilidade e inclusão - Docente', 'Planejamento', 'Gestão do desenvolvimento de pessoas', 'Diferenciação e personalização', 'Criação de conteúdo digital']","['Ensino', 'Orientação']"
baseline_frequency_topk,7,28,"['Ensino', 'Orientação', 'Acessibilidade e inclusão - Docente', 'Planejamento', 'Gestão do desenvolvimento de pessoas', 'Diferenciação e personalização', 'Criação de conteúdo digital']","['Ensino', 'Orientação']"
baseline_frequency_topk,7,29,"['Ensino', 'Orientação', 'Acessibilidade e inclusão - Docente', 'Planejamento', 'Gestão do desenvolvimento de pessoas', 'Diferenciação e personalização', 'Criação de conteúdo digital']","['Criação de conteúdo digital', 'Criação e modificação', 'Gerenciamento digital', 'Mentalidade Digital', 'Uso de TIC']"
baseline_frequency_topk,7,30,"['Ensino', 'Orientação', 'Acessibilidade e inclusão - Docente', 'Planejamento', 'Gestão do desenvolvimento de pessoas', 'Diferenciação e personalização', 'Criação de conteúdo digital']","['Gestão do trabalho em equipe', 'Liderança eficaz', 'Trabalho em equipe']"
baseline_frequency_topk,7,31,"['Ensino', 'Orientação', 'Acessibilidade e inclusão - Docente', 'Planejamento', 'Gestão do desenvolvimento de pessoas', 'Diferenciação e personalização', 'Criação de conteúdo digital']","['Aprendizagem colaborativa', 'Envolvimento ativo']"
baseline_frequency_topk,7,32,"['Ensino', 'Orientação', 'Acessibilidade e inclusão - Docente', 'Planejamento', 'Gestão do desenvolvimento de pessoas', 'Diferenciação e personalização', 'Criação de conteúdo digital']","['Contribuição técnico-profissional', 'Desenvolvimento Profissional Contínuo (DPC) digital']"
baseline_frequency_topk,7,33,"['Ensino', 'Orientação', 'Acessibilidade e inclusão - Docente', 'Planejamento', 'Gestão do desenvolvimento de pessoas', 'Diferenciação e personalização', 'Criação de conteúdo digital']","['Aprendizagem colaborativa', 'Ensino', 'Envolvimento ativo', 'Estratégias de avaliação', 'Literacia da informação e das mídias', 'Orientação', 'Resolução de problemas digitais']"
baseline_frequency_topk,7,34,"['Ensino', 'Orientação', 'Acessibilidade e inclusão - Docente', 'Planejamento', 'Gestão do desenvolvimento de pessoas', 'Diferenciação e personalização', 'Criação de conteúdo digital']","['Desenvolvimento Profissional Contínuo (DPC) digital', 'Gestão da qualidade']"
baseline_frequency_topk,7,35,"['Ensino', 'Orientação', 'Acessibilidade e inclusão - Docente', 'Planejamento', 'Gestão do desenvolvimento de pessoas', 'Diferenciação e personalização', 'Criação de conteúdo digital']","['Ensino', 'Orientação']"
baseline_frequency_topk,7,36,"['Ensino', 'Orientação', 'Acessibilidade e inclusão - Docente', 'Planejamento', 'Gestão do desenvolvimento de pessoas', 'Diferenciação e personalização', 'Criação de conteúdo digital']","['Foco nos resultados para os cidadãos', 'Liderança eficaz']"
baseline_frequency_topk,7,37,"['Ensino', 'Orientação', 'Acessibilidade e inclusão - Docente', 'Planejamento', 'Gestão do desenvolvimento de pessoas', 'Diferenciação e personalização', 'Criação de conteúdo digital']","['Orientação ao cidadão', 'Planejamento']"
baseline_frequency_topk,7,38,"['Ensino', 'Orientação', 'Acessibilidade e inclusão - Docente', 'Planejamento', 'Gestão do desenvolvimento de pessoas', 'Diferenciação e personalização', 'Criação de conteúdo digital']","['Ensino', 'Orientação']"
baseline_frequency_topk,7,39,"['Ensino', 'Orientação', 'Acessibilidade e inclusão - Docente', 'Planejamento', 'Gestão do desenvolvimento de pessoas', 'Diferenciação e personalização', 'Criação de conteúdo digital']",['Gerenciamento de recursos']
baseline_frequency_topk,7,40,"['Ensino', 'Orientação', 'Acessibilidade e inclusão - Docente', 'Planejamento', 'Gestão do desenvolvimento de pessoas', 'Diferenciação e personalização', 'Criação de conteúdo digital']","['Acessibilidade e inclusão - Docente', 'Diferenciação e personalização', 'Ensino', 'Promoção da Inclusão e Acessibilidade', 'Prática reflexiva']"
baseline_frequency_topk,7,41,"['Ensino', 'Orientação', 'Acessibilidade e inclusão - Docente', 'Planejamento', 'Gestão do desenvolvimento de pessoas', 'Diferenciação e personalização', 'Criação de conteúdo digital']","['Criação de conteúdo digital', 'Criação e modificação']"
baseline_frequency_topk,7,42,"['Ensino', 'Orientação', 'Acessibilidade e inclusão - Docente', 'Planejamento', 'Gestão do desenvolvimento de pessoas', 'Diferenciação e personalização', 'Criação de conteúdo digital']",['Planejamento']
baseline_frequency_topk,7,43,"['Ensino', 'Orientação', 'Acessibilidade e inclusão - Docente', 'Planejamento', 'Gestão do desenvolvimento de pessoas', 'Diferenciação e personalização', 'Criação de conteúdo digital']","['Ensino', 'Orientação']"
baseline_frequency_topk,7,44,"['Ensino', 'Orientação', 'Acessibilidade e inclusão - Docente', 'Planejamento', 'Gestão do desenvolvimento de pessoas', 'Diferenciação e personalização', 'Criação de conteúdo digital']","['Ensino', 'Orientação']"
baseline_frequency_topk,7,45,"['Ensino', 'Orientação', 'Acessibilidade e inclusão - Docente', 'Planejamento', 'Gestão do desenvolvimento de pessoas', 'Diferenciação e personalização', 'Criação de conteúdo digital']","['Gerenciamento de recursos', 'Inovação', 'Planejamento']"
baseline_frequency_topk,7,46,"['Ensino', 'Orientação', 'Acessibilidade e inclusão - Docente', 'Planejamento', 'Gestão do desenvolvimento de pessoas', 'Diferenciação e personalização', 'Criação de conteúdo digital']","['Ensino', 'Orientação']"
baseline_frequency_topk,7,47,"['Ensino', 'Orientação', 'Acessibilidade e inclusão - Docente', 'Planejamento', 'Gestão do desenvolvimento de pessoas', 'Diferenciação e personalização', 'Criação de conteúdo digital']","['Gestão do trabalho em equipe', 'Mentalidade Digital']"
baseline_frequency_topk,7,48,"['Ensino', 'Orientação', 'Acessibilidade e inclusão - Docente', 'Planejamento', 'Gestão do desenvolvimento de pessoas', 'Diferenciação e personalização', 'Criação de conteúdo digital']",['Acessibilidade e inclusão - Docente']
baseline_frequency_topk,7,49,"['Ensino', 'Orientação', 'Acessibilidade e inclusão - Docente', 'Planejamento', 'Gestão do desenvolvimento de pessoas', 'Diferenciação e personalização', 'Criação de conteúdo digital']","['Acessibilidade e inclusão - Docente', 'Diferenciação e personalização']"
baseline_frequency_topk,7,50,"['Ensino', 'Orientação', 'Acessibilidade e inclusão - Docente', 'Planejamento', 'Gestão do desenvolvimento de pessoas', 'Diferenciação e personalização', 'Criação de conteúdo digital']","['Desenvolvimento Profissional Contínuo (DPC) digital', 'Estratégias de avaliação', 'Planejamento', 'Resolução de problemas com base em dados', 'Resolução de problemas digitais']"
baseline_frequency_topk,7,51,"['Ensino', 'Orientação', 'Acessibilidade e inclusão - Docente', 'Planejamento', 'Gestão do desenvolvimento de pessoas', 'Diferenciação e personalização', 'Criação de conteúdo digital']","['Colaboração profissional', 'Desenvolvimento Profissional Contínuo (DPC) digital', 'Gerenciamento da mudança', 'Gerenciamento de recursos', 'Gerenciamento digital', 'Gestão do desenvolvimento de pessoas', 'Gestão do trabalho em equipe', 'Inovação', 'Mentalidade Digital', 'Organização da rotina', 'Uso de TIC']"
baseline_frequency_topk,7,52,"['Ensino', 'Orientação', 'Acessibilidade e inclusão - Docente', 'Planejamento', 'Gestão do desenvolvimento de pessoas', 'Diferenciação e personalização', 'Criação de conteúdo digital']",['Seleção']
baseline_frequency_topk,7,53,"['Ensino', 'Orientação', 'Acessibilidade e inclusão - Docente', 'Planejamento', 'Gestão do desenvolvimento de pessoas', 'Diferenciação e personalização', 'Criação de conteúdo digital']","['Acessibilidade e inclusão - Docente', 'Promoção da Inclusão e Acessibilidade']"
baseline_frequency_topk,7,54,"['Ensino', 'Orientação', 'Acessibilidade e inclusão - Docente', 'Planejamento', 'Gestão do desenvolvimento de pessoas', 'Diferenciação e personalização', 'Criação de conteúdo digital']","['Comunicação institucional', 'Literacia da informação e das mídias']"
baseline_frequency_topk,7,55,"['Ensino', 'Orientação', 'Acessibilidade e inclusão - Docente', 'Planejamento', 'Gestão do desenvolvimento de pessoas', 'Diferenciação e personalização', 'Criação de conteúdo digital']",['Comunicação efetiva']
baseline_frequency_topk,7,56,"['Ensino', 'Orientação', 'Acessibilidade e inclusão - Docente', 'Planejamento', 'Gestão do desenvolvimento de pessoas', 'Diferenciação e personalização', 'Criação de conteúdo digital']",['Planejamento']
baseline_frequency_topk,7,57,"['Ensino', 'Orientação', 'Acessibilidade e inclusão - Docente', 'Planejamento', 'Gestão do desenvolvimento de pessoas', 'Diferenciação e personalização', 'Criação de conteúdo digital']",['Orientação ao cidadão']
baseline_frequency_topk,7,58,"['Ensino', 'Orientação', 'Acessibilidade e inclusão - Docente', 'Planejamento', 'Gestão do desenvolvimento de pessoas', 'Diferenciação e personalização', 'Criação de conteúdo digital']",['Uso de TIC']
baseline_frequency_topk,7,59,"['Ensino', 'Orientação', 'Acessibilidade e inclusão - Docente', 'Planejamento', 'Gestão do desenvolvimento de pessoas', 'Diferenciação e personalização', 'Criação de conteúdo digital']",['Orientações por valores éticos']
baseline_frequency_topk,7,60,"['Ensino', 'Orientação', 'Acessibilidade e inclusão - Docente', 'Planejamento', 'Gestão do desenvolvimento de pessoas', 'Diferenciação e personalização', 'Criação de conteúdo digital']",['Planejamento']
baseline_frequency_topk,7,61,"['Ensino', 'Orientação', 'Acessibilidade e inclusão - Docente', 'Planejamento', 'Gestão do desenvolvimento de pessoas', 'Diferenciação e personalização', 'Criação de conteúdo digital']","['Ensino', 'Orientação']"
baseline_frequency_topk,7,62,"['Ensino', 'Orientação', 'Acessibilidade e inclusão - Docente', 'Planejamento', 'Gestão do desenvolvimento de pessoas', 'Diferenciação e personalização', 'Criação de conteúdo digital']","['Gestão do desenvolvimento de pessoas', 'Uso de TIC']"
baseline_frequency_topk,7,63,"['Ensino', 'Orientação', 'Acessibilidade e inclusão - Docente', 'Planejamento', 'Gestão do desenvolvimento de pessoas', 'Diferenciação e personalização', 'Criação de conteúdo digital']","['Ensino', 'Orientação']"
baseline_frequency_topk,7,64,"['Ensino', 'Orientação', 'Acessibilidade e inclusão - Docente', 'Planejamento', 'Gestão do desenvolvimento de pessoas', 'Diferenciação e personalização', 'Criação de conteúdo digital']","['Ensino', 'Orientação']"
baseline_frequency_topk,7,65,"['Ensino', 'Orientação', 'Acessibilidade e inclusão - Docente', 'Planejamento', 'Gestão do desenvolvimento de pessoas', 'Diferenciação e personalização', 'Criação de conteúdo digital']",['Envolvimento ativo']
baseline_frequency_topk,7,66,"['Ensino', 'Orientação', 'Acessibilidade e inclusão - Docente', 'Planejamento', 'Gestão do desenvolvimento de pessoas', 'Diferenciação e personalização', 'Criação de conteúdo digital']",['Análise de problemas']
baseline_frequency_topk,7,67,"['Ensino', 'Orientação', 'Acessibilidade e inclusão - Docente', 'Planejamento', 'Gestão do desenvolvimento de pessoas', 'Diferenciação e personalização', 'Criação de conteúdo digital']",['Gerenciamento de recursos']
baseline_frequency_topk,10,0,"['Ensino', 'Orientação', 'Acessibilidade e inclusão - Docente', 'Planejamento', 'Gestão do desenvolvimento de pessoas', 'Diferenciação e personalização', 'Criação de conteúdo digital', 'Resolução de problemas com base em dados', 'Comunicação efetiva', 'Gerenciamento de recursos']","['Ensino', 'Orientação']"
baseline_frequency_topk,10,1,"['Ensino', 'Orientação', 'Acessibilidade e inclusão - Docente', 'Planejamento', 'Gestão do desenvolvimento de pessoas', 'Diferenciação e personalização', 'Criação de conteúdo digital', 'Resolução de problemas com base em dados', 'Comunicação efetiva', 'Gerenciamento de recursos']","['Ensino', 'Orientação']"
baseline_frequency_topk,10,2,"['Ensino', 'Orientação', 'Acessibilidade e inclusão - Docente', 'Planejamento', 'Gestão do desenvolvimento de pessoas', 'Diferenciação e personalização', 'Criação de conteúdo digital', 'Resolução de problemas com base em dados', 'Comunicação efetiva', 'Gerenciamento de recursos']","['Acessibilidade e inclusão - Docente', 'Diferenciação e personalização']"
baseline_frequency_topk,10,3,"['Ensino', 'Orientação', 'Acessibilidade e inclusão - Docente', 'Planejamento', 'Gestão do desenvolvimento de pessoas', 'Diferenciação e personalização', 'Criação de conteúdo digital', 'Resolução de problemas com base em dados', 'Comunicação efetiva', 'Gerenciamento de recursos']","['Acessibilidade e inclusão - Docente', 'Promoção da Inclusão e Acessibilidade']"
baseline_frequency_topk,10,4,"['Ensino', 'Orientação', 'Acessibilidade e inclusão - Docente', 'Planejamento', 'Gestão do desenvolvimento de pessoas', 'Diferenciação e personalização', 'Criação de conteúdo digital', 'Resolução de problemas com base em dados', 'Comunicação efetiva', 'Gerenciamento de recursos']","['Criação de conteúdo digital', 'Criação e modificação', 'Ensino', 'Seleção']"
baseline_frequency_topk,10,5,"['Ensino', 'Orientação', 'Acessibilidade e inclusão - Docente', 'Planejamento', 'Gestão do desenvolvimento de pessoas', 'Diferenciação e personalização', 'Criação de conteúdo digital', 'Resolução de problemas com base em dados', 'Comunicação efetiva', 'Gerenciamento de recursos']","['Colaboração profissional', 'Gestão do desenvolvimento de pessoas', 'Prática reflexiva']"
baseline_frequency_topk,10,6,"['Ensino', 'Orientação', 'Acessibilidade e inclusão - Docente', 'Planejamento', 'Gestão do desenvolvimento de pessoas', 'Diferenciação e personalização', 'Criação de conteúdo digital', 'Resolução de problemas com base em dados', 'Comunicação efetiva', 'Gerenciamento de recursos']","['Criação de conteúdo digital', 'Desenvolvimento Profissional Contínuo (DPC) digital', 'Ensino', 'Literacia da informação e das mídias', 'Seleção']"
baseline_frequency_topk,10,7,"['Ensino', 'Orientação', 'Acessibilidade e inclusão - Docente', 'Planejamento', 'Gestão do desenvolvimento de pessoas', 'Diferenciação e personalização', 'Criação de conteúdo digital', 'Resolução de problemas com base em dados', 'Comunicação efetiva', 'Gerenciamento de recursos']",['Comunicação efetiva']
baseline_frequency_topk,10,8,"['Ensino', 'Orientação', 'Acessibilidade e inclusão - Docente', 'Planejamento', 'Gestão do desenvolvimento de pessoas', 'Diferenciação e personalização', 'Criação de conteúdo digital', 'Resolução de problemas com base em dados', 'Comunicação efetiva', 'Gerenciamento de recursos']",['Gerenciamento de recursos']
baseline_frequency_topk,10,9,"['Ensino', 'Orientação', 'Acessibilidade e inclusão - Docente', 'Planejamento', 'Gestão do desenvolvimento de pessoas', 'Diferenciação e personalização', 'Criação de conteúdo digital', 'Resolução de problemas com base em dados', 'Comunicação efetiva', 'Gerenciamento de recursos']","['Estratégias de avaliação', 'Feedback e planificação']"
baseline_frequency_topk,10,10,"['Ensino', 'Orientação', 'Acessibilidade e inclusão - Docente', 'Planejamento', 'Gestão do desenvolvimento de pessoas', 'Diferenciação e personalização', 'Criação de conteúdo digital', 'Resolução de problemas com base em dados', 'Comunicação efetiva', 'Gerenciamento de recursos']","['Foco nos resultados para os cidadãos', 'Gerenciamento de recursos', 'Gestão da qualidade']"
baseline_frequency_topk,10,11,"['Ensino', 'Orientação', 'Acessibilidade e inclusão - Docente', 'Planejamento', 'Gestão do desenvolvimento de pessoas', 'Diferenciação e personalização', 'Criação de conteúdo digital', 'Resolução de problemas com base em dados', 'Comunicação efetiva', 'Gerenciamento de recursos']","['Aprendizagem autorregulada', 'Desenvolvimento Profissional Contínuo (DPC) digital', 'Ensino']"
baseline_frequency_topk,10,12,"['Ensino', 'Orientação', 'Acessibilidade e inclusão - Docente', 'Planejamento', 'Gestão do desenvolvimento de pessoas', 'Diferenciação e personalização', 'Criação de conteúdo digital', 'Resolução de problemas com base em dados', 'Comunicação efetiva', 'Gerenciamento de recursos']","['Análise de evidências', 'Ensino', 'Estratégias de avaliação', 'Feedback e planificação', 'Gestão do desenvolvimento de pessoas', 'Orientação']"
baseline_frequency_topk,10,13,"['Ensino', 'Orientação', 'Acessibilidade e inclusão - Docente', 'Planejamento', 'Gestão do desenvolvimento de pessoas', 'Diferenciação e personalização', 'Criação de conteúdo digital', 'Resolução de problemas com base em dados', 'Comunicação efetiva', 'Gerenciamento de recursos']",['Gestão do desenvolvimento de pessoas']
baseline_frequency_topk,10,14,"['Ensino', 'Orientação', 'Acessibilidade e inclusão - Docente', 'Planejamento', 'Gestão do desenvolvimento de pessoas', 'Diferenciação e personalização', 'Criação de conteúdo digital', 'Resolução de problemas com base em dados', 'Comunicação efetiva', 'Gerenciamento de recursos']","['Desenvolvimento Profissional Contínuo (DPC) digital', 'Ensino', 'Foco nos resultados para os cidadãos']"
baseline_frequency_topk,10,15,"['Ensino', 'Orientação', 'Acessibilidade e inclusão - Docente', 'Planejamento', 'Gestão do desenvolvimento de pessoas', 'Diferenciação e personalização', 'Criação de conteúdo digital', 'Resolução de problemas com base em dados', 'Comunicação efetiva', 'Gerenciamento de recursos']","['Inovação', 'Mentalidade Digital', 'Trabalho em equipe', 'Visão Sistêmica']"
baseline_frequency_topk,10,16,"['Ensino', 'Orientação', 'Acessibilidade e inclusão - Docente', 'Planejamento', 'Gestão do desenvolvimento de pessoas', 'Diferenciação e personalização', 'Criação de conteúdo digital', 'Resolução de problemas com base em dados', 'Comunicação efetiva', 'Gerenciamento de recursos']","['Foco nos resultados para os cidadãos', 'Gestão da qualidade']"
baseline_frequency_topk,10,17,"['Ensino', 'Orientação', 'Acessibilidade e inclusão - Docente', 'Planejamento', 'Gestão do desenvolvimento de pessoas', 'Diferenciação e personalização', 'Criação de conteúdo digital', 'Resolução de problemas com base em dados', 'Comunicação efetiva', 'Gerenciamento de recursos']","['Acessibilidade e inclusão - Docente', 'Diferenciação e personalização', 'Ensino', 'Gestão do desenvolvimento de pessoas', 'Orientação']"
baseline_frequency_topk,10,18,"['Ensino', 'Orientação', 'Acessibilidade e inclusão - Docente', 'Planejamento', 'Gestão do desenvolvimento de pessoas', 'Diferenciação e personalização', 'Criação de conteúdo digital', 'Resolução de problemas com base em dados', 'Comunicação efetiva', 'Gerenciamento de recursos']","['Comunicação', 'Comunicação e colaboração digital', 'Comunicação efetiva', 'Comunicação institucional', 'Comunicação interpessoal', 'Criação de conteúdo digital', 'Gestão do desenvolvimento de pessoas', 'Gestão do trabalho em equipe', 'Orientação ao cidadão', 'Relações institucionais']"
baseline_frequency_topk,10,19,"['Ensino', 'Orientação', 'Acessibilidade e inclusão - Docente', 'Planejamento', 'Gestão do desenvolvimento de pessoas', 'Diferenciação e personalização', 'Criação de conteúdo digital', 'Resolução de problemas com base em dados', 'Comunicação efetiva', 'Gerenciamento de recursos']","['Aprendizagem autorregulada', 'Criação de conteúdo digital', 'Criação e modificação']"
baseline_frequency_topk,10,20,"['Ensino', 'Orientação', 'Acessibilidade e inclusão - Docente', 'Planejamento', 'Gestão do desenvolvimento de pessoas', 'Diferenciação e personalização', 'Criação de conteúdo digital', 'Resolução de problemas com base em dados', 'Comunicação efetiva', 'Gerenciamento de recursos']",['Planejamento']
baseline_frequency_topk,10,21,"['Ensino', 'Orientação', 'Acessibilidade e inclusão - Docente', 'Planejamento', 'Gestão do desenvolvimento de pessoas', 'Diferenciação e personalização', 'Criação de conteúdo digital', 'Resolução de problemas com base em dados', 'Comunicação efetiva', 'Gerenciamento de recursos']","['Análise de evidências', 'Estratégias de avaliação', 'Feedback e planificação']"
baseline_frequency_topk,10,22,"['Ensino', 'Orientação', 'Acessibilidade e inclusão - Docente', 'Planejamento', 'Gestão do desenvolvimento de pessoas', 'Diferenciação e personalização', 'Criação de conteúdo digital', 'Resolução de problemas com base em dados', 'Comunicação efetiva', 'Gerenciamento de recursos']","['Ensino', 'Orientação']"
baseline_frequency_topk,10,23,"['Ensino', 'Orientação', 'Acessibilidade e inclusão - Docente', 'Planejamento', 'Gestão do desenvolvimento de pessoas', 'Diferenciação e personalização', 'Criação de conteúdo digital', 'Resolução de problemas com base em dados', 'Comunicação efetiva', 'Gerenciamento de recursos']","['Comunicação e colaboração digital', 'Criação de conteúdo digital']"
baseline_frequency_topk,10,24,"['Ensino', 'Orientação', 'Acessibilidade e inclusão - Docente', 'Planejamento', 'Gestão do desenvolvimento de pessoas', 'Diferenciação e personalização', 'Criação de conteúdo digital', 'Resolução de problemas com base em dados', 'Comunicação efetiva', 'Gerenciamento de recursos']",['Comunicação interpessoal']
baseline_frequency_topk,10,25,"['Ensino', 'Orientação', 'Acessibilidade e inclusão - Docente', 'Planejamento', 'Gestão do desenvolvimento de pessoas', 'Diferenciação e personalização', 'Criação de conteúdo digital', 'Resolução de problemas com base em dados', 'Comunicação efetiva', 'Gerenciamento de recursos']","['Ensino', 'Uso de TIC']"
baseline_frequency_topk,10,26,"['Ensino', 'Orientação', 'Acessibilidade e inclusão - Docente', 'Planejamento', 'Gestão do desenvolvimento de pessoas', 'Diferenciação e personalização', 'Criação de conteúdo digital', 'Resolução de problemas com base em dados', 'Comunicação efetiva', 'Gerenciamento de recursos']","['Comunicação', 'Comunicação efetiva', 'Comunicação interpessoal', 'Promoção da Inclusão e Acessibilidade', 'Relações institucionais']"
baseline_frequency_topk,10,27,"['Ensino', 'Orientação', 'Acessibilidade e inclusão - Docente', 'Planejamento', 'Gestão do desenvolvimento de pessoas', 'Diferenciação e personalização', 'Criação de conteúdo digital', 'Resolução de problemas com base em dados', 'Comunicação efetiva', 'Gerenciamento de recursos']","['Ensino', 'Orientação']"
baseline_frequency_topk,10,28,"['Ensino', 'Orientação', 'Acessibilidade e inclusão - Docente', 'Planejamento', 'Gestão do desenvolvimento de pessoas', 'Diferenciação e personalização', 'Criação de conteúdo digital', 'Resolução de problemas com base em dados', 'Comunicação efetiva', 'Gerenciamento de recursos']","['Ensino', 'Orientação']"
baseline_frequency_topk,10,29,"['Ensino', 'Orientação', 'Acessibilidade e inclusão - Docente', 'Planejamento', 'Gestão do desenvolvimento de pessoas', 'Diferenciação e personalização', 'Criação de conteúdo digital', 'Resolução de problemas com base em dados', 'Comunicação efetiva', 'Gerenciamento de recursos']","['Criação de conteúdo digital', 'Criação e modificação', 'Gerenciamento digital', 'Mentalidade Digital', 'Uso de TIC']"
baseline_frequency_topk,10,30,"['Ensino', 'Orientação', 'Acessibilidade e inclusão - Docente', 'Planejamento', 'Gestão do desenvolvimento de pessoas', 'Diferenciação e personalização', 'Criação de conteúdo digital', 'Resolução de problemas com base em dados', 'Comunicação efetiva', 'Gerenciamento de recursos']","['Gestão do trabalho em equipe', 'Liderança eficaz', 'Trabalho em equipe']"
baseline_frequency_topk,10,31,"['Ensino', 'Orientação', 'Acessibilidade e inclusão - Docente', 'Planejamento', 'Gestão do desenvolvimento de pessoas', 'Diferenciação e personalização', 'Criação de conteúdo digital', 'Resolução de problemas com base em dados', 'Comunicação efetiva', 'Gerenciamento de recursos']","['Aprendizagem colaborativa', 'Envolvimento ativo']"
baseline_frequency_topk,10,32,"['Ensino', 'Orientação', 'Acessibilidade e inclusão - Docente', 'Planejamento', 'Gestão do desenvolvimento de pessoas', 'Diferenciação e personalização', 'Criação de conteúdo digital', 'Resolução de problemas com base em dados', 'Comunicação efetiva', 'Gerenciamento de recursos']","['Contribuição técnico-profissional', 'Desenvolvimento Profissional Contínuo (DPC) digital']"
baseline_frequency_topk,10,33,"['Ensino', 'Orientação', 'Acessibilidade e inclusão - Docente', 'Planejamento', 'Gestão do desenvolvimento de pessoas', 'Diferenciação e personalização', 'Criação de conteúdo digital', 'Resolução de problemas com base em dados', 'Comunicação efetiva', 'Gerenciamento de recursos']","['Aprendizagem colaborativa', 'Ensino', 'Envolvimento ativo', 'Estratégias de avaliação', 'Literacia da informação e das mídias', 'Orientação', 'Resolução de problemas digitais']"
baseline_frequency_topk,10,34,"['Ensino', 'Orientação', 'Acessibilidade e inclusão - Docente', 'Planejamento', 'Gestão do desenvolvimento de pessoas', 'Diferenciação e personalização', 'Criação de conteúdo digital', 'Resolução de problemas com base em dados', 'Comunicação efetiva', 'Gerenciamento de recursos']","['Desenvolvimento Profissional Contínuo (DPC) digital', 'Gestão da qualidade']"
baseline_frequency_topk,10,35,"['Ensino', 'Orientação', 'Acessibilidade e inclusão - Docente', 'Planejamento', 'Gestão do desenvolvimento de pessoas', 'Diferenciação e personalização', 'Criação de conteúdo digital', 'Resolução de problemas com base em dados', 'Comunicação efetiva', 'Gerenciamento de recursos']","['Ensino', 'Orientação']"
baseline_frequency_topk,10,36,"['Ensino', 'Orientação', 'Acessibilidade e inclusão - Docente', 'Planejamento', 'Gestão do desenvolvimento de pessoas', 'Diferenciação e personalização', 'Criação de conteúdo digital', 'Resolução de problemas com base em dados', 'Comunicação efetiva', 'Gerenciamento de recursos']","['Foco nos resultados para os cidadãos', 'Liderança eficaz']"
baseline_frequency_topk,10,37,"['Ensino', 'Orientação', 'Acessibilidade e inclusão - Docente', 'Planejamento', 'Gestão do desenvolvimento de pessoas', 'Diferenciação e personalização', 'Criação de conteúdo digital', 'Resolução de problemas com base em dados', 'Comunicação efetiva', 'Gerenciamento de recursos']","['Orientação ao cidadão', 'Planejamento']"
baseline_frequency_topk,10,38,"['Ensino', 'Orientação', 'Acessibilidade e inclusão - Docente', 'Planejamento', 'Gestão do desenvolvimento de pessoas', 'Diferenciação e personalização', 'Criação de conteúdo digital', 'Resolução de problemas com base em dados', 'Comunicação efetiva', 'Gerenciamento de recursos']","['Ensino', 'Orientação']"
baseline_frequency_topk,10,39,"['Ensino', 'Orientação', 'Acessibilidade e inclusão - Docente', 'Planejamento', 'Gestão do desenvolvimento de pessoas', 'Diferenciação e personalização', 'Criação de conteúdo digital', 'Resolução de problemas com base em dados', 'Comunicação efetiva', 'Gerenciamento de recursos']",['Gerenciamento de recursos']
baseline_frequency_topk,10,40,"['Ensino', 'Orientação', 'Acessibilidade e inclusão - Docente', 'Planejamento', 'Gestão do desenvolvimento de pessoas', 'Diferenciação e personalização', 'Criação de conteúdo digital', 'Resolução de problemas com base em dados', 'Comunicação efetiva', 'Gerenciamento de recursos']","['Acessibilidade e inclusão - Docente', 'Diferenciação e personalização', 'Ensino', 'Promoção da Inclusão e Acessibilidade', 'Prática reflexiva']"
baseline_frequency_topk,10,41,"['Ensino', 'Orientação', 'Acessibilidade e inclusão - Docente', 'Planejamento', 'Gestão do desenvolvimento de pessoas', 'Diferenciação e personalização', 'Criação de conteúdo digital', 'Resolução de problemas com base em dados', 'Comunicação efetiva', 'Gerenciamento de recursos']","['Criação de conteúdo digital', 'Criação e modificação']"
baseline_frequency_topk,10,42,"['Ensino', 'Orientação', 'Acessibilidade e inclusão - Docente', 'Planejamento', 'Gestão do desenvolvimento de pessoas', 'Diferenciação e personalização', 'Criação de conteúdo digital', 'Resolução de problemas com base em dados', 'Comunicação efetiva', 'Gerenciamento de recursos']",['Planejamento']
baseline_frequency_topk,10,43,"['Ensino', 'Orientação', 'Acessibilidade e inclusão - Docente', 'Planejamento', 'Gestão do desenvolvimento de pessoas', 'Diferenciação e personalização', 'Criação de conteúdo digital', 'Resolução de problemas com base em dados', 'Comunicação efetiva', 'Gerenciamento de recursos']","['Ensino', 'Orientação']"
baseline_frequency_topk,10,44,"['Ensino', 'Orientação', 'Acessibilidade e inclusão - Docente', 'Planejamento', 'Gestão do desenvolvimento de pessoas', 'Diferenciação e personalização', 'Criação de conteúdo digital', 'Resolução de problemas com base em dados', 'Comunicação efetiva', 'Gerenciamento de recursos']","['Ensino', 'Orientação']"
baseline_frequency_topk,10,45,"['Ensino', 'Orientação', 'Acessibilidade e inclusão - Docente', 'Planejamento', 'Gestão do desenvolvimento de pessoas', 'Diferenciação e personalização', 'Criação de conteúdo digital', 'Resolução de problemas com base em dados', 'Comunicação efetiva', 'Gerenciamento de recursos']","['Gerenciamento de recursos', 'Inovação', 'Planejamento']"
baseline_frequency_topk,10,46,"['Ensino', 'Orientação', 'Acessibilidade e inclusão - Docente', 'Planejamento', 'Gestão do desenvolvimento de pessoas', 'Diferenciação e personalização', 'Criação de conteúdo digital', 'Resolução de problemas com base em dados', 'Comunicação efetiva', 'Gerenciamento de recursos']","['Ensino', 'Orientação']"
baseline_frequency_topk,10,47,"['Ensino', 'Orientação', 'Acessibilidade e inclusão - Docente', 'Planejamento', 'Gestão do desenvolvimento de pessoas', 'Diferenciação e personalização', 'Criação de conteúdo digital', 'Resolução de problemas com base em dados', 'Comunicação efetiva', 'Gerenciamento de recursos']","['Gestão do trabalho em equipe', 'Mentalidade Digital']"
baseline_frequency_topk,10,48,"['Ensino', 'Orientação', 'Acessibilidade e inclusão - Docente', 'Planejamento', 'Gestão do desenvolvimento de pessoas', 'Diferenciação e personalização', 'Criação de conteúdo digital', 'Resolução de problemas com base em dados', 'Comunicação efetiva', 'Gerenciamento de recursos']",['Acessibilidade e inclusão - Docente']
baseline_frequency_topk,10,49,"['Ensino', 'Orientação', 'Acessibilidade e inclusão - Docente', 'Planejamento', 'Gestão do desenvolvimento de pessoas', 'Diferenciação e personalização', 'Criação de conteúdo digital', 'Resolução de problemas com base em dados', 'Comunicação efetiva', 'Gerenciamento de recursos']","['Acessibilidade e inclusão - Docente', 'Diferenciação e personalização']"
baseline_frequency_topk,10,50,"['Ensino', 'Orientação', 'Acessibilidade e inclusão - Docente', 'Planejamento', 'Gestão do desenvolvimento de pessoas', 'Diferenciação e personalização', 'Criação de conteúdo digital', 'Resolução de problemas com base em dados', 'Comunicação efetiva', 'Gerenciamento de recursos']","['Desenvolvimento Profissional Contínuo (DPC) digital', 'Estratégias de avaliação', 'Planejamento', 'Resolução de problemas com base em dados', 'Resolução de problemas digitais']"
baseline_frequency_topk,10,51,"['Ensino', 'Orientação', 'Acessibilidade e inclusão - Docente', 'Planejamento', 'Gestão do desenvolvimento de pessoas', 'Diferenciação e personalização', 'Criação de conteúdo digital', 'Resolução de problemas com base em dados', 'Comunicação efetiva', 'Gerenciamento de recursos']","['Colaboração profissional', 'Desenvolvimento Profissional Contínuo (DPC) digital', 'Gerenciamento da mudança', 'Gerenciamento de recursos', 'Gerenciamento digital', 'Gestão do desenvolvimento de pessoas', 'Gestão do trabalho em equipe', 'Inovação', 'Mentalidade Digital', 'Organização da rotina', 'Uso de TIC']"
baseline_frequency_topk,10,52,"['Ensino', 'Orientação', 'Acessibilidade e inclusão - Docente', 'Planejamento', 'Gestão do desenvolvimento de pessoas', 'Diferenciação e personalização', 'Criação de conteúdo digital', 'Resolução de problemas com base em dados', 'Comunicação efetiva', 'Gerenciamento de recursos']",['Seleção']
baseline_frequency_topk,10,53,"['Ensino', 'Orientação', 'Acessibilidade e inclusão - Docente', 'Planejamento', 'Gestão do desenvolvimento de pessoas', 'Diferenciação e personalização', 'Criação de conteúdo digital', 'Resolução de problemas com base em dados', 'Comunicação efetiva', 'Gerenciamento de recursos']","['Acessibilidade e inclusão - Docente', 'Promoção da Inclusão e Acessibilidade']"
baseline_frequency_topk,10,54,"['Ensino', 'Orientação', 'Acessibilidade e inclusão - Docente', 'Planejamento', 'Gestão do desenvolvimento de pessoas', 'Diferenciação e personalização', 'Criação de conteúdo digital', 'Resolução de problemas com base em dados', 'Comunicação efetiva', 'Gerenciamento de recursos']","['Comunicação institucional', 'Literacia da informação e das mídias']"
baseline_frequency_topk,10,55,"['Ensino', 'Orientação', 'Acessibilidade e inclusão - Docente', 'Planejamento', 'Gestão do desenvolvimento de pessoas', 'Diferenciação e personalização', 'Criação de conteúdo digital', 'Resolução de problemas com base em dados', 'Comunicação efetiva', 'Gerenciamento de recursos']",['Comunicação efetiva']
baseline_frequency_topk,10,56,"['Ensino', 'Orientação', 'Acessibilidade e inclusão - Docente', 'Planejamento', 'Gestão do desenvolvimento de pessoas', 'Diferenciação e personalização', 'Criação de conteúdo digital', 'Resolução de problemas com base em dados', 'Comunicação efetiva', 'Gerenciamento de recursos']",['Planejamento']
baseline_frequency_topk,10,57,"['Ensino', 'Orientação', 'Acessibilidade e inclusão - Docente', 'Planejamento', 'Gestão do desenvolvimento de pessoas', 'Diferenciação e personalização', 'Criação de conteúdo digital', 'Resolução de problemas com base em dados', 'Comunicação efetiva', 'Gerenciamento de recursos']",['Orientação ao cidadão']
baseline_frequency_topk,10,58,"['Ensino', 'Orientação', 'Acessibilidade e inclusão - Docente', 'Planejamento', 'Gestão do desenvolvimento de pessoas', 'Diferenciação e personalização', 'Criação de conteúdo digital', 'Resolução de problemas com base em dados', 'Comunicação efetiva', 'Gerenciamento de recursos']",['Uso de TIC']
baseline_frequency_topk,10,59,"['Ensino', 'Orientação', 'Acessibilidade e inclusão - Docente', 'Planejamento', 'Gestão do desenvolvimento de pessoas', 'Diferenciação e personalização', 'Criação de conteúdo digital', 'Resolução de problemas com base em dados', 'Comunicação efetiva', 'Gerenciamento de recursos']",['Orientações por valores éticos']
baseline_frequency_topk,10,60,"['Ensino', 'Orientação', 'Acessibilidade e inclusão - Docente', 'Planejamento', 'Gestão do desenvolvimento de pessoas', 'Diferenciação e personalização', 'Criação de conteúdo digital', 'Resolução de problemas com base em dados', 'Comunicação efetiva', 'Gerenciamento de recursos']",['Planejamento']
baseline_frequency_topk,10,61,"['Ensino', 'Orientação', 'Acessibilidade e inclusão - Docente', 'Planejamento', 'Gestão do desenvolvimento de pessoas', 'Diferenciação e personalização', 'Criação de conteúdo digital', 'Resolução de problemas com base em dados', 'Comunicação efetiva', 'Gerenciamento de recursos']","['Ensino', 'Orientação']"
baseline_frequency_topk,10,62,"['Ensino', 'Orientação', 'Acessibilidade e inclusão - Docente', 'Planejamento', 'Gestão do desenvolvimento de pessoas', 'Diferenciação e personalização', 'Criação de conteúdo digital', 'Resolução de problemas com base em dados', 'Comunicação efetiva', 'Gerenciamento de recursos']","['Gestão do desenvolvimento de pessoas', 'Uso de TIC']"
baseline_frequency_topk,10,63,"['Ensino', 'Orientação', 'Acessibilidade e inclusão - Docente', 'Planejamento', 'Gestão do desenvolvimento de pessoas', 'Diferenciação e personalização', 'Criação de conteúdo digital', 'Resolução de problemas com base em dados', 'Comunicação efetiva', 'Gerenciamento de recursos']","['Ensino', 'Orientação']"
baseline_frequency_topk,10,64,"['Ensino', 'Orientação', 'Acessibilidade e inclusão - Docente', 'Planejamento', 'Gestão do desenvolvimento de pessoas', 'Diferenciação e personalização', 'Criação de conteúdo digital', 'Resolução de problemas com base em dados', 'Comunicação efetiva', 'Gerenciamento de recursos']","['Ensino', 'Orientação']"
baseline_frequency_topk,10,65,"['Ensino', 'Orientação', 'Acessibilidade e inclusão - Docente', 'Planejamento', 'Gestão do desenvolvimento de pessoas', 'Diferenciação e personalização', 'Criação de conteúdo digital', 'Resolução de problemas com base em dados', 'Comunicação efetiva', 'Gerenciamento de recursos']",['Envolvimento ativo']
baseline_frequency_topk,10,66,"['Ensino', 'Orientação', 'Acessibilidade e inclusão - Docente', 'Planejamento', 'Gestão do desenvolvimento de pessoas', 'Diferenciação e personalização', 'Criação de conteúdo digital', 'Resolução de problemas com base em dados', 'Comunicação efetiva', 'Gerenciamento de recursos']",['Análise de problemas']
baseline_frequency_topk,10,67,"['Ensino', 'Orientação', 'Acessibilidade e inclusão - Docente', 'Planejamento', 'Gestão do desenvolvimento de pessoas', 'Diferenciação e personalização', 'Criação de conteúdo digital', 'Resolução de problemas com base em dados', 'Comunicação efetiva', 'Gerenciamento de recursos']",['Gerenciamento de recursos']
baseline_random_distribution,1,0,['Ensino'],"['Ensino', 'Orientação']"
baseline_random_distribution,1,1,['Ensino'],"['Ensino', 'Orientação']"
baseline_random_distribution,1,2,['Orientação'],"['Acessibilidade e inclusão - Docente', 'Diferenciação e personalização']"
baseline_random_distribution,1,3,['Acessibilidade e inclusão - Docente'],"['Acessibilidade e inclusão - Docente', 'Promoção da Inclusão e Acessibilidade']"
baseline_random_distribution,1,4,['Ensino'],"['Criação de conteúdo digital', 'Criação e modificação', 'Ensino', 'Seleção']"
baseline_random_distribution,1,5,['Planejamento'],"['Colaboração profissional', 'Gestão do desenvolvimento de pessoas', 'Prática reflexiva']"
baseline_random_distribution,1,6,['Orientação'],"['Criação de conteúdo digital', 'Desenvolvimento Profissional Contínuo (DPC) digital', 'Ensino', 'Literacia da informação e das mídias', 'Seleção']"
baseline_random_distribution,1,7,['Ensino'],['Comunicação efetiva']
baseline_random_distribution,1,8,['Ensino'],['Gerenciamento de recursos']
baseline_random_distribution,1,9,['Ensino'],"['Estratégias de avaliação', 'Feedback e planificação']"
baseline_random_distribution,1,10,['Orientação'],"['Foco nos resultados para os cidadãos', 'Gerenciamento de recursos', 'Gestão da qualidade']"
baseline_random_distribution,1,11,['Ensino'],"['Aprendizagem autorregulada', 'Desenvolvimento Profissional Contínuo (DPC) digital', 'Ensino']"
baseline_random_distribution,1,12,['Ensino'],"['Análise de evidências', 'Ensino', 'Estratégias de avaliação', 'Feedback e planificação', 'Gestão do desenvolvimento de pessoas', 'Orientação']"
baseline_random_distribution,1,13,['Ensino'],['Gestão do desenvolvimento de pessoas']
baseline_random_distribution,1,14,['Orientação'],"['Desenvolvimento Profissional Contínuo (DPC) digital', 'Ensino', 'Foco nos resultados para os cidadãos']"
baseline_random_distribution,1,15,['Orientação'],"['Inovação', 'Mentalidade Digital', 'Trabalho em equipe', 'Visão Sistêmica']"
baseline_random_distribution,1,16,['Gestão do desenvolvimento de pessoas'],"['Foco nos resultados para os cidadãos', 'Gestão da qualidade']"
baseline_random_distribution,1,17,['Gestão do desenvolvimento de pessoas'],"['Acessibilidade e inclusão - Docente', 'Diferenciação e personalização', 'Ensino', 'Gestão do desenvolvimento de pessoas', 'Orientação']"
baseline_random_distribution,1,18,['Orientação'],"['Comunicação', 'Comunicação e colaboração digital', 'Comunicação efetiva', 'Comunicação institucional', 'Comunicação interpessoal', 'Criação de conteúdo digital', 'Gestão do desenvolvimento de pessoas', 'Gestão do trabalho em equipe', 'Orientação ao cidadão', 'Relações institucionais']"
baseline_random_distribution,1,19,['Ensino'],"['Aprendizagem autorregulada', 'Criação de conteúdo digital', 'Criação e modificação']"
baseline_random_distribution,1,20,['Ensino'],['Planejamento']
baseline_random_distribution,1,21,['Ensino'],"['Análise de evidências', 'Estratégias de avaliação', 'Feedback e planificação']"
baseline_random_distribution,1,22,['Orientação'],"['Ensino', 'Orientação']"
baseline_random_distribution,1,23,['Orientação'],"['Comunicação e colaboração digital', 'Criação de conteúdo digital']"
baseline_random_distribution,1,24,['Ensino'],['Comunicação interpessoal']
baseline_random_distribution,1,25,['Ensino'],"['Ensino', 'Uso de TIC']"
baseline_random_distribution,1,26,['Ensino'],"['Comunicação', 'Comunicação efetiva', 'Comunicação interpessoal', 'Promoção da Inclusão e Acessibilidade', 'Relações institucionais']"
baseline_random_distribution,1,27,['Ensino'],"['Ensino', 'Orientação']"
baseline_random_distribution,1,28,['Ensino'],"['Ensino', 'Orientação']"
baseline_random_distribution,1,29,['Orientação'],"['Criação de conteúdo digital', 'Criação e modificação', 'Gerenciamento digital', 'Mentalidade Digital', 'Uso de TIC']"
baseline_random_distribution,1,30,['Ensino'],"['Gestão do trabalho em equipe', 'Liderança eficaz', 'Trabalho em equipe']"
baseline_random_distribution,1,31,['Orientação'],"['Aprendizagem colaborativa', 'Envolvimento ativo']"
baseline_random_distribution,1,32,['Ensino'],"['Contribuição técnico-profissional', 'Desenvolvimento Profissional Contínuo (DPC) digital']"
baseline_random_distribution,1,33,['Orientação'],"['Aprendizagem colaborativa', 'Ensino', 'Envolvimento ativo', 'Estratégias de avaliação', 'Literacia da informação e das mídias', 'Orientação', 'Resolução de problemas digitais']"
baseline_random_distribution,1,34,['Orientação'],"['Desenvolvimento Profissional Contínuo (DPC) digital', 'Gestão da qualidade']"
baseline_random_distribution,1,35,['Orientação'],"['Ensino', 'Orientação']"
baseline_random_distribution,1,36,['Orientação'],"['Foco nos resultados para os cidadãos', 'Liderança eficaz']"
baseline_random_distribution,1,37,['Ensino'],"['Orientação ao cidadão', 'Planejamento']"
baseline_random_distribution,1,38,['Orientação'],"['Ensino', 'Orientação']"
baseline_random_distribution,1,39,['Orientação'],['Gerenciamento de recursos']
baseline_random_distribution,1,40,['Ensino'],"['Acessibilidade e inclusão - Docente', 'Diferenciação e personalização', 'Ensino', 'Promoção da Inclusão e Acessibilidade', 'Prática reflexiva']"
baseline_random_distribution,1,41,['Ensino'],"['Criação de conteúdo digital', 'Criação e modificação']"
baseline_random_distribution,1,42,['Ensino'],['Planejamento']
baseline_random_distribution,1,43,['Acessibilidade e inclusão - Docente'],"['Ensino', 'Orientação']"
baseline_random_distribution,1,44,['Gestão do desenvolvimento de pessoas'],"['Ensino', 'Orientação']"
baseline_random_distribution,1,45,['Ensino'],"['Gerenciamento de recursos', 'Inovação', 'Planejamento']"
baseline_random_distribution,1,46,['Ensino'],"['Ensino', 'Orientação']"
baseline_random_distribution,1,47,['Ensino'],"['Gestão do trabalho em equipe', 'Mentalidade Digital']"
baseline_random_distribution,1,48,['Ensino'],['Acessibilidade e inclusão - Docente']
baseline_random_distribution,1,49,['Ensino'],"['Acessibilidade e inclusão - Docente', 'Diferenciação e personalização']"
baseline_random_distribution,1,50,['Ensino'],"['Desenvolvimento Profissional Contínuo (DPC) digital', 'Estratégias de avaliação', 'Planejamento', 'Resolução de problemas com base em dados', 'Resolução de problemas digitais']"
baseline_random_distribution,1,51,['Ensino'],"['Colaboração profissional', 'Desenvolvimento Profissional Contínuo (DPC) digital', 'Gerenciamento da mudança', 'Gerenciamento de recursos', 'Gerenciamento digital', 'Gestão do desenvolvimento de pessoas', 'Gestão do trabalho em equipe', 'Inovação', 'Mentalidade Digital', 'Organização da rotina', 'Uso de TIC']"
baseline_random_distribution,1,52,['Ensino'],['Seleção']
baseline_random_distribution,1,53,['Ensino'],"['Acessibilidade e inclusão - Docente', 'Promoção da Inclusão e Acessibilidade']"
baseline_random_distribution,1,54,['Ensino'],"['Comunicação institucional', 'Literacia da informação e das mídias']"
baseline_random_distribution,1,55,['Orientação'],['Comunicação efetiva']
baseline_random_distribution,1,56,['Acessibilidade e inclusão - Docente'],['Planejamento']
baseline_random_distribution,1,57,['Acessibilidade e inclusão - Docente'],['Orientação ao cidadão']
baseline_random_distribution,1,58,['Ensino'],['Uso de TIC']
baseline_random_distribution,1,59,['Orientação'],['Orientações por valores éticos']
baseline_random_distribution,1,60,['Ensino'],['Planejamento']
baseline_random_distribution,1,61,['Ensino'],"['Ensino', 'Orientação']"
baseline_random_distribution,1,62,['Orientação'],"['Gestão do desenvolvimento de pessoas', 'Uso de TIC']"
baseline_random_distribution,1,63,['Ensino'],"['Ensino', 'Orientação']"
baseline_random_distribution,1,64,['Orientação'],"['Ensino', 'Orientação']"
baseline_random_distribution,1,65,['Ensino'],['Envolvimento ativo']
baseline_random_distribution,1,66,['Ensino'],['Análise de problemas']
baseline_random_distribution,1,67,['Ensino'],['Gerenciamento de recursos']
baseline_random_distribution,3,0,"['Ensino', 'Acessibilidade e inclusão - Docente', 'Planejamento']","['Ensino', 'Orientação']"
baseline_random_distribution,3,1,"['Ensino', 'Orientação', 'Gestão do desenvolvimento de pessoas']","['Ensino', 'Orientação']"
baseline_random_distribution,3,2,"['Orientação', 'Diferenciação e personalização', 'Gestão do desenvolvimento de pessoas']","['Acessibilidade e inclusão - Docente', 'Diferenciação e personalização']"
baseline_random_distribution,3,3,"['Acessibilidade e inclusão - Docente', 'Gestão do desenvolvimento de pessoas', 'Estratégias de avaliação']","['Acessibilidade e inclusão - Docente', 'Promoção da Inclusão e Acessibilidade']"
baseline_random_distribution,3,4,"['Ensino', 'Planejamento', 'Orientação']","['Criação de conteúdo digital', 'Criação e modificação', 'Ensino', 'Seleção']"
baseline_random_distribution,3,5,"['Planejamento', 'Ensino', 'Criação e modificação']","['Colaboração profissional', 'Gestão do desenvolvimento de pessoas', 'Prática reflexiva']"
baseline_random_distribution,3,6,"['Orientação', 'Planejamento', 'Diferenciação e personalização']","['Criação de conteúdo digital', 'Desenvolvimento Profissional Contínuo (DPC) digital', 'Ensino', 'Literacia da informação e das mídias', 'Seleção']"
baseline_random_distribution,3,7,"['Ensino', 'Orientação', 'Planejamento']",['Comunicação efetiva']
baseline_random_distribution,3,8,"['Ensino', 'Orientação', 'Acessibilidade e inclusão - Docente']",['Gerenciamento de recursos']
baseline_random_distribution,3,9,"['Ensino', 'Acessibilidade e inclusão - Docente', 'Diferenciação e personalização']","['Estratégias de avaliação', 'Feedback e planificação']"
baseline_random_distribution,3,10,"['Orientação', 'Ensino', 'Acessibilidade e inclusão - Docente']","['Foco nos resultados para os cidadãos', 'Gerenciamento de recursos', 'Gestão da qualidade']"
baseline_random_distribution,3,11,"['Ensino', 'Planejamento', 'Diferenciação e personalização']","['Aprendizagem autorregulada', 'Desenvolvimento Profissional Contínuo (DPC) digital', 'Ensino']"
baseline_random_distribution,3,12,"['Ensino', 'Orientação', 'Diferenciação e personalização']","['Análise de evidências', 'Ensino', 'Estratégias de avaliação', 'Feedback e planificação', 'Gestão do desenvolvimento de pessoas', 'Orientação']"
baseline_random_distribution,3,13,"['Ensino', 'Acessibilidade e inclusão - Docente', 'Gerenciamento de recursos']",['Gestão do desenvolvimento de pessoas']
baseline_random_distribution,3,14,"['Orientação', 'Planejamento', 'Acessibilidade e inclusão - Docente']","['Desenvolvimento Profissional Contínuo (DPC) digital', 'Ensino', 'Foco nos resultados para os cidadãos']"
baseline_random_distribution,3,15,"['Orientação', 'Planejamento', 'Gestão do desenvolvimento de pessoas']","['Inovação', 'Mentalidade Digital', 'Trabalho em equipe', 'Visão Sistêmica']"
baseline_random_distribution,3,16,"['Gestão do desenvolvimento de pessoas', 'Resolução de problemas com base em dados', 'Diferenciação e personalização']","['Foco nos resultados para os cidadãos', 'Gestão da qualidade']"
baseline_random_distribution,3,17,"['Gestão do desenvolvimento de pessoas', 'Criação de conteúdo digital', 'Criação e modificação']","['Acessibilidade e inclusão - Docente', 'Diferenciação e personalização', 'Ensino', 'Gestão do desenvolvimento de pessoas', 'Orientação']"
baseline_random_distribution,3,18,"['Orientação', 'Acessibilidade e inclusão - Docente', 'Gestão do desenvolvimento de pessoas']","['Comunicação', 'Comunicação e colaboração digital', 'Comunicação efetiva', 'Comunicação institucional', 'Comunicação interpessoal', 'Criação de conteúdo digital', 'Gestão do desenvolvimento de pessoas', 'Gestão do trabalho em equipe', 'Orientação ao cidadão', 'Relações institucionais']"
baseline_random_distribution,3,19,"['Ensino', 'Orientação', 'Diferenciação e personalização']","['Aprendizagem autorregulada', 'Criação de conteúdo digital', 'Criação e modificação']"
baseline_random_distribution,3,20,"['Ensino', 'Acessibilidade e inclusão - Docente', 'Gestão do desenvolvimento de pessoas']",['Planejamento']
baseline_random_distribution,3,21,"['Ensino', 'Orientação', 'Acessibilidade e inclusão - Docente']","['Análise de evidências', 'Estratégias de avaliação', 'Feedback e planificação']"
baseline_random_distribution,3,22,"['Orientação', 'Acessibilidade e inclusão - Docente', 'Gestão do desenvolvimento de pessoas']","['Ensino', 'Orientação']"
baseline_random_distribution,3,23,"['Orientação', 'Planejamento', 'Visão Sistêmica']","['Comunicação e colaboração digital', 'Criação de conteúdo digital']"
baseline_random_distribution,3,24,"['Ensino', 'Planejamento', 'Gestão do desenvolvimento de pessoas']",['Comunicação interpessoal']
baseline_random_distribution,3,25,"['Ensino', 'Acessibilidade e inclusão - Docente', 'Gestão do desenvolvimento de pessoas']","['Ensino', 'Uso de TIC']"
baseline_random_distribution,3,26,"['Ensino', 'Acessibilidade e inclusão - Docente', 'Criação de conteúdo digital']","['Comunicação', 'Comunicação efetiva', 'Comunicação interpessoal', 'Promoção da Inclusão e Acessibilidade', 'Relações institucionais']"
baseline_random_distribution,3,27,"['Ensino', 'Planejamento', 'Diferenciação e personalização']","['Ensino', 'Orientação']"
baseline_random_distribution,3,28,"['Ensino', 'Planejamento', 'Acessibilidade e inclusão - Docente']","['Ensino', 'Orientação']"
baseline_random_distribution,3,29,"['Orientação', 'Ensino', 'Gestão do desenvolvimento de pessoas']","['Criação de conteúdo digital', 'Criação e modificação', 'Gerenciamento digital', 'Mentalidade Digital', 'Uso de TIC']"
baseline_random_distribution,3,30,"['Ensino', 'Orientação', 'Comunicação efetiva']","['Gestão do trabalho em equipe', 'Liderança eficaz', 'Trabalho em equipe']"
baseline_random_distribution,3,31,"['Orientação', 'Gestão do desenvolvimento de pessoas', 'Planejamento']","['Aprendizagem colaborativa', 'Envolvimento ativo']"
baseline_random_distribution,3,32,"['Ensino', 'Orientação', 'Planejamento']","['Contribuição técnico-profissional', 'Desenvolvimento Profissional Contínuo (DPC) digital']"
baseline_random_distribution,3,33,"['Orientação', 'Planejamento', 'Comunicação efetiva']","['Aprendizagem colaborativa', 'Ensino', 'Envolvimento ativo', 'Estratégias de avaliação', 'Literacia da informação e das mídias', 'Orientação', 'Resolução de problemas digitais']"
baseline_random_distribution,3,34,"['Orientação', 'Ensino', 'Gestão do desenvolvimento de pessoas']","['Desenvolvimento Profissional Contínuo (DPC) digital', 'Gestão da qualidade']"
baseline_random_distribution,3,35,"['Orientação', 'Ensino', 'Acessibilidade e inclusão - Docente']","['Ensino', 'Orientação']"
baseline_random_distribution,3,36,"['Orientação', 'Planejamento', 'Acessibilidade e inclusão - Docente']","['Foco nos resultados para os cidadãos', 'Liderança eficaz']"
baseline_random_distribution,3,37,"['Ensino', 'Planejamento', 'Gestão do desenvolvimento de pessoas']","['Orientação ao cidadão', 'Planejamento']"
baseline_random_distribution,3,38,"['Orientação', 'Planejamento', 'Criação de conteúdo digital']","['Ensino', 'Orientação']"
baseline_random_distribution,3,39,"['Orientação', 'Acessibilidade e inclusão - Docente', 'Planejamento']",['Gerenciamento de recursos']
baseline_random_distribution,3,40,"['Ensino', 'Criação de conteúdo digital', 'Criação e modificação']","['Acessibilidade e inclusão - Docente', 'Diferenciação e personalização', 'Ensino', 'Promoção da Inclusão e Acessibilidade', 'Prática reflexiva']"
baseline_random_distribution,3,41,"['Ensino', 'Planejamento', 'Gestão do desenvolvimento de pessoas']","['Criação de conteúdo digital', 'Criação e modificação']"
baseline_random_distribution,3,42,"['Ensino', 'Orientação', 'Acessibilidade e inclusão - Docente']",['Planejamento']
baseline_random_distribution,3,43,"['Acessibilidade e inclusão - Docente', 'Orientação', 'Planejamento']","['Ensino', 'Orientação']"
baseline_random_distribution,3,44,"['Gestão do desenvolvimento de pessoas', 'Acessibilidade e inclusão - Docente', 'Diferenciação e personalização']","['Ensino', 'Orientação']"
baseline_random_distribution,3,45,"['Ensino', 'Gestão do desenvolvimento de pessoas', 'Planejamento']","['Gerenciamento de recursos', 'Inovação', 'Planejamento']"
baseline_random_distribution,3,46,"['Ensino', 'Diferenciação e personalização', 'Orientação']","['Ensino', 'Orientação']"
baseline_random_distribution,3,47,"['Ensino', 'Orientação', 'Diferenciação e personalização']","['Gestão do trabalho em equipe', 'Mentalidade Digital']"
baseline_random_distribution,3,48,"['Ensino', 'Acessibilidade e inclusão - Docente', 'Visão Sistêmica']",['Acessibilidade e inclusão - Docente']
baseline_random_distribution,3,49,"['Ensino', 'Orientação', 'Gestão do desenvolvimento de pessoas']","['Acessibilidade e inclusão - Docente', 'Diferenciação e personalização']"
baseline_random_distribution,3,50,"['Ensino', 'Acessibilidade e inclusão - Docente', 'Diferenciação e personalização']","['Desenvolvimento Profissional Contínuo (DPC) digital', 'Estratégias de avaliação', 'Planejamento', 'Resolução de problemas com base em dados', 'Resolução de problemas digitais']"
baseline_random_distribution,3,51,"['Ensino', 'Orientação', 'Acessibilidade e inclusão - Docente']","['Colaboração profissional', 'Desenvolvimento Profissional Contínuo (DPC) digital', 'Gerenciamento da mudança', 'Gerenciamento de recursos', 'Gerenciamento digital', 'Gestão do desenvolvimento de pessoas', 'Gestão do trabalho em equipe', 'Inovação', 'Mentalidade Digital', 'Organização da rotina', 'Uso de TIC']"
baseline_random_distribution,3,52,"['Ensino', 'Orientação', 'Acessibilidade e inclusão - Docente']",['Seleção']
baseline_random_distribution,3,53,"['Ensino', 'Orientação', 'Diferenciação e personalização']","['Acessibilidade e inclusão - Docente', 'Promoção da Inclusão e Acessibilidade']"
baseline_random_distribution,3,54,"['Ensino', 'Orientação', 'Planejamento']","['Comunicação institucional', 'Literacia da informação e das mídias']"
baseline_random_distribution,3,55,"['Orientação', 'Ensino', 'Diferenciação e personalização']",['Comunicação efetiva']
baseline_random_distribution,3,56,"['Acessibilidade e inclusão - Docente', 'Diferenciação e personalização', 'Resolução de problemas com base em dados']",['Planejamento']
baseline_random_distribution,3,57,"['Acessibilidade e inclusão - Docente', 'Gestão do desenvolvimento de pessoas', 'Planejamento']",['Orientação ao cidadão']
baseline_random_distribution,3,58,"['Ensino', 'Acessibilidade e inclusão - Docente', 'Gestão do desenvolvimento de pessoas']",['Uso de TIC']
baseline_random_distribution,3,59,"['Orientação', 'Diferenciação e personalização', 'Resolução de problemas com base em dados']",['Orientações por valores éticos']
baseline_random_distribution,3,60,"['Ensino', 'Acessibilidade e inclusão - Docente', 'Orientação']",['Planejamento']
baseline_random_distribution,3,61,"['Ensino', 'Diferenciação e personalização', 'Planejamento']","['Ensino', 'Orientação']"
baseline_random_distribution,3,62,"['Orientação', 'Planejamento', 'Ensino']","['Gestão do desenvolvimento de pessoas', 'Uso de TIC']"
baseline_random_distribution,3,63,"['Ensino', 'Orientação', 'Resolução de problemas com base em dados']","['Ensino', 'Orientação']"
baseline_random_distribution,3,64,"['Orientação', 'Ensino', 'Acessibilidade e inclusão - Docente']","['Ensino', 'Orientação']"
baseline_random_distribution,3,65,"['Ensino', 'Orientação', 'Planejamento']",['Envolvimento ativo']
baseline_random_distribution,3,66,"['Ensino', 'Orientação', 'Diferenciação e personalização']",['Análise de problemas']
baseline_random_distribution,3,67,"['Ensino', 'Orientação', 'Planejamento']",['Gerenciamento de recursos']
baseline_random_distribution,5,0,"['Ensino', 'Acessibilidade e inclusão - Docente', 'Planejamento', 'Gerenciamento de recursos', 'Estratégias de avaliação']","['Ensino', 'Orientação']"
baseline_random_distribution,5,1,"['Ensino', 'Orientação', 'Gestão do desenvolvimento de pessoas', 'Acessibilidade e inclusão - Docente', 'Planejamento']","['Ensino', 'Orientação']"
baseline_random_distribution,5,2,"['Orientação', 'Diferenciação e personalização', 'Gestão do desenvolvimento de pessoas', 'Acessibilidade e inclusão - Docente', 'Aprendizagem autorregulada']","['Acessibilidade e inclusão - Docente', 'Diferenciação e personalização']"
baseline_random_distribution,5,3,"['Acessibilidade e inclusão - Docente', 'Gestão do desenvolvimento de pessoas', 'Estratégias de avaliação', 'Comunicação efetiva', 'Comunicação interpessoal']","['Acessibilidade e inclusão - Docente', 'Promoção da Inclusão e Acessibilidade']"
baseline_random_distribution,5,4,"['Ensino', 'Planejamento', 'Orientação', 'Criação e modificação', 'Diferenciação e personalização']","['Criação de conteúdo digital', 'Criação e modificação', 'Ensino', 'Seleção']"
baseline_random_distribution,5,5,"['Planejamento', 'Ensino', 'Criação e modificação', 'Comunicação efetiva', 'Liderança eficaz']","['Colaboração profissional', 'Gestão do desenvolvimento de pessoas', 'Prática reflexiva']"
baseline_random_distribution,5,6,"['Orientação', 'Planejamento', 'Diferenciação e personalização', 'Gestão do desenvolvimento de pessoas', 'Gerenciamento de recursos']","['Criação de conteúdo digital', 'Desenvolvimento Profissional Contínuo (DPC) digital', 'Ensino', 'Literacia da informação e das mídias', 'Seleção']"
baseline_random_distribution,5,7,"['Ensino', 'Orientação', 'Planejamento', 'Diferenciação e personalização', 'Estratégias de avaliação']",['Comunicação efetiva']
baseline_random_distribution,5,8,"['Ensino', 'Orientação', 'Acessibilidade e inclusão - Docente', 'Resolução de problemas com base em dados', 'Diferenciação e personalização']",['Gerenciamento de recursos']
baseline_random_distribution,5,9,"['Ensino', 'Acessibilidade e inclusão - Docente', 'Diferenciação e personalização', 'Resolução de problemas com base em dados', 'Orientação']","['Estratégias de avaliação', 'Feedback e planificação']"
baseline_random_distribution,5,10,"['Orientação', 'Ensino', 'Acessibilidade e inclusão - Docente', 'Criação de conteúdo digital', 'Criação e modificação']","['Foco nos resultados para os cidadãos', 'Gerenciamento de recursos', 'Gestão da qualidade']"
baseline_random_distribution,5,11,"['Ensino', 'Planejamento', 'Diferenciação e personalização', 'Gerenciamento de recursos', 'Resolução de problemas com base em dados']","['Aprendizagem autorregulada', 'Desenvolvimento Profissional Contínuo (DPC) digital', 'Ensino']"
baseline_random_distribution,5,12,"['Ensino', 'Orientação', 'Diferenciação e personalização', 'Acessibilidade e inclusão - Docente', 'Estratégias de avaliação']","['Análise de evidências', 'Ensino', 'Estratégias de avaliação', 'Feedback e planificação', 'Gestão do desenvolvimento de pessoas', 'Orientação']"
baseline_random_distribution,5,13,"['Ensino', 'Acessibilidade e inclusão - Docente', 'Gerenciamento de recursos', 'Estratégias de avaliação', 'Planejamento']",['Gestão do desenvolvimento de pessoas']
baseline_random_distribution,5,14,"['Orientação', 'Planejamento', 'Acessibilidade e inclusão - Docente', 'Diferenciação e personalização', 'Criação de conteúdo digital']","['Desenvolvimento Profissional Contínuo (DPC) digital', 'Ensino', 'Foco nos resultados para os cidadãos']"
baseline_random_distribution,5,15,"['Orientação', 'Planejamento', 'Gestão do desenvolvimento de pessoas', 'Envolvimento ativo', 'Aprendizagem colaborativa']","['Inovação', 'Mentalidade Digital', 'Trabalho em equipe', 'Visão Sistêmica']"
baseline_random_distribution,5,16,"['Gestão do desenvolvimento de pessoas', 'Resolução de problemas com base em dados', 'Diferenciação e personalização', 'Estratégias de avaliação', 'Criação de conteúdo digital']","['Foco nos resultados para os cidadãos', 'Gestão da qualidade']"
baseline_random_distribution,5,17,"['Gestão do desenvolvimento de pessoas', 'Criação de conteúdo digital', 'Criação e modificação', 'Aprendizagem autorregulada', 'Ensino']","['Acessibilidade e inclusão - Docente', 'Diferenciação e personalização', 'Ensino', 'Gestão do desenvolvimento de pessoas', 'Orientação']"
baseline_random_distribution,5,18,"['Orientação', 'Acessibilidade e inclusão - Docente', 'Gestão do desenvolvimento de pessoas', 'Ensino', 'Criação de conteúdo digital']","['Comunicação', 'Comunicação e colaboração digital', 'Comunicação efetiva', 'Comunicação institucional', 'Comunicação interpessoal', 'Criação de conteúdo digital', 'Gestão do desenvolvimento de pessoas', 'Gestão do trabalho em equipe', 'Orientação ao cidadão', 'Relações institucionais']"
baseline_random_distribution,5,19,"['Ensino', 'Orientação', 'Diferenciação e personalização', 'Gestão do desenvolvimento de pessoas', 'Criação e modificação']","['Aprendizagem autorregulada', 'Criação de conteúdo digital', 'Criação e modificação']"
baseline_random_distribution,5,20,"['Ensino', 'Acessibilidade e inclusão - Docente', 'Gestão do desenvolvimento de pessoas', 'Resolução de problemas com base em dados', 'Criação e modificação']",['Planejamento']
baseline_random_distribution,5,21,"['Ensino', 'Orientação', 'Acessibilidade e inclusão - Docente', 'Gestão do desenvolvimento de pessoas', 'Diferenciação e personalização']","['Análise de evidências', 'Estratégias de avaliação', 'Feedback e planificação']"
baseline_random_distribution,5,22,"['Orientação', 'Acessibilidade e inclusão - Docente', 'Gestão do desenvolvimento de pessoas', 'Gerenciamento de recursos', 'Seleção']","['Ensino', 'Orientação']"
baseline_random_distribution,5,23,"['Orientação', 'Planejamento', 'Visão Sistêmica', 'Aprendizagem autorregulada', 'Criação de conteúdo digital']","['Comunicação e colaboração digital', 'Criação de conteúdo digital']"
baseline_random_distribution,5,24,"['Ensino', 'Planejamento', 'Gestão do desenvolvimento de pessoas', 'Criação de conteúdo digital', 'Criação e modificação']",['Comunicação interpessoal']
baseline_random_distribution,5,25,"['Ensino', 'Acessibilidade e inclusão - Docente', 'Gestão do desenvolvimento de pessoas', 'Orientação', 'Comunicação efetiva']","['Ensino', 'Uso de TIC']"
baseline_random_distribution,5,26,"['Ensino', 'Acessibilidade e inclusão - Docente', 'Criação de conteúdo digital', 'Planejamento', 'Criação e modificação']","['Comunicação', 'Comunicação efetiva', 'Comunicação interpessoal', 'Promoção da Inclusão e Acessibilidade', 'Relações institucionais']"
baseline_random_distribution,5,27,"['Ensino', 'Planejamento', 'Diferenciação e personalização', 'Acessibilidade e inclusão - Docente', 'Comunicação efetiva']","['Ensino', 'Orientação']"
baseline_random_distribution,5,28,"['Ensino', 'Planejamento', 'Acessibilidade e inclusão - Docente', 'Diferenciação e personalização', 'Criação de conteúdo digital']","['Ensino', 'Orientação']"
baseline_random_distribution,5,29,"['Orientação', 'Ensino', 'Gestão do desenvolvimento de pessoas', 'Acessibilidade e inclusão - Docente', 'Planejamento']","['Criação de conteúdo digital', 'Criação e modificação', 'Gerenciamento digital', 'Mentalidade Digital', 'Uso de TIC']"
baseline_random_distribution,5,30,"['Ensino', 'Orientação', 'Comunicação efetiva', 'Criação de conteúdo digital', 'Aprendizagem colaborativa']","['Gestão do trabalho em equipe', 'Liderança eficaz', 'Trabalho em equipe']"
baseline_random_distribution,5,31,"['Orientação', 'Gestão do desenvolvimento de pessoas', 'Planejamento', 'Gerenciamento de recursos', 'Aprendizagem colaborativa']","['Aprendizagem colaborativa', 'Envolvimento ativo']"
baseline_random_distribution,5,32,"['Ensino', 'Orientação', 'Planejamento', 'Gestão do desenvolvimento de pessoas', 'Criação de conteúdo digital']","['Contribuição técnico-profissional', 'Desenvolvimento Profissional Contínuo (DPC) digital']"
baseline_random_distribution,5,33,"['Orientação', 'Planejamento', 'Comunicação efetiva', 'Gestão do desenvolvimento de pessoas', 'Acessibilidade e inclusão - Docente']","['Aprendizagem colaborativa', 'Ensino', 'Envolvimento ativo', 'Estratégias de avaliação', 'Literacia da informação e das mídias', 'Orientação', 'Resolução de problemas digitais']"
baseline_random_distribution,5,34,"['Orientação', 'Ensino', 'Gestão do desenvolvimento de pessoas', 'Planejamento', 'Criação de conteúdo digital']","['Desenvolvimento Profissional Contínuo (DPC) digital', 'Gestão da qualidade']"
baseline_random_distribution,5,35,"['Orientação', 'Ensino', 'Acessibilidade e inclusão - Docente', 'Gestão do desenvolvimento de pessoas', 'Estratégias de avaliação']","['Ensino', 'Orientação']"
baseline_random_distribution,5,36,"['Orientação', 'Planejamento', 'Acessibilidade e inclusão - Docente', 'Gestão do desenvolvimento de pessoas', 'Ensino']","['Foco nos resultados para os cidadãos', 'Liderança eficaz']"
baseline_random_distribution,5,37,"['Ensino', 'Planejamento', 'Gestão do desenvolvimento de pessoas', 'Orientação', 'Acessibilidade e inclusão - Docente']","['Orientação ao cidadão', 'Planejamento']"
baseline_random_distribution,5,38,"['Orientação', 'Planejamento', 'Criação de conteúdo digital', 'Diferenciação e personalização', 'Visão Sistêmica']","['Ensino', 'Orientação']"
baseline_random_distribution,5,39,"['Orientação', 'Acessibilidade e inclusão - Docente', 'Planejamento', 'Diferenciação e personalização', 'Ensino']",['Gerenciamento de recursos']
baseline_random_distribution,5,40,"['Ensino', 'Criação de conteúdo digital', 'Criação e modificação', 'Diferenciação e personalização', 'Gerenciamento de recursos']","['Acessibilidade e inclusão - Docente', 'Diferenciação e personalização', 'Ensino', 'Promoção da Inclusão e Acessibilidade', 'Prática reflexiva']"
baseline_random_distribution,5,41,"['Ensino', 'Planejamento', 'Gestão do desenvolvimento de pessoas', 'Comunicação efetiva', 'Aprendizagem colaborativa']","['Criação de conteúdo digital', 'Criação e modificação']"
baseline_random_distribution,5,42,"['Ensino', 'Orientação', 'Acessibilidade e inclusão - Docente', 'Resolução de problemas com base em dados', 'Comunicação efetiva']",['Planejamento']
baseline_random_distribution,5,43,"['Acessibilidade e inclusão - Docente', 'Orientação', 'Planejamento', 'Criação de conteúdo digital', 'Comunicação efetiva']","['Ensino', 'Orientação']"
baseline_random_distribution,5,44,"['Gestão do desenvolvimento de pessoas', 'Acessibilidade e inclusão - Docente', 'Diferenciação e personalização', 'Orientação', 'Criação de conteúdo digital']","['Ensino', 'Orientação']"
baseline_random_distribution,5,45,"['Ensino', 'Gestão do desenvolvimento de pessoas', 'Planejamento', 'Acessibilidade e inclusão - Docente', 'Diferenciação e personalização']","['Gerenciamento de recursos', 'Inovação', 'Planejamento']"
baseline_random_distribution,5,46,"['Ensino', 'Diferenciação e personalização', 'Orientação', 'Acessibilidade e inclusão - Docente', 'Criação de conteúdo digital']","['Ensino', 'Orientação']"
baseline_random_distribution,5,47,"['Ensino', 'Orientação', 'Diferenciação e personalização', 'Planejamento', 'Resolução de problemas com base em dados']","['Gestão do trabalho em equipe', 'Mentalidade Digital']"
baseline_random_distribution,5,48,"['Ensino', 'Acessibilidade e inclusão - Docente', 'Visão Sistêmica', 'Estratégias de avaliação', 'Comunicação efetiva']",['Acessibilidade e inclusão - Docente']
baseline_random_distribution,5,49,"['Ensino', 'Orientação', 'Gestão do desenvolvimento de pessoas', 'Gerenciamento de recursos', 'Criação e modificação']","['Acessibilidade e inclusão - Docente', 'Diferenciação e personalização']"
baseline_random_distribution,5,50,"['Ensino', 'Acessibilidade e inclusão - Docente', 'Diferenciação e personalização', 'Resolução de problemas com base em dados', 'Planejamento']","['Desenvolvimento Profissional Contínuo (DPC) digital', 'Estratégias de avaliação', 'Planejamento', 'Resolução de problemas com base em dados', 'Resolução de problemas digitais']"
baseline_random_distribution,5,51,"['Ensino', 'Orientação', 'Acessibilidade e inclusão - Docente', 'Gestão do desenvolvimento de pessoas', 'Estratégias de avaliação']","['Colaboração profissional', 'Desenvolvimento Profissional Contínuo (DPC) digital', 'Gerenciamento da mudança', 'Gerenciamento de recursos', 'Gerenciamento digital', 'Gestão do desenvolvimento de pessoas', 'Gestão do trabalho em equipe', 'Inovação', 'Mentalidade Digital', 'Organização da rotina', 'Uso de TIC']"
baseline_random_distribution,5,52,"['Ensino', 'Orientação', 'Acessibilidade e inclusão - Docente', 'Diferenciação e personalização', 'Gestão do desenvolvimento de pessoas']",['Seleção']
baseline_random_distribution,5,53,"['Ensino', 'Orientação', 'Diferenciação e personalização', 'Planejamento', 'Gestão do desenvolvimento de pessoas']","['Acessibilidade e inclusão - Docente', 'Promoção da Inclusão e Acessibilidade']"
baseline_random_distribution,5,54,"['Ensino', 'Orientação', 'Planejamento', 'Resolução de problemas com base em dados', 'Comunicação']","['Comunicação institucional', 'Literacia da informação e das mídias']"
baseline_random_distribution,5,55,"['Orientação', 'Ensino', 'Diferenciação e personalização', 'Planejamento', 'Estratégias de avaliação']",['Comunicação efetiva']
baseline_random_distribution,5,56,"['Acessibilidade e inclusão - Docente', 'Diferenciação e personalização', 'Resolução de problemas com base em dados', 'Gestão do desenvolvimento de pessoas', 'Gerenciamento de recursos']",['Planejamento']
baseline_random_distribution,5,57,"['Acessibilidade e inclusão - Docente', 'Gestão do desenvolvimento de pessoas', 'Planejamento', 'Diferenciação e personalização', 'Criação e modificação']",['Orientação ao cidadão']
baseline_random_distribution,5,58,"['Ensino', 'Acessibilidade e inclusão - Docente', 'Gestão do desenvolvimento de pessoas', 'Diferenciação e personalização', 'Planejamento']",['Uso de TIC']
baseline_random_distribution,5,59,"['Orientação', 'Diferenciação e personalização', 'Resolução de problemas com base em dados', 'Aprendizagem colaborativa', 'Comunicação efetiva']",['Orientações por valores éticos']
baseline_random_distribution,5,60,"['Ensino', 'Acessibilidade e inclusão - Docente', 'Orientação', 'Resolução de problemas com base em dados', 'Criação e modificação']",['Planejamento']
baseline_random_distribution,5,61,"['Ensino', 'Diferenciação e personalização', 'Planejamento', 'Aprendizagem autorregulada', 'Envolvimento ativo']","['Ensino', 'Orientação']"
baseline_random_distribution,5,62,"['Orientação', 'Planejamento', 'Ensino', 'Acessibilidade e inclusão - Docente', 'Gestão do desenvolvimento de pessoas']","['Gestão do desenvolvimento de pessoas', 'Uso de TIC']"
baseline_random_distribution,5,63,"['Ensino', 'Orientação', 'Resolução de problemas com base em dados', 'Acessibilidade e inclusão - Docente', 'Planejamento']","['Ensino', 'Orientação']"
baseline_random_distribution,5,64,"['Orientação', 'Ensino', 'Acessibilidade e inclusão - Docente', 'Criação de conteúdo digital', 'Planejamento']","['Ensino', 'Orientação']"
baseline_random_distribution,5,65,"['Ensino', 'Orientação', 'Planejamento', 'Criação de conteúdo digital', 'Aprendizagem colaborativa']",['Envolvimento ativo']
baseline_random_distribution,5,66,"['Ensino', 'Orientação', 'Diferenciação e personalização', 'Criação de conteúdo digital', 'Planejamento']",['Análise de problemas']
baseline_random_distribution,5,67,"['Ensino', 'Orientação', 'Planejamento', 'Diferenciação e personalização', 'Acessibilidade e inclusão - Docente']",['Gerenciamento de recursos']
baseline_random_distribution,7,0,"['Ensino', 'Acessibilidade e inclusão - Docente', 'Planejamento', 'Gerenciamento de recursos', 'Estratégias de avaliação', 'Gestão do desenvolvimento de pessoas', 'Criação e modificação']","['Ensino', 'Orientação']"
baseline_random_distribution,7,1,"['Ensino', 'Orientação', 'Gestão do desenvolvimento de pessoas', 'Acessibilidade e inclusão - Docente', 'Planejamento', 'Tomada de decisão para gestores', 'Visão Sistêmica']","['Ensino', 'Orientação']"
baseline_random_distribution,7,2,"['Orientação', 'Diferenciação e personalização', 'Gestão do desenvolvimento de pessoas', 'Acessibilidade e inclusão - Docente', 'Aprendizagem autorregulada', 'Uso de TIC', 'Seleção']","['Acessibilidade e inclusão - Docente', 'Diferenciação e personalização']"
baseline_random_distribution,7,3,"['Acessibilidade e inclusão - Docente', 'Gestão do desenvolvimento de pessoas', 'Estratégias de avaliação', 'Comunicação efetiva', 'Comunicação interpessoal', 'Criação de conteúdo digital', 'Feedback e planificação']","['Acessibilidade e inclusão - Docente', 'Promoção da Inclusão e Acessibilidade']"
baseline_random_distribution,7,4,"['Ensino', 'Planejamento', 'Orientação', 'Criação e modificação', 'Diferenciação e personalização', 'Gerenciamento de recursos', 'Resolução de problemas com base em dados']","['Criação de conteúdo digital', 'Criação e modificação', 'Ensino', 'Seleção']"
baseline_random_distribution,7,5,"['Planejamento', 'Ensino', 'Criação e modificação', 'Comunicação efetiva', 'Liderança eficaz', 'Criação de conteúdo digital', 'Melhoria contínua de processos']","['Colaboração profissional', 'Gestão do desenvolvimento de pessoas', 'Prática reflexiva']"
baseline_random_distribution,7,6,"['Orientação', 'Planejamento', 'Diferenciação e personalização', 'Gestão do desenvolvimento de pessoas', 'Gerenciamento de recursos', 'Criação de conteúdo digital', 'Comunicação efetiva']","['Criação de conteúdo digital', 'Desenvolvimento Profissional Contínuo (DPC) digital', 'Ensino', 'Literacia da informação e das mídias', 'Seleção']"
baseline_random_distribution,7,7,"['Ensino', 'Orientação', 'Planejamento', 'Diferenciação e personalização', 'Estratégias de avaliação', 'Comunicação efetiva', 'Melhoria contínua de processos']",['Comunicação efetiva']
baseline_random_distribution,7,8,"['Ensino', 'Orientação', 'Acessibilidade e inclusão - Docente', 'Resolução de problemas com base em dados', 'Diferenciação e personalização', 'Aprendizagem autorregulada', 'Comunicação efetiva']",['Gerenciamento de recursos']
baseline_random_distribution,7,9,"['Ensino', 'Acessibilidade e inclusão - Docente', 'Diferenciação e personalização', 'Resolução de problemas com base em dados', 'Orientação', 'Uso de TIC', 'Gestão do desenvolvimento de pessoas']","['Estratégias de avaliação', 'Feedback e planificação']"
baseline_random_distribution,7,10,"['Orientação', 'Ensino', 'Acessibilidade e inclusão - Docente', 'Criação de conteúdo digital', 'Criação e modificação', 'Planejamento', 'Gerenciamento de recursos']","['Foco nos resultados para os cidadãos', 'Gerenciamento de recursos', 'Gestão da qualidade']"
baseline_random_distribution,7,11,"['Ensino', 'Planejamento', 'Diferenciação e personalização', 'Gerenciamento de recursos', 'Resolução de problemas com base em dados', 'Estratégias de avaliação', 'Gestão do desenvolvimento de pessoas']","['Aprendizagem autorregulada', 'Desenvolvimento Profissional Contínuo (DPC) digital', 'Ensino']"
baseline_random_distribution,7,12,"['Ensino', 'Orientação', 'Diferenciação e personalização', 'Acessibilidade e inclusão - Docente', 'Estratégias de avaliação', 'Visão Sistêmica', 'Criação de conteúdo digital']","['Análise de evidências', 'Ensino', 'Estratégias de avaliação', 'Feedback e planificação', 'Gestão do desenvolvimento de pessoas', 'Orientação']"
baseline_random_distribution,7,13,"['Ensino', 'Acessibilidade e inclusão - Docente', 'Gerenciamento de recursos', 'Estratégias de avaliação', 'Planejamento', 'Mentalidade Digital', 'Comunicação efetiva']",['Gestão do desenvolvimento de pessoas']
baseline_random_distribution,7,14,"['Orientação', 'Planejamento', 'Acessibilidade e inclusão - Docente', 'Diferenciação e personalização', 'Criação de conteúdo digital', 'Estratégias de avaliação', 'Melhoria contínua de processos']","['Desenvolvimento Profissional Contínuo (DPC) digital', 'Ensino', 'Foco nos resultados para os cidadãos']"
baseline_random_distribution,7,15,"['Orientação', 'Planejamento', 'Gestão do desenvolvimento de pessoas', 'Envolvimento ativo', 'Aprendizagem colaborativa', 'Aprendizagem autorregulada', 'Acessibilidade e inclusão - Docente']","['Inovação', 'Mentalidade Digital', 'Trabalho em equipe', 'Visão Sistêmica']"
baseline_random_distribution,7,16,"['Gestão do desenvolvimento de pessoas', 'Resolução de problemas com base em dados', 'Diferenciação e personalização', 'Estratégias de avaliação', 'Criação de conteúdo digital', 'Aprendizagem colaborativa', 'Comunicação efetiva']","['Foco nos resultados para os cidadãos', 'Gestão da qualidade']"
baseline_random_distribution,7,17,"['Gestão do desenvolvimento de pessoas', 'Criação de conteúdo digital', 'Criação e modificação', 'Aprendizagem autorregulada', 'Ensino', 'Tomada de decisão para gestores', 'Aprendizagem colaborativa']","['Acessibilidade e inclusão - Docente', 'Diferenciação e personalização', 'Ensino', 'Gestão do desenvolvimento de pessoas', 'Orientação']"
baseline_random_distribution,7,18,"['Orientação', 'Acessibilidade e inclusão - Docente', 'Gestão do desenvolvimento de pessoas', 'Ensino', 'Criação de conteúdo digital', 'Visão estratégica', 'Comunicação interpessoal']","['Comunicação', 'Comunicação e colaboração digital', 'Comunicação efetiva', 'Comunicação institucional', 'Comunicação interpessoal', 'Criação de conteúdo digital', 'Gestão do desenvolvimento de pessoas', 'Gestão do trabalho em equipe', 'Orientação ao cidadão', 'Relações institucionais']"
baseline_random_distribution,7,19,"['Ensino', 'Orientação', 'Diferenciação e personalização', 'Gestão do desenvolvimento de pessoas', 'Criação e modificação', 'Uso de TIC', 'Resolução de problemas com base em dados']","['Aprendizagem autorregulada', 'Criação de conteúdo digital', 'Criação e modificação']"
baseline_random_distribution,7,20,"['Ensino', 'Acessibilidade e inclusão - Docente', 'Gestão do desenvolvimento de pessoas', 'Resolução de problemas com base em dados', 'Criação e modificação', 'Gerenciamento de recursos', 'Orientação']",['Planejamento']
baseline_random_distribution,7,21,"['Ensino', 'Orientação', 'Acessibilidade e inclusão - Docente', 'Gestão do desenvolvimento de pessoas', 'Diferenciação e personalização', 'Aprendizagem colaborativa', 'Uso de TIC']","['Análise de evidências', 'Estratégias de avaliação', 'Feedback e planificação']"
baseline_random_distribution,7,22,"['Orientação', 'Acessibilidade e inclusão - Docente', 'Gestão do desenvolvimento de pessoas', 'Gerenciamento de recursos', 'Seleção', 'Feedback e planificação', 'Comunicação efetiva']","['Ensino', 'Orientação']"
baseline_random_distribution,7,23,"['Orientação', 'Planejamento', 'Visão Sistêmica', 'Aprendizagem autorregulada', 'Criação de conteúdo digital', 'Comunicação', 'Aprendizagem colaborativa']","['Comunicação e colaboração digital', 'Criação de conteúdo digital']"
baseline_random_distribution,7,24,"['Ensino', 'Planejamento', 'Gestão do desenvolvimento de pessoas', 'Criação de conteúdo digital', 'Criação e modificação', 'Acessibilidade e inclusão - Docente', 'Resolução de problemas com base em dados']",['Comunicação interpessoal']
baseline_random_distribution,7,25,"['Ensino', 'Acessibilidade e inclusão - Docente', 'Gestão do desenvolvimento de pessoas', 'Orientação', 'Comunicação efetiva', 'Uso de TIC', 'Criação e modificação']","['Ensino', 'Uso de TIC']"
baseline_random_distribution,7,26,"['Ensino', 'Acessibilidade e inclusão - Docente', 'Criação de conteúdo digital', 'Planejamento', 'Criação e modificação', 'Comunicação efetiva', 'Melhoria contínua de processos']","['Comunicação', 'Comunicação efetiva', 'Comunicação interpessoal', 'Promoção da Inclusão e Acessibilidade', 'Relações institucionais']"
baseline_random_distribution,7,27,"['Ensino', 'Planejamento', 'Diferenciação e personalização', 'Acessibilidade e inclusão - Docente', 'Comunicação efetiva', 'Aprendizagem colaborativa', 'Gestão do desenvolvimento de pessoas']","['Ensino', 'Orientação']"
baseline_random_distribution,7,28,"['Ensino', 'Planejamento', 'Acessibilidade e inclusão - Docente', 'Diferenciação e personalização', 'Criação de conteúdo digital', 'Orientação', 'Aprendizagem colaborativa']","['Ensino', 'Orientação']"
baseline_random_distribution,7,29,"['Orientação', 'Ensino', 'Gestão do desenvolvimento de pessoas', 'Acessibilidade e inclusão - Docente', 'Planejamento', 'Gerenciamento de recursos', 'Resolução de problemas com base em dados']","['Criação de conteúdo digital', 'Criação e modificação', 'Gerenciamento digital', 'Mentalidade Digital', 'Uso de TIC']"
baseline_random_distribution,7,30,"['Ensino', 'Orientação', 'Comunicação efetiva', 'Criação de conteúdo digital', 'Aprendizagem colaborativa', 'Criação e modificação', 'Resolução de problemas com base em dados']","['Gestão do trabalho em equipe', 'Liderança eficaz', 'Trabalho em equipe']"
baseline_random_distribution,7,31,"['Orientação', 'Gestão do desenvolvimento de pessoas', 'Planejamento', 'Gerenciamento de recursos', 'Aprendizagem colaborativa', 'Estratégias de avaliação', 'Diferenciação e personalização']","['Aprendizagem colaborativa', 'Envolvimento ativo']"
baseline_random_distribution,7,32,"['Ensino', 'Orientação', 'Planejamento', 'Gestão do desenvolvimento de pessoas', 'Criação de conteúdo digital', 'Aprendizagem colaborativa', 'Gerenciamento de recursos']","['Contribuição técnico-profissional', 'Desenvolvimento Profissional Contínuo (DPC) digital']"
baseline_random_distribution,7,33,"['Orientação', 'Planejamento', 'Comunicação efetiva', 'Gestão do desenvolvimento de pessoas', 'Acessibilidade e inclusão - Docente', 'Aprendizagem autorregulada', 'Aprendizagem colaborativa']","['Aprendizagem colaborativa', 'Ensino', 'Envolvimento ativo', 'Estratégias de avaliação', 'Literacia da informação e das mídias', 'Orientação', 'Resolução de problemas digitais']"
baseline_random_distribution,7,34,"['Orientação', 'Ensino', 'Gestão do desenvolvimento de pessoas', 'Planejamento', 'Criação de conteúdo digital', 'Estratégias de avaliação', 'Uso de TIC']","['Desenvolvimento Profissional Contínuo (DPC) digital', 'Gestão da qualidade']"
baseline_random_distribution,7,35,"['Orientação', 'Ensino', 'Acessibilidade e inclusão - Docente', 'Gestão do desenvolvimento de pessoas', 'Estratégias de avaliação', 'Comunicação', 'Envolvimento ativo']","['Ensino', 'Orientação']"
baseline_random_distribution,7,36,"['Orientação', 'Planejamento', 'Acessibilidade e inclusão - Docente', 'Gestão do desenvolvimento de pessoas', 'Ensino', 'Aprendizagem colaborativa', 'Tomada de decisão para gestores']","['Foco nos resultados para os cidadãos', 'Liderança eficaz']"
baseline_random_distribution,7,37,"['Ensino', 'Planejamento', 'Gestão do desenvolvimento de pessoas', 'Orientação', 'Acessibilidade e inclusão - Docente', 'Diferenciação e personalização', 'Aprendizagem autorregulada']","['Orientação ao cidadão', 'Planejamento']"
baseline_random_distribution,7,38,"['Orientação', 'Planejamento', 'Criação de conteúdo digital', 'Diferenciação e personalização', 'Visão Sistêmica', 'Acessibilidade e inclusão - Docente', 'Aprendizagem colaborativa']","['Ensino', 'Orientação']"
baseline_random_distribution,7,39,"['Orientação', 'Acessibilidade e inclusão - Docente', 'Planejamento', 'Diferenciação e personalização', 'Ensino', 'Aprendizagem autorregulada', 'Comunicação']",['Gerenciamento de recursos']
baseline_random_distribution,7,40,"['Ensino', 'Criação de conteúdo digital', 'Criação e modificação', 'Diferenciação e personalização', 'Gerenciamento de recursos', 'Estratégias de avaliação', 'Foco nos resultados para os cidadãos']","['Acessibilidade e inclusão - Docente', 'Diferenciação e personalização', 'Ensino', 'Promoção da Inclusão e Acessibilidade', 'Prática reflexiva']"
baseline_random_distribution,7,41,"['Ensino', 'Planejamento', 'Gestão do desenvolvimento de pessoas', 'Comunicação efetiva', 'Aprendizagem colaborativa', 'Criação e modificação', 'Visão Sistêmica']","['Criação de conteúdo digital', 'Criação e modificação']"
baseline_random_distribution,7,42,"['Ensino', 'Orientação', 'Acessibilidade e inclusão - Docente', 'Resolução de problemas com base em dados', 'Comunicação efetiva', 'Gestão do desenvolvimento de pessoas', 'Visão estratégica']",['Planejamento']
baseline_random_distribution,7,43,"['Acessibilidade e inclusão - Docente', 'Orientação', 'Planejamento', 'Criação de conteúdo digital', 'Comunicação efetiva', 'Aprendizagem colaborativa', 'Liderança eficaz']","['Ensino', 'Orientação']"
baseline_random_distribution,7,44,"['Gestão do desenvolvimento de pessoas', 'Acessibilidade e inclusão - Docente', 'Diferenciação e personalização', 'Orientação', 'Criação de conteúdo digital', 'Aprendizagem colaborativa', 'Gerenciamento de recursos']","['Ensino', 'Orientação']"
baseline_random_distribution,7,45,"['Ensino', 'Gestão do desenvolvimento de pessoas', 'Planejamento', 'Acessibilidade e inclusão - Docente', 'Diferenciação e personalização', 'Estratégias de avaliação', 'Resolução de problemas com base em dados']","['Gerenciamento de recursos', 'Inovação', 'Planejamento']"
baseline_random_distribution,7,46,"['Ensino', 'Diferenciação e personalização', 'Orientação', 'Acessibilidade e inclusão - Docente', 'Criação de conteúdo digital', 'Uso de TIC', 'Visão estratégica']","['Ensino', 'Orientação']"
baseline_random_distribution,7,47,"['Ensino', 'Orientação', 'Diferenciação e personalização', 'Planejamento', 'Resolução de problemas com base em dados', 'Criação de conteúdo digital', 'Aprendizagem autorregulada']","['Gestão do trabalho em equipe', 'Mentalidade Digital']"
baseline_random_distribution,7,48,"['Ensino', 'Acessibilidade e inclusão - Docente', 'Visão Sistêmica', 'Estratégias de avaliação', 'Comunicação efetiva', 'Tomada de decisão para gestores', 'Melhoria contínua de processos']",['Acessibilidade e inclusão - Docente']
baseline_random_distribution,7,49,"['Ensino', 'Orientação', 'Gestão do desenvolvimento de pessoas', 'Gerenciamento de recursos', 'Criação e modificação', 'Planejamento', 'Diferenciação e personalização']","['Acessibilidade e inclusão - Docente', 'Diferenciação e personalização']"
baseline_random_distribution,7,50,"['Ensino', 'Acessibilidade e inclusão - Docente', 'Diferenciação e personalização', 'Resolução de problemas com base em dados', 'Planejamento', 'Gestão do desenvolvimento de pessoas', 'Uso de TIC']","['Desenvolvimento Profissional Contínuo (DPC) digital', 'Estratégias de avaliação', 'Planejamento', 'Resolução de problemas com base em dados', 'Resolução de problemas digitais']"
baseline_random_distribution,7,51,"['Ensino', 'Orientação', 'Acessibilidade e inclusão - Docente', 'Gestão do desenvolvimento de pessoas', 'Estratégias de avaliação', 'Aprendizagem autorregulada', 'Gerenciamento de recursos']","['Colaboração profissional', 'Desenvolvimento Profissional Contínuo (DPC) digital', 'Gerenciamento da mudança', 'Gerenciamento de recursos', 'Gerenciamento digital', 'Gestão do desenvolvimento de pessoas', 'Gestão do trabalho em equipe', 'Inovação', 'Mentalidade Digital', 'Organização da rotina', 'Uso de TIC']"
baseline_random_distribution,7,52,"['Ensino', 'Orientação', 'Acessibilidade e inclusão - Docente', 'Diferenciação e personalização', 'Gestão do desenvolvimento de pessoas', 'Planejamento', 'Criação de conteúdo digital']",['Seleção']
baseline_random_distribution,7,53,"['Ensino', 'Orientação', 'Diferenciação e personalização', 'Planejamento', 'Gestão do desenvolvimento de pessoas', 'Resolução de problemas com base em dados', 'Criação de conteúdo digital']","['Acessibilidade e inclusão - Docente', 'Promoção da Inclusão e Acessibilidade']"
baseline_random_distribution,7,54,"['Ensino', 'Orientação', 'Planejamento', 'Resolução de problemas com base em dados', 'Comunicação', 'Comunicação efetiva', 'Mentalidade Digital']","['Comunicação institucional', 'Literacia da informação e das mídias']"
baseline_random_distribution,7,55,"['Orientação', 'Ensino', 'Diferenciação e personalização', 'Planejamento', 'Estratégias de avaliação', 'Comunicação efetiva', 'Melhoria contínua de processos']",['Comunicação efetiva']
baseline_random_distribution,7,56,"['Acessibilidade e inclusão - Docente', 'Diferenciação e personalização', 'Resolução de problemas com base em dados', 'Gestão do desenvolvimento de pessoas', 'Gerenciamento de recursos', 'Criação de conteúdo digital', 'Comunicação efetiva']",['Planejamento']
baseline_random_distribution,7,57,"['Acessibilidade e inclusão - Docente', 'Gestão do desenvolvimento de pessoas', 'Planejamento', 'Diferenciação e personalização', 'Criação e modificação', 'Gerenciamento de recursos', 'Visão Sistêmica']",['Orientação ao cidadão']
baseline_random_distribution,7,58,"['Ensino', 'Acessibilidade e inclusão - Docente', 'Gestão do desenvolvimento de pessoas', 'Diferenciação e personalização', 'Planejamento', 'Orientação', 'Estratégias de avaliação']",['Uso de TIC']
baseline_random_distribution,7,59,"['Orientação', 'Diferenciação e personalização', 'Resolução de problemas com base em dados', 'Aprendizagem colaborativa', 'Comunicação efetiva', 'Uso de TIC', 'Melhoria contínua de processos']",['Orientações por valores éticos']
baseline_random_distribution,7,60,"['Ensino', 'Acessibilidade e inclusão - Docente', 'Orientação', 'Resolução de problemas com base em dados', 'Criação e modificação', 'Gerenciamento de recursos', 'Criação de conteúdo digital']",['Planejamento']
baseline_random_distribution,7,61,"['Ensino', 'Diferenciação e personalização', 'Planejamento', 'Aprendizagem autorregulada', 'Envolvimento ativo', 'Criação de conteúdo digital', 'Comunicação efetiva']","['Ensino', 'Orientação']"
baseline_random_distribution,7,62,"['Orientação', 'Planejamento', 'Ensino', 'Acessibilidade e inclusão - Docente', 'Gestão do desenvolvimento de pessoas', 'Visão Sistêmica', 'Envolvimento ativo']","['Gestão do desenvolvimento de pessoas', 'Uso de TIC']"
baseline_random_distribution,7,63,"['Ensino', 'Orientação', 'Resolução de problemas com base em dados', 'Acessibilidade e inclusão - Docente', 'Planejamento', 'Diferenciação e personalização', 'Comunicação efetiva']","['Ensino', 'Orientação']"
baseline_random_distribution,7,64,"['Orientação', 'Ensino', 'Acessibilidade e inclusão - Docente', 'Criação de conteúdo digital', 'Planejamento', 'Aprendizagem autorregulada', 'Criação e modificação']","['Ensino', 'Orientação']"
baseline_random_distribution,7,65,"['Ensino', 'Orientação', 'Planejamento', 'Criação de conteúdo digital', 'Aprendizagem colaborativa', 'Gestão do desenvolvimento de pessoas', 'Diferenciação e personalização']",['Envolvimento ativo']
baseline_random_distribution,7,66,"['Ensino', 'Orientação', 'Diferenciação e personalização', 'Criação de conteúdo digital', 'Planejamento', 'Uso de TIC', 'Gerenciamento de recursos']",['Análise de problemas']
baseline_random_distribution,7,67,"['Ensino', 'Orientação', 'Planejamento', 'Diferenciação e personalização', 'Acessibilidade e inclusão - Docente', 'Criação e modificação', 'Aprendizagem colaborativa']",['Gerenciamento de recursos']
baseline_random_distribution,10,0,"['Ensino', 'Acessibilidade e inclusão - Docente', 'Planejamento', 'Gerenciamento de recursos', 'Estratégias de avaliação', 'Gestão do desenvolvimento de pessoas', 'Criação e modificação', 'Criação de conteúdo digital', 'Aprendizagem autorregulada', 'Liderança eficaz']","['Ensino', 'Orientação']"
baseline_random_distribution,10,1,"['Ensino', 'Orientação', 'Gestão do desenvolvimento de pessoas', 'Acessibilidade e inclusão - Docente', 'Planejamento', 'Tomada de decisão para gestores', 'Visão Sistêmica', 'Criação de conteúdo digital', 'Feedback e planificação', 'Aprendizagem colaborativa']","['Ensino', 'Orientação']"
baseline_random_distribution,10,2,"['Orientação', 'Diferenciação e personalização', 'Gestão do desenvolvimento de pessoas', 'Acessibilidade e inclusão - Docente', 'Aprendizagem autorregulada', 'Uso de TIC', 'Seleção', 'Criação e modificação', 'Gerenciamento de recursos', 'Gestão da qualidade']","['Acessibilidade e inclusão - Docente', 'Diferenciação e personalização']"
baseline_random_distribution,10,3,"['Acessibilidade e inclusão - Docente', 'Gestão do desenvolvimento de pessoas', 'Estratégias de avaliação', 'Comunicação efetiva', 'Comunicação interpessoal', 'Criação de conteúdo digital', 'Feedback e planificação', 'Visão Sistêmica', 'Liderança eficaz', 'Orientação']","['Acessibilidade e inclusão - Docente', 'Promoção da Inclusão e Acessibilidade']"
baseline_random_distribution,10,4,"['Ensino', 'Planejamento', 'Orientação', 'Criação e modificação', 'Diferenciação e personalização', 'Gerenciamento de recursos', 'Resolução de problemas com base em dados', 'Uso de TIC', 'Comunicação', 'Visão estratégica']","['Criação de conteúdo digital', 'Criação e modificação', 'Ensino', 'Seleção']"
baseline_random_distribution,10,5,"['Planejamento', 'Ensino', 'Criação e modificação', 'Comunicação efetiva', 'Liderança eficaz', 'Criação de conteúdo digital', 'Melhoria contínua de processos', 'Gerenciamento de recursos', 'Gestão da qualidade', 'Inovação']","['Colaboração profissional', 'Gestão do desenvolvimento de pessoas', 'Prática reflexiva']"
baseline_random_distribution,10,6,"['Orientação', 'Planejamento', 'Diferenciação e personalização', 'Gestão do desenvolvimento de pessoas', 'Gerenciamento de recursos', 'Criação de conteúdo digital', 'Comunicação efetiva', 'Visão Sistêmica', 'Ensino', 'Comunicação']","['Criação de conteúdo digital', 'Desenvolvimento Profissional Contínuo (DPC) digital', 'Ensino', 'Literacia da informação e das mídias', 'Seleção']"
baseline_random_distribution,10,7,"['Ensino', 'Orientação', 'Planejamento', 'Diferenciação e personalização', 'Estratégias de avaliação', 'Comunicação efetiva', 'Melhoria contínua de processos', 'Comunicação interpessoal', 'Mentalidade Digital', 'Uso de TIC']",['Comunicação efetiva']
baseline_random_distribution,10,8,"['Ensino', 'Orientação', 'Acessibilidade e inclusão - Docente', 'Resolução de problemas com base em dados', 'Diferenciação e personalização', 'Aprendizagem autorregulada', 'Comunicação efetiva', 'Estratégias de avaliação', 'Comunicação', 'Gerenciamento de recursos']",['Gerenciamento de recursos']
baseline_random_distribution,10,9,"['Ensino', 'Acessibilidade e inclusão - Docente', 'Diferenciação e personalização', 'Resolução de problemas com base em dados', 'Orientação', 'Uso de TIC', 'Gestão do desenvolvimento de pessoas', 'Gerenciamento de recursos', 'Criação e modificação', 'Criação de conteúdo digital']","['Estratégias de avaliação', 'Feedback e planificação']"
baseline_random_distribution,10,10,"['Orientação', 'Ensino', 'Acessibilidade e inclusão - Docente', 'Criação de conteúdo digital', 'Criação e modificação', 'Planejamento', 'Gerenciamento de recursos', 'Resolução de problemas com base em dados', 'Estratégias de avaliação', 'Diferenciação e personalização']","['Foco nos resultados para os cidadãos', 'Gerenciamento de recursos', 'Gestão da qualidade']"
baseline_random_distribution,10,11,"['Ensino', 'Planejamento', 'Diferenciação e personalização', 'Gerenciamento de recursos', 'Resolução de problemas com base em dados', 'Estratégias de avaliação', 'Gestão do desenvolvimento de pessoas', 'Acessibilidade e inclusão - Docente', 'Tomada de decisão para gestores', 'Criação e modificação']","['Aprendizagem autorregulada', 'Desenvolvimento Profissional Contínuo (DPC) digital', 'Ensino']"
baseline_random_distribution,10,12,"['Ensino', 'Orientação', 'Diferenciação e personalização', 'Acessibilidade e inclusão - Docente', 'Estratégias de avaliação', 'Visão Sistêmica', 'Criação de conteúdo digital', 'Aprendizagem autorregulada', 'Aprendizagem colaborativa', 'Planejamento']","['Análise de evidências', 'Ensino', 'Estratégias de avaliação', 'Feedback e planificação', 'Gestão do desenvolvimento de pessoas', 'Orientação']"
baseline_random_distribution,10,13,"['Ensino', 'Acessibilidade e inclusão - Docente', 'Gerenciamento de recursos', 'Estratégias de avaliação', 'Planejamento', 'Mentalidade Digital', 'Comunicação efetiva', 'Envolvimento ativo', 'Inovação', 'Gestão da qualidade']",['Gestão do desenvolvimento de pessoas']
baseline_random_distribution,10,14,"['Orientação', 'Planejamento', 'Acessibilidade e inclusão - Docente', 'Diferenciação e personalização', 'Criação de conteúdo digital', 'Estratégias de avaliação', 'Melhoria contínua de processos', 'Comunicação', 'Liderança eficaz', 'Comunicação e colaboração digital']","['Desenvolvimento Profissional Contínuo (DPC) digital', 'Ensino', 'Foco nos resultados para os cidadãos']"
baseline_random_distribution,10,15,"['Orientação', 'Planejamento', 'Gestão do desenvolvimento de pessoas', 'Envolvimento ativo', 'Aprendizagem colaborativa', 'Aprendizagem autorregulada', 'Acessibilidade e inclusão - Docente', 'Melhoria contínua de processos', 'Comunicação efetiva', 'Gerenciamento de recursos']","['Inovação', 'Mentalidade Digital', 'Trabalho em equipe', 'Visão Sistêmica']"
baseline_random_distribution,10,16,"['Gestão do desenvolvimento de pessoas', 'Resolução de problemas com base em dados', 'Diferenciação e personalização', 'Estratégias de avaliação', 'Criação de conteúdo digital', 'Aprendizagem colaborativa', 'Comunicação efetiva', 'Criação e modificação', 'Envolvimento ativo', 'Tomada de decisão para gestores']","['Foco nos resultados para os cidadãos', 'Gestão da qualidade']"
baseline_random_distribution,10,17,"['Gestão do desenvolvimento de pessoas', 'Criação de conteúdo digital', 'Criação e modificação', 'Aprendizagem autorregulada', 'Ensino', 'Tomada de decisão para gestores', 'Aprendizagem colaborativa', 'Comunicação interpessoal', 'Foco nos resultados para os cidadãos', 'Melhoria contínua de processos']","['Acessibilidade e inclusão - Docente', 'Diferenciação e personalização', 'Ensino', 'Gestão do desenvolvimento de pessoas', 'Orientação']"
baseline_random_distribution,10,18,"['Orientação', 'Acessibilidade e inclusão - Docente', 'Gestão do desenvolvimento de pessoas', 'Ensino', 'Criação de conteúdo digital', 'Visão estratégica', 'Comunicação interpessoal', 'Feedback e planificação', 'Liderança eficaz', 'Promoção da Inclusão e Acessibilidade']","['Comunicação', 'Comunicação e colaboração digital', 'Comunicação efetiva', 'Comunicação institucional', 'Comunicação interpessoal', 'Criação de conteúdo digital', 'Gestão do desenvolvimento de pessoas', 'Gestão do trabalho em equipe', 'Orientação ao cidadão', 'Relações institucionais']"
baseline_random_distribution,10,19,"['Ensino', 'Orientação', 'Diferenciação e personalização', 'Gestão do desenvolvimento de pessoas', 'Criação e modificação', 'Uso de TIC', 'Resolução de problemas com base em dados', 'Comunicação', 'Feedback e planificação', 'Aprendizagem autorregulada']","['Aprendizagem autorregulada', 'Criação de conteúdo digital', 'Criação e modificação']"
baseline_random_distribution,10,20,"['Ensino', 'Acessibilidade e inclusão - Docente', 'Gestão do desenvolvimento de pessoas', 'Resolução de problemas com base em dados', 'Criação e modificação', 'Gerenciamento de recursos', 'Orientação', 'Estratégias de avaliação', 'Comunicação interpessoal', 'Aprendizagem autorregulada']",['Planejamento']
baseline_random_distribution,10,21,"['Ensino', 'Orientação', 'Acessibilidade e inclusão - Docente', 'Gestão do desenvolvimento de pessoas', 'Diferenciação e personalização', 'Aprendizagem colaborativa', 'Uso de TIC', 'Envolvimento ativo', 'Criação de conteúdo digital', 'Comunicação']","['Análise de evidências', 'Estratégias de avaliação', 'Feedback e planificação']"
baseline_random_distribution,10,22,"['Orientação', 'Acessibilidade e inclusão - Docente', 'Gestão do desenvolvimento de pessoas', 'Gerenciamento de recursos', 'Seleção', 'Feedback e planificação', 'Comunicação efetiva', 'Melhoria contínua de processos', 'Visão estratégica', 'Visão Sistêmica']","['Ensino', 'Orientação']"
baseline_random_distribution,10,23,"['Orientação', 'Planejamento', 'Visão Sistêmica', 'Aprendizagem autorregulada', 'Criação de conteúdo digital', 'Comunicação', 'Aprendizagem colaborativa', 'Promoção da Inclusão e Acessibilidade', 'Inovação', 'Comunicação efetiva']","['Comunicação e colaboração digital', 'Criação de conteúdo digital']"
baseline_random_distribution,10,24,"['Ensino', 'Planejamento', 'Gestão do desenvolvimento de pessoas', 'Criação de conteúdo digital', 'Criação e modificação', 'Acessibilidade e inclusão - Docente', 'Resolução de problemas com base em dados', 'Melhoria contínua de processos', 'Visão Sistêmica', 'Comunicação']",['Comunicação interpessoal']
baseline_random_distribution,10,25,"['Ensino', 'Acessibilidade e inclusão - Docente', 'Gestão do desenvolvimento de pessoas', 'Orientação', 'Comunicação efetiva', 'Uso de TIC', 'Criação e modificação', 'Planejamento', 'Criação de conteúdo digital', 'Feedback e planificação']","['Ensino', 'Uso de TIC']"
baseline_random_distribution,10,26,"['Ensino', 'Acessibilidade e inclusão - Docente', 'Criação de conteúdo digital', 'Planejamento', 'Criação e modificação', 'Comunicação efetiva', 'Melhoria contínua de processos', 'Comunicação', 'Visão estratégica', 'Feedback e planificação']","['Comunicação', 'Comunicação efetiva', 'Comunicação interpessoal', 'Promoção da Inclusão e Acessibilidade', 'Relações institucionais']"
baseline_random_distribution,10,27,"['Ensino', 'Planejamento', 'Diferenciação e personalização', 'Acessibilidade e inclusão - Docente', 'Comunicação efetiva', 'Aprendizagem colaborativa', 'Gestão do desenvolvimento de pessoas', 'Orientação', 'Resolução de problemas com base em dados', 'Feedback e planificação']","['Ensino', 'Orientação']"
baseline_random_distribution,10,28,"['Ensino', 'Planejamento', 'Acessibilidade e inclusão - Docente', 'Diferenciação e personalização', 'Criação de conteúdo digital', 'Orientação', 'Aprendizagem colaborativa', 'Envolvimento ativo', 'Melhoria contínua de processos', 'Comunicação efetiva']","['Ensino', 'Orientação']"
baseline_random_distribution,10,29,"['Orientação', 'Ensino', 'Gestão do desenvolvimento de pessoas', 'Acessibilidade e inclusão - Docente', 'Planejamento', 'Gerenciamento de recursos', 'Resolução de problemas com base em dados', 'Estratégias de avaliação', 'Aprendizagem autorregulada', 'Feedback e planificação']","['Criação de conteúdo digital', 'Criação e modificação', 'Gerenciamento digital', 'Mentalidade Digital', 'Uso de TIC']"
baseline_random_distribution,10,30,"['Ensino', 'Orientação', 'Comunicação efetiva', 'Criação de conteúdo digital', 'Aprendizagem colaborativa', 'Criação e modificação', 'Resolução de problemas com base em dados', 'Planejamento', 'Tomada de decisão para gestores', 'Uso de TIC']","['Gestão do trabalho em equipe', 'Liderança eficaz', 'Trabalho em equipe']"
baseline_random_distribution,10,31,"['Orientação', 'Gestão do desenvolvimento de pessoas', 'Planejamento', 'Gerenciamento de recursos', 'Aprendizagem colaborativa', 'Estratégias de avaliação', 'Diferenciação e personalização', 'Comunicação', 'Tomada de decisão para gestores', 'Visão Sistêmica']","['Aprendizagem colaborativa', 'Envolvimento ativo']"
baseline_random_distribution,10,32,"['Ensino', 'Orientação', 'Planejamento', 'Gestão do desenvolvimento de pessoas', 'Criação de conteúdo digital', 'Aprendizagem colaborativa', 'Gerenciamento de recursos', 'Resolução de problemas com base em dados', 'Tomada de decisão para gestores', 'Aprendizagem autorregulada']","['Contribuição técnico-profissional', 'Desenvolvimento Profissional Contínuo (DPC) digital']"
baseline_random_distribution,10,33,"['Orientação', 'Planejamento', 'Comunicação efetiva', 'Gestão do desenvolvimento de pessoas', 'Acessibilidade e inclusão - Docente', 'Aprendizagem autorregulada', 'Aprendizagem colaborativa', 'Envolvimento ativo', 'Gerenciamento de recursos', 'Comunicação interpessoal']","['Aprendizagem colaborativa', 'Ensino', 'Envolvimento ativo', 'Estratégias de avaliação', 'Literacia da informação e das mídias', 'Orientação', 'Resolução de problemas digitais']"
baseline_random_distribution,10,34,"['Orientação', 'Ensino', 'Gestão do desenvolvimento de pessoas', 'Planejamento', 'Criação de conteúdo digital', 'Estratégias de avaliação', 'Uso de TIC', 'Diferenciação e personalização', 'Resolução de problemas com base em dados', 'Visão Sistêmica']","['Desenvolvimento Profissional Contínuo (DPC) digital', 'Gestão da qualidade']"
baseline_random_distribution,10,35,"['Orientação', 'Ensino', 'Acessibilidade e inclusão - Docente', 'Gestão do desenvolvimento de pessoas', 'Estratégias de avaliação', 'Comunicação', 'Envolvimento ativo', 'Melhoria contínua de processos', 'Tomada de decisão para gestores', 'Feedback e planificação']","['Ensino', 'Orientação']"
baseline_random_distribution,10,36,"['Orientação', 'Planejamento', 'Acessibilidade e inclusão - Docente', 'Gestão do desenvolvimento de pessoas', 'Ensino', 'Aprendizagem colaborativa', 'Tomada de decisão para gestores', 'Comunicação efetiva', 'Seleção', 'Gerenciamento de recursos']","['Foco nos resultados para os cidadãos', 'Liderança eficaz']"
baseline_random_distribution,10,37,"['Ensino', 'Planejamento', 'Gestão do desenvolvimento de pessoas', 'Orientação', 'Acessibilidade e inclusão - Docente', 'Diferenciação e personalização', 'Aprendizagem autorregulada', 'Comunicação interpessoal', 'Gerenciamento de recursos', 'Comunicação']","['Orientação ao cidadão', 'Planejamento']"
baseline_random_distribution,10,38,"['Orientação', 'Planejamento', 'Criação de conteúdo digital', 'Diferenciação e personalização', 'Visão Sistêmica', 'Acessibilidade e inclusão - Docente', 'Aprendizagem colaborativa', 'Inovação', 'Gestão, proteção e compartilhamento', 'Resolução de problemas com base em dados']","['Ensino', 'Orientação']"
baseline_random_distribution,10,39,"['Orientação', 'Acessibilidade e inclusão - Docente', 'Planejamento', 'Diferenciação e personalização', 'Ensino', 'Aprendizagem autorregulada', 'Comunicação', 'Comunicação efetiva', 'Promoção da Inclusão e Acessibilidade', 'Resolução de problemas com base em dados']",['Gerenciamento de recursos']
baseline_random_distribution,10,40,"['Ensino', 'Criação de conteúdo digital', 'Criação e modificação', 'Diferenciação e personalização', 'Gerenciamento de recursos', 'Estratégias de avaliação', 'Foco nos resultados para os cidadãos', 'Melhoria contínua de processos', 'Gestão da qualidade', 'Feedback e planificação']","['Acessibilidade e inclusão - Docente', 'Diferenciação e personalização', 'Ensino', 'Promoção da Inclusão e Acessibilidade', 'Prática reflexiva']"
baseline_random_distribution,10,41,"['Ensino', 'Planejamento', 'Gestão do desenvolvimento de pessoas', 'Comunicação efetiva', 'Aprendizagem colaborativa', 'Criação e modificação', 'Visão Sistêmica', 'Comunicação', 'Seleção', 'Estratégias de avaliação']","['Criação de conteúdo digital', 'Criação e modificação']"
baseline_random_distribution,10,42,"['Ensino', 'Orientação', 'Acessibilidade e inclusão - Docente', 'Resolução de problemas com base em dados', 'Comunicação efetiva', 'Gestão do desenvolvimento de pessoas', 'Visão estratégica', 'Tomada de decisão para gestores', 'Aprendizagem autorregulada', 'Comunicação e colaboração digital']",['Planejamento']
baseline_random_distribution,10,43,"['Acessibilidade e inclusão - Docente', 'Orientação', 'Planejamento', 'Criação de conteúdo digital', 'Comunicação efetiva', 'Aprendizagem colaborativa', 'Liderança eficaz', 'Criação e modificação', 'Gestão do desenvolvimento de pessoas', 'Envolvimento ativo']","['Ensino', 'Orientação']"
baseline_random_distribution,10,44,"['Gestão do desenvolvimento de pessoas', 'Acessibilidade e inclusão - Docente', 'Diferenciação e personalização', 'Orientação', 'Criação de conteúdo digital', 'Aprendizagem colaborativa', 'Gerenciamento de recursos', 'Aprendizagem autorregulada', 'Feedback e planificação', 'Planejamento']","['Ensino', 'Orientação']"
baseline_random_distribution,10,45,"['Ensino', 'Gestão do desenvolvimento de pessoas', 'Planejamento', 'Acessibilidade e inclusão - Docente', 'Diferenciação e personalização', 'Estratégias de avaliação', 'Resolução de problemas com base em dados', 'Aprendizagem autorregulada', 'Comunicação interpessoal', 'Orientação']","['Gerenciamento de recursos', 'Inovação', 'Planejamento']"
baseline_random_distribution,10,46,"['Ensino', 'Diferenciação e personalização', 'Orientação', 'Acessibilidade e inclusão - Docente', 'Criação de conteúdo digital', 'Uso de TIC', 'Visão estratégica', 'Criação e modificação', 'Gerenciamento de recursos', 'Melhoria contínua de processos']","['Ensino', 'Orientação']"
baseline_random_distribution,10,47,"['Ensino', 'Orientação', 'Diferenciação e personalização', 'Planejamento', 'Resolução de problemas com base em dados', 'Criação de conteúdo digital', 'Aprendizagem autorregulada', 'Acessibilidade e inclusão - Docente', 'Melhoria contínua de processos', 'Estratégias de avaliação']","['Gestão do trabalho em equipe', 'Mentalidade Digital']"
baseline_random_distribution,10,48,"['Ensino', 'Acessibilidade e inclusão - Docente', 'Visão Sistêmica', 'Estratégias de avaliação', 'Comunicação efetiva', 'Tomada de decisão para gestores', 'Melhoria contínua de processos', 'Gestão da qualidade', 'Envolvimento ativo', 'Gestão, proteção e compartilhamento']",['Acessibilidade e inclusão - Docente']
baseline_random_distribution,10,49,"['Ensino', 'Orientação', 'Gestão do desenvolvimento de pessoas', 'Gerenciamento de recursos', 'Criação e modificação', 'Planejamento', 'Diferenciação e personalização', 'Resolução de problemas com base em dados', 'Acessibilidade e inclusão - Docente', 'Uso de TIC']","['Acessibilidade e inclusão - Docente', 'Diferenciação e personalização']"
baseline_random_distribution,10,50,"['Ensino', 'Acessibilidade e inclusão - Docente', 'Diferenciação e personalização', 'Resolução de problemas com base em dados', 'Planejamento', 'Gestão do desenvolvimento de pessoas', 'Uso de TIC', 'Orientação', 'Aprendizagem autorregulada', 'Estratégias de avaliação']","['Desenvolvimento Profissional Contínuo (DPC) digital', 'Estratégias de avaliação', 'Planejamento', 'Resolução de problemas com base em dados', 'Resolução de problemas digitais']"
baseline_random_distribution,10,51,"['Ensino', 'Orientação', 'Acessibilidade e inclusão - Docente', 'Gestão do desenvolvimento de pessoas', 'Estratégias de avaliação', 'Aprendizagem autorregulada', 'Gerenciamento de recursos', 'Uso de TIC', 'Visão Sistêmica', 'Visão estratégica']","['Colaboração profissional', 'Desenvolvimento Profissional Contínuo (DPC) digital', 'Gerenciamento da mudança', 'Gerenciamento de recursos', 'Gerenciamento digital', 'Gestão do desenvolvimento de pessoas', 'Gestão do trabalho em equipe', 'Inovação', 'Mentalidade Digital', 'Organização da rotina', 'Uso de TIC']"
baseline_random_distribution,10,52,"['Ensino', 'Orientação', 'Acessibilidade e inclusão - Docente', 'Diferenciação e personalização', 'Gestão do desenvolvimento de pessoas', 'Planejamento', 'Criação de conteúdo digital', 'Criação e modificação', 'Resolução de problemas com base em dados', 'Estratégias de avaliação']",['Seleção']
baseline_random_distribution,10,53,"['Ensino', 'Orientação', 'Diferenciação e personalização', 'Planejamento', 'Gestão do desenvolvimento de pessoas', 'Resolução de problemas com base em dados', 'Criação de conteúdo digital', 'Uso de TIC', 'Comunicação efetiva', 'Aprendizagem autorregulada']","['Acessibilidade e inclusão - Docente', 'Promoção da Inclusão e Acessibilidade']"
baseline_random_distribution,10,54,"['Ensino', 'Orientação', 'Planejamento', 'Resolução de problemas com base em dados', 'Comunicação', 'Comunicação efetiva', 'Mentalidade Digital', 'Diferenciação e personalização', 'Acessibilidade e inclusão - Docente', 'Gestão da qualidade']","['Comunicação institucional', 'Literacia da informação e das mídias']"
baseline_random_distribution,10,55,"['Orientação', 'Ensino', 'Diferenciação e personalização', 'Planejamento', 'Estratégias de avaliação', 'Comunicação efetiva', 'Melhoria contínua de processos', 'Criação de conteúdo digital', 'Aprendizagem colaborativa', 'Gestão da qualidade']",['Comunicação efetiva']
baseline_random_distribution,10,56,"['Acessibilidade e inclusão - Docente', 'Diferenciação e personalização', 'Resolução de problemas com base em dados', 'Gestão do desenvolvimento de pessoas', 'Gerenciamento de recursos', 'Criação de conteúdo digital', 'Comunicação efetiva', 'Aprendizagem autorregulada', 'Inovação', 'Tomada de decisão para gestores']",['Planejamento']
baseline_random_distribution,10,57,"['Acessibilidade e inclusão - Docente', 'Gestão do desenvolvimento de pessoas', 'Planejamento', 'Diferenciação e personalização', 'Criação e modificação', 'Gerenciamento de recursos', 'Visão Sistêmica', 'Estratégias de avaliação', 'Comunicação', 'Foco nos resultados para os cidadãos']",['Orientação ao cidadão']
baseline_random_distribution,10,58,"['Ensino', 'Acessibilidade e inclusão - Docente', 'Gestão do desenvolvimento de pessoas', 'Diferenciação e personalização', 'Planejamento', 'Orientação', 'Estratégias de avaliação', 'Resolução de problemas com base em dados', 'Comunicação efetiva', 'Envolvimento ativo']",['Uso de TIC']
baseline_random_distribution,10,59,"['Orientação', 'Diferenciação e personalização', 'Resolução de problemas com base em dados', 'Aprendizagem colaborativa', 'Comunicação efetiva', 'Uso de TIC', 'Melhoria contínua de processos', 'Mentalidade Digital', 'Estratégias de avaliação', 'Envolvimento ativo']",['Orientações por valores éticos']
baseline_random_distribution,10,60,"['Ensino', 'Acessibilidade e inclusão - Docente', 'Orientação', 'Resolução de problemas com base em dados', 'Criação e modificação', 'Gerenciamento de recursos', 'Criação de conteúdo digital', 'Feedback e planificação', 'Diferenciação e personalização', 'Planejamento']",['Planejamento']
baseline_random_distribution,10,61,"['Ensino', 'Diferenciação e personalização', 'Planejamento', 'Aprendizagem autorregulada', 'Envolvimento ativo', 'Criação de conteúdo digital', 'Comunicação efetiva', 'Estratégias de avaliação', 'Resolução de problemas com base em dados', 'Mentalidade Digital']","['Ensino', 'Orientação']"
baseline_random_distribution,10,62,"['Orientação', 'Planejamento', 'Ensino', 'Acessibilidade e inclusão - Docente', 'Gestão do desenvolvimento de pessoas', 'Visão Sistêmica', 'Envolvimento ativo', 'Estratégias de avaliação', 'Gestão da qualidade', 'Criação de conteúdo digital']","['Gestão do desenvolvimento de pessoas', 'Uso de TIC']"
baseline_random_distribution,10,63,"['Ensino', 'Orientação', 'Resolução de problemas com base em dados', 'Acessibilidade e inclusão - Docente', 'Planejamento', 'Diferenciação e personalização', 'Comunicação efetiva', 'Melhoria contínua de processos', 'Gerenciamento de recursos', 'Gestão do desenvolvimento de pessoas']","['Ensino', 'Orientação']"
baseline_random_distribution,10,64,"['Orientação', 'Ensino', 'Acessibilidade e inclusão - Docente', 'Criação de conteúdo digital', 'Planejamento', 'Aprendizagem autorregulada', 'Criação e modificação', 'Estratégias de avaliação', 'Visão estratégica', 'Resolução de problemas com base em dados']","['Ensino', 'Orientação']"
baseline_random_distribution,10,65,"['Ensino', 'Orientação', 'Planejamento', 'Criação de conteúdo digital', 'Aprendizagem colaborativa', 'Gestão do desenvolvimento de pessoas', 'Diferenciação e personalização', 'Melhoria contínua de processos', 'Tomada de decisão para gestores', 'Acessibilidade e inclusão - Docente']",['Envolvimento ativo']
baseline_random_distribution,10,66,"['Ensino', 'Orientação', 'Diferenciação e personalização', 'Criação de conteúdo digital', 'Planejamento', 'Uso de TIC', 'Gerenciamento de recursos', 'Gestão do desenvolvimento de pessoas', 'Acessibilidade e inclusão - Docente', 'Visão Sistêmica']",['Análise de problemas']
baseline_random_distribution,10,67,"['Ensino', 'Orientação', 'Planejamento', 'Diferenciação e personalização', 'Acessibilidade e inclusão - Docente', 'Criação e modificação', 'Aprendizagem colaborativa', 'Tomada de decisão para gestores', 'Comunicação', 'Melhoria contínua de processos']",['Gerenciamento de recursos']
