courseId,courseName,courseDescription,courseHours,comp_id,comp_name,comp_description,cat_id,cat_name,tax_id,tax_name,comp_name_filtered,combinedText
02a304e6-2aed-4acf-852e-7668cac5df0e,Princípios do Atendimento Educacional Especializado na Educação Básica,"O que é o Atendimento Educacional Especializado? Objetivos do AEE. Público-alvo. Matrícula no AEE. Institucionalização do AEE. Estrutura básica para o atendimento. Sala de recursos multifuncionais. Plano do AEE. Professor de AEE. Outros profissionais de apoio. Formas de prestar o atendimento. Identificação do público-alvo. Legislação básica.
",30,"[""161fd267-d68a-4f88-925c-8082f17fb8b2"", ""bf6ee8ab-b64b-48fb-ad5a-738548fc2302""]","[""Acessibilidade e inclusão - Docente"", ""Diferenciação e personalização""]","["" \n \t\nUsar tecnologias digitais para atender às diversas necessidades de aprendizagem dos(as) estudantes, permitindo que estes progridam a diferentes níveis e velocidades e sigam caminhos e objetivos de aprendizagem individuais."", ""Garantir acessibilidade a recursos e atividades de aprendizagem para todos os(as) estudantes, incluindo os que têm necessidades especiais. Ter em consideração e dar resposta às expetativas, capacidades, usos e conceções errôneas (digitais) dos(as) estudantes, bem como ao uso contextual, físico e cognitivo que fazem das tecnologias digitais.""]","[""c7be7c48-c417-4dec-b203-34ddedba7507""]","[""Capacitação dos(as) Estudantes""]","[""6152c8bb-1632-42f0-9599-919b6bf15ecb"", ""85f646ca-67c5-439c-8cc1-df4fed9e0ae7"", ""dcd7e78d-25ed-4a16-9229-39773b4f6b3d""]","[""Analisar"", ""Entender"", ""Lembrar""]","[""Acessibilidade e inclusão - Docente"", ""Diferenciação e personalização""]",Princípios do Atendimento Educacional Especializado na Educação Básica O que é o Atendimento Educacional Especializado? Objetivos do AEE. Público-alvo. Matrícula no AEE. Institucionalização do AEE. Estrutura básica para o atendimento. Sala de recursos multifuncionais. Plano do AEE. Professor de AEE. Outros profissionais de apoio. Formas de prestar o atendimento. Identificação do público-alvo. Legislação básica.
03054354-9b05-4be5-bf8d-cd79bbf247ec,Libras II,Apresenta novas perspectivas linguísticas da Libras para quem possui ótima fluência nesta língua no contexto da Libras para Tradução a ponto de aprimorar seus conhecimentos linguísticos visando a formação de Tradutor e Intérprete de Libras e obter novos recursos técnicos para afiar sua segunda língua.,40,"[""45d29970-ecb3-4e4a-b57b-4850c9b6d98f""]","[""Comunicação efetiva""]","[""Estabelecer comunicação efetiva e positiva com superiores hierárquicos, pares e cidadãos, tanto na expressão escrita e verbal quanto corporal.""]","[""4a2cf0b1-98dd-4bff-adc0-898f32e7b857""]","[""Orientação a Resultados""]","[""6152c8bb-1632-42f0-9599-919b6bf15ecb"", ""7b16819f-cb8a-406d-9ab9-a335a50143cb"", ""85f646ca-67c5-439c-8cc1-df4fed9e0ae7""]","[""Aplicar"", ""Entender"", ""Lembrar""]","[""Comunicação efetiva""]",Libras II Apresenta novas perspectivas linguísticas da Libras para quem possui ótima fluência nesta língua no contexto da Libras para Tradução a ponto de aprimorar seus conhecimentos linguísticos visando a formação de Tradutor e Intérprete de Libras e obter novos recursos técnicos para afiar sua segunda língua.
040cb677-7c58-4053-a00b-8dd16d772c5e,Docência e Tutoria EaD,"O curso Docência e Tutoria EaD tem como objetivo propiciar uma melhor compreensão dos conceitos envolvidos no planejamento didático e nos papéis de um curso EaD, buscando capacitar docentes e tutores para atuarem em ambientes virtuais de aprendizagem. A ementa do curso aborda: Breve histórico da Educação a Distância (EaD); Os principais papéis na EaD; Comportamento do professor formador e tutor na EaD; Conceitos sobre o planejamento didático na EaD; O uso da tecnologia na educação; Impactos sociais; e A diferença entre EaD e regimes remotos de ensino.",30,"[""3062277b-4218-4f2b-8645-90ba3651fc52"", ""e4f31519-2fad-4fe8-b476-5da4715a16e9""]","[""Ensino"", ""Orientação""]","[""Planificar e implementar dispositivos e recursos digitais no processo de ensino, de modo a melhorar a eficácia das intervenções pedagógicas. Gerir e orquestrar  adequadamente estratégias de ensino digital. Experimentar e desenvolver novos formatos e métodos pedagógicos para o ensino."", ""Usar tecnologias e serviços digitais para melhorar a interação com os(as) estudantes,individual e coletivamente, dentro e fora da sessão de aprendizagem. Usar tecnologias digitais para proporcionar orientação e assistência oportuna e dirigida. Experimentar e desenvolver novas formas e formatos para oferecer orientação e apoio.""]","[""cac54f5d-834c-499c-bf8d-e549fa3828af""]","[""Ensino e Aprendizagem""]","[""6152c8bb-1632-42f0-9599-919b6bf15ecb"", ""7b16819f-cb8a-406d-9ab9-a335a50143cb"", ""85f646ca-67c5-439c-8cc1-df4fed9e0ae7""]","[""Aplicar"", ""Entender"", ""Lembrar""]","[""Ensino"", ""Orientação""]","Docência e Tutoria EaD O curso Docência e Tutoria EaD tem como objetivo propiciar uma melhor compreensão dos conceitos envolvidos no planejamento didático e nos papéis de um curso EaD, buscando capacitar docentes e tutores para atuarem em ambientes virtuais de aprendizagem. A ementa do curso aborda: Breve histórico da Educação a Distância (EaD); Os principais papéis na EaD; Comportamento do professor formador e tutor na EaD; Conceitos sobre o planejamento didático na EaD; O uso da tecnologia na educação; Impactos sociais; e A diferença entre EaD e regimes remotos de ensino."
047772f6-5452-4924-abe6-1e9a2ed22e47,Sistema Eletrônico de Informações - SEI! USAR,"Este curso apresenta as principais funcionalidades do Sistema Eletrônico de Informações (SEI), utilizado na Administração Pública federal para aprimorar a gestão documental e facilitar o acesso de servidores e cidadãos às informações institucionais, propiciando celeridade, segurança e economicidade. O objetivo do curso é capacitar as pessoas que atuam na gestão de documentos para utilizar o SEI e usufruir dos seus benefícios no dia a dia de trabalho.",20,"[""b30f6b99-0189-4c80-8977-bd7cf269ab8e""]","[""Uso de TIC""]","[""Otimizar o uso das tecnologias de informação e comunicação disponíveis, em seu efetivo potencial, para melhorar seu desempenho.""]","[""4a2cf0b1-98dd-4bff-adc0-898f32e7b857""]","[""Orientação a Resultados""]","[""6152c8bb-1632-42f0-9599-919b6bf15ecb"", ""7b16819f-cb8a-406d-9ab9-a335a50143cb""]","[""Aplicar"", ""Entender""]","[""Uso de TIC""]","Sistema Eletrônico de Informações - SEI! USAR Este curso apresenta as principais funcionalidades do Sistema Eletrônico de Informações (SEI), utilizado na Administração Pública federal para aprimorar a gestão documental e facilitar o acesso de servidores e cidadãos às informações institucionais, propiciando celeridade, segurança e economicidade. O objetivo do curso é capacitar as pessoas que atuam na gestão de documentos para utilizar o SEI e usufruir dos seus benefícios no dia a dia de trabalho."
06b75511-3a20-42df-9e87-3f190661d14a,Gamificação para a Educação,"O curso visa introduzir conceitos das mecânicas e das narrativas dos jogos em sistemas educacionais e suas principais características para educadores e interessados que possam levar adiante a prática para sala de aula, seja ela presencial, seja virtual.",15,"[""30521bbb-e702-47d7-a287-b242cf5bf600"", ""4667ae96-35b0-435a-87f5-e21af9c1086d"", ""6a6c1fb3-6126-406e-80b1-fd587d3b5a25"", ""84b2a6b0-c670-4a34-a04f-594a0b4c1d4a"", ""8f9fe3a9-ae88-46cc-a823-6a92c28243f2"", ""b30f6b99-0189-4c80-8977-bd7cf269ab8e"", ""e4f31519-2fad-4fe8-b476-5da4715a16e9""]","[""Criação de conteúdo digital"", ""Criação e modificação"", ""Ensino"", ""Estratégias de avaliação"", ""Gerenciamento digital"", ""Resolução de problemas com base em dados"", ""Uso de TIC""]","[""Capacidade de idear soluções inovadoras e efetivas para problemas de baixa, média ou elevada complexidade com a utilização de dados (numéricos e não numéricos) e evidências que aumentem a precisão e viabilidade das soluções."", ""Incorporar atividades, tarefas e avaliações de aprendizagem que requeiram que os(as) estudantes se expressem através de meios digitais, modifiquem e criem conteúdo digital em diferentes formatos. Ensinar aos(às) estudantes como os direitos de autor e as licenças se aplicam ao conteúdo digital, como referenciar fontes e atribuir licenças."", ""Modificar e desenvolver recursos existentes com licença aberta e outros recursos onde tal é permitido. Criar ou cocriar novos recursos educacionais digitais. Ter em\nconsideração o objetivo específico de aprendizagem, o contexto, a abordagem pedagógica e o grupo de estudantes, ao selecionar recursos digitais e planificar a sua utilização."", ""Otimizar o uso das tecnologias de informação e comunicação disponíveis, em seu efetivo potencial, para melhorar seu desempenho."", ""Planificar e implementar dispositivos e recursos digitais no processo de ensino, de modo a melhorar a eficácia das intervenções pedagógicas. Gerir e orquestrar  adequadamente estratégias de ensino digital. Experimentar e desenvolver novos formatos e métodos pedagógicos para o ensino."", ""Reconhecer efetivamente o direito dos cidadãos à informação pública e à interação com serviços no ambiente digital, garantindo canais efetivos para requisição de serviços, pedidos, consultas, procedimentos, acompanhamento e resolução remotos."", ""Usar tecnologias digitais para a avaliação formativa e sumativa. Melhorar a diversidade e adequação dos formatos e abordagens de avaliação.""]","[""05ac4a5c-019d-4ec7-83cc-12ca141322fa"", ""27ccdc3f-64d6-4748-960b-171e9c804d23"", ""4a2cf0b1-98dd-4bff-adc0-898f32e7b857"", ""5a224ac7-f165-4900-971c-f82f2684f779"", ""7d566976-b00c-4aa7-aa67-d94656c8db8c"", ""cac54f5d-834c-499c-bf8d-e549fa3828af"", ""cc76e5f1-476f-48b1-9d32-ccb2de7f2cde""]","[""Avaliação"", ""Ensino e Aprendizagem"", ""Gestão de Mudanças"", ""Orientação a Resultados"", ""Promoção da Competência Digital dos(as) Estudantes"", ""Recursos Digitais"", ""Transversais""]","[""6152c8bb-1632-42f0-9599-919b6bf15ecb"", ""7b16819f-cb8a-406d-9ab9-a335a50143cb"", ""85f646ca-67c5-439c-8cc1-df4fed9e0ae7""]","[""Aplicar"", ""Entender"", ""Lembrar""]","[""Criação de conteúdo digital"", ""Criação e modificação"", ""Ensino"", ""Estratégias de avaliação"", ""Gerenciamento digital"", ""Resolução de problemas com base em dados"", ""Uso de TIC""]","Gamificação para a Educação O curso visa introduzir conceitos das mecânicas e das narrativas dos jogos em sistemas educacionais e suas principais características para educadores e interessados que possam levar adiante a prática para sala de aula, seja ela presencial, seja virtual."
07eaeb96-794b-4dee-b14a-33c2d084150b,Comunicação Empresarial,"O curso Comunicação Empresarial tem como objetivo desenvolver habilidades essenciais em comunicação escrita e administrativa no ambiente corporativo. Com uma abordagem teórica, o curso abordará conceitos fundamentais da comunicação empresarial, técnicas de redação clara e persuasiva, elaboração de documentos administrativos e estratégias para comunicação eficaz em diferentes contextos organizacionais.
Destinado a estudantes, profissionais de diversas áreas e interessados em melhorar sua comunicação profissional.  Ao final, os participantes estarão aptos a redigir documentos empresariais com precisão, comunicar-se de forma assertiva em diferentes situações de trabalho e aplicar técnicas para melhorar a eficácia da comunicação organizacional.
Para conclusão, não há pré-requisitos, mas recomenda-se familiaridade com o uso básico de ferramentas de edição de texto.",20,"[""cdbece75-961d-4176-b34b-66e1a530dcf2""]","[""Comunicação institucional""]","[""Usar tecnologias digitais para melhorar a comunicação institucional com os(as) estudantes, pais ou responsáveis e terceiros. Contribuir colaborativamente para desenvolver e melhorar as estratégias de comunicação institucional.""]","[""690c731c-31f8-46f6-94f6-94d952223a08""]","[""Envolvimento Profissional""]","[""6152c8bb-1632-42f0-9599-919b6bf15ecb"", ""85f646ca-67c5-439c-8cc1-df4fed9e0ae7""]","[""Entender"", ""Lembrar""]","[""Comunicação institucional""]","Comunicação Empresarial O curso Comunicação Empresarial tem como objetivo desenvolver habilidades essenciais em comunicação escrita e administrativa no ambiente corporativo. Com uma abordagem teórica, o curso abordará conceitos fundamentais da comunicação empresarial, técnicas de redação clara e persuasiva, elaboração de documentos administrativos e estratégias para comunicação eficaz em diferentes contextos organizacionais.
Destinado a estudantes, profissionais de diversas áreas e interessados em melhorar sua comunicação profissional.  Ao final, os participantes estarão aptos a redigir documentos empresariais com precisão, comunicar-se de forma assertiva em diferentes situações de trabalho e aplicar técnicas para melhorar a eficácia da comunicação organizacional.
Para conclusão, não há pré-requisitos, mas recomenda-se familiaridade com o uso básico de ferramentas de edição de texto."
0965fc05-846f-48c0-8907-422b984a704c,Projetos: elaboração e gestão,"Introdução, etapas do projeto, elaboração de projetos, atores, áreas do conhecimento, ferramentas e templates.",60,"[""3062277b-4218-4f2b-8645-90ba3651fc52"", ""e4f31519-2fad-4fe8-b476-5da4715a16e9""]","[""Ensino"", ""Orientação""]","[""Planificar e implementar dispositivos e recursos digitais no processo de ensino, de modo a melhorar a eficácia das intervenções pedagógicas. Gerir e orquestrar  adequadamente estratégias de ensino digital. Experimentar e desenvolver novos formatos e métodos pedagógicos para o ensino."", ""Usar tecnologias e serviços digitais para melhorar a interação com os(as) estudantes,individual e coletivamente, dentro e fora da sessão de aprendizagem. Usar tecnologias digitais para proporcionar orientação e assistência oportuna e dirigida. Experimentar e desenvolver novas formas e formatos para oferecer orientação e apoio.""]","[""cac54f5d-834c-499c-bf8d-e549fa3828af""]","[""Ensino e Aprendizagem""]","[""6152c8bb-1632-42f0-9599-919b6bf15ecb"", ""7b16819f-cb8a-406d-9ab9-a335a50143cb"", ""85f646ca-67c5-439c-8cc1-df4fed9e0ae7""]","[""Aplicar"", ""Entender"", ""Lembrar""]","[""Ensino"", ""Orientação""]","Projetos: elaboração e gestão Introdução, etapas do projeto, elaboração de projetos, atores, áreas do conhecimento, ferramentas e templates."
0da45e00-4b82-44a9-8bea-3dfc85f01953,Estatística,"O curso Estatística, oferecido pelo Ministério da Fazenda como conteudista e certificado pela Enap (Escola Nacional de Administração Pública), é uma formação aberta, gratuita e com certificado. Ele integra o Programa Conceitos Essenciais para Avaliação Socioeconômica de Projetos e tem como proposta central desenvolver competências para a avaliação socioeconômica de projetos, incluindo a compreensão das implicações sociais, econômicas e ambientais ao longo do seu ciclo de vida, como subsídio à tomada de decisões. O curso é destinado a agentes públicos federais, municipais e estaduais (Executivo, Legislativo e Judiciário) responsáveis pela análise de projetos de grande porte, mas está aberto a qualquer pessoa interessada. Com 20 horas de carga horária em português e 30 dias de disponibilidade, o conteúdo programático aborda: 1. Estatística descritiva (dados estatísticos, distribuição de frequências, medidas de posição e dispersão); e 2. Probabilidades e Técnicas de Amostragem (tipos de evento, probabilidade, análise de riscos na avaliação de projetos, amostragem e dimensionamento da amostra).",20,"[""c769606e-9f97-4fab-b9c9-51eb99e3bd44""]","[""Tomada de decisão para gestores""]","[""Adotar e informar decisões prévias, explorando alternativas para minimizar custos e aumentar as vantagens para a organização na questão que for decidida.""]","[""b47333be-1c80-40a9-a93d-9bbc4d7e4677""]","[""Gestão de Resultados""]","[""6152c8bb-1632-42f0-9599-919b6bf15ecb"", ""7b16819f-cb8a-406d-9ab9-a335a50143cb""]","[""Aplicar"", ""Entender""]","[""Tomada de decisão para gestores""]","Estatística O curso Estatística, oferecido pelo Ministério da Fazenda como conteudista e certificado pela Enap (Escola Nacional de Administração Pública), é uma formação aberta, gratuita e com certificado. Ele integra o Programa Conceitos Essenciais para Avaliação Socioeconômica de Projetos e tem como proposta central desenvolver competências para a avaliação socioeconômica de projetos, incluindo a compreensão das implicações sociais, econômicas e ambientais ao longo do seu ciclo de vida, como subsídio à tomada de decisões. O curso é destinado a agentes públicos federais, municipais e estaduais (Executivo, Legislativo e Judiciário) responsáveis pela análise de projetos de grande porte, mas está aberto a qualquer pessoa interessada. Com 20 horas de carga horária em português e 30 dias de disponibilidade, o conteúdo programático aborda: 1. Estatística descritiva (dados estatísticos, distribuição de frequências, medidas de posição e dispersão); e 2. Probabilidades e Técnicas de Amostragem (tipos de evento, probabilidade, análise de riscos na avaliação de projetos, amostragem e dimensionamento da amostra)."
0ed26b13-486c-470c-9860-36b6b55f923e,Saúde mental no contexto da educação,"O curso ""Saúde mental no contexto da educação"" do Itinerário Formativo ""Ensino de Ciências, Saúde e Ambiente (ENCISA)"" visa preparar profissionais da educação para promover debates sobre questões que envolvem a ""Saúde Mental na Escola"" e os principais Transtornos Mentais na Educação, incluindo as principais legislações associadas à Política Nacional de Saúde Mental.  Trata-se de uma abordagem temática articulada ao ensino de ciências naturais na perspectiva da educação Ciência, Tecnologia, Sociedade e Ambiente (CTS/CTSA) associada à Práxis Educativa Freireana. Tem como objetivo também apresentar a Metodologia da Mediação Dialética (MMD), que aliada aos pressupostos da Formação de Professores, visa operacionalizar a maneira como o conteúdo pode ser abordado pelo docente. O curso faz parte de uma trilha de cursos MOOC para Formação de Professores em Ciências, Saúde e Ambiente quem visam contextualizar os temas de maneira transversal e transdisciplinar envolvendo questões tecnológicas, políticas, culturais, sociais, saúde e ambientais para potencializar o despertar para novas formas de abordagens em espaços escolares e não escolares.",20,"[""1c596a8d-dff3-46ca-a684-8eb59b20800c"", ""432c5350-bdb8-4e22-b7a4-0417e9cfa8f4"", ""a3a55daf-faf9-41e2-81eb-613b8c94fad1"", ""e6401337-5058-40be-b0d3-b28d487e43d3""]","[""Gerenciamento de políticas"", ""Gestão do desenvolvimento de pessoas"", ""Liderança eficaz"", ""Visão Sistêmica""]","[""Capacidade de identificar os principais marcos institucionais e as tendências sociais, políticas e econômicas nos cenários local, regional, nacional e internacional. Marcos esses que podem impactar os processos decisórios e a gestão de programas e projetos no âmbito do setor público."", ""Contribuir para a coerência estratégica da gestão de políticas, articulando e complementando os objetivos e resultados das organizações; desempenhar o papel de liderança no âmbito das políticas públicas promovidas pelo Alto Governo."", ""Dirigir equipes, otimizando a aplicação de talentos disponíveis e criando um ambiente positivo e comprometido para a obtenção de resultados."", ""Forjar um ambiente de trabalho em que os interesses de equipes e indivíduos se harmonizem com os objetivos e resultados da organização, gerando oportunidades de aprendizado e desenvolvimento, bem como incentivos para reforçar o desempenho excepcional.""]","[""27ccdc3f-64d6-4748-960b-171e9c804d23"", ""7d566976-b00c-4aa7-aa67-d94656c8db8c"", ""b47333be-1c80-40a9-a93d-9bbc4d7e4677""]","[""Gestão de Mudanças"", ""Gestão de Resultados"", ""Transversais""]","[""6152c8bb-1632-42f0-9599-919b6bf15ecb"", ""dcd7e78d-25ed-4a16-9229-39773b4f6b3d"", ""e10b37a4-2e66-4a5b-bd09-815dc7a45fff""]","[""Analisar"", ""Avaliar"", ""Entender""]","[""Gerenciamento de políticas"", ""Gestão do desenvolvimento de pessoas"", ""Liderança eficaz"", ""Visão Sistêmica""]","Saúde mental no contexto da educação O curso ""Saúde mental no contexto da educação"" do Itinerário Formativo ""Ensino de Ciências, Saúde e Ambiente (ENCISA)"" visa preparar profissionais da educação para promover debates sobre questões que envolvem a ""Saúde Mental na Escola"" e os principais Transtornos Mentais na Educação, incluindo as principais legislações associadas à Política Nacional de Saúde Mental.  Trata-se de uma abordagem temática articulada ao ensino de ciências naturais na perspectiva da educação Ciência, Tecnologia, Sociedade e Ambiente (CTS/CTSA) associada à Práxis Educativa Freireana. Tem como objetivo também apresentar a Metodologia da Mediação Dialética (MMD), que aliada aos pressupostos da Formação de Professores, visa operacionalizar a maneira como o conteúdo pode ser abordado pelo docente. O curso faz parte de uma trilha de cursos MOOC para Formação de Professores em Ciências, Saúde e Ambiente quem visam contextualizar os temas de maneira transversal e transdisciplinar envolvendo questões tecnológicas, políticas, culturais, sociais, saúde e ambientais para potencializar o despertar para novas formas de abordagens em espaços escolares e não escolares."
0efe7025-8eec-462a-a3aa-9a9d14480cce,Orçamento e Contabilidade do Setor Público,"O curso ""Orçamento e Contabilidade do Setor Público visa possibilitar aos participantes conhecimentos básicos sobre o tema, permitindo a compreensão dos mesmos para que possam acompanhar e exercer o controle cidadão sobre as ações governamentais. Para tanto, foram selecionados os seguintes conteúdos: Estado e Governo. Administração Pública. Estado Brasileiro. Introdução ao Orçamento Público. Sistema Orçamentário Brasileiro. Princípios Orçamentários. Receita Pública. Classificação da Receita Pública. Despesa Pública. Classificação da Despesa Pública. Conceito de Contabilidade Pública. Plano de Contas do Setor Público. Demonstrações Contábeis.",40,"[""3a910f03-4c71-4606-93cd-179056019b11""]","[""Gerenciamento de recursos""]","[""Preservar critérios de eficácia e eficiência na administração de recursos materiais, das competências das pessoas e dos ativos de uso da organização.""]","[""b47333be-1c80-40a9-a93d-9bbc4d7e4677""]","[""Gestão de Resultados""]","[""6152c8bb-1632-42f0-9599-919b6bf15ecb"", ""dcd7e78d-25ed-4a16-9229-39773b4f6b3d"", ""e10b37a4-2e66-4a5b-bd09-815dc7a45fff""]","[""Analisar"", ""Avaliar"", ""Entender""]","[""Gerenciamento de recursos""]","Orçamento e Contabilidade do Setor Público O curso ""Orçamento e Contabilidade do Setor Público visa possibilitar aos participantes conhecimentos básicos sobre o tema, permitindo a compreensão dos mesmos para que possam acompanhar e exercer o controle cidadão sobre as ações governamentais. Para tanto, foram selecionados os seguintes conteúdos: Estado e Governo. Administração Pública. Estado Brasileiro. Introdução ao Orçamento Público. Sistema Orçamentário Brasileiro. Princípios Orçamentários. Receita Pública. Classificação da Receita Pública. Despesa Pública. Classificação da Despesa Pública. Conceito de Contabilidade Pública. Plano de Contas do Setor Público. Demonstrações Contábeis."
10c891b9-d612-45c0-9518-e3e5a823cf7d,Gamificação no Moodle na Educação a Distância,"O curso trata de conceitos de Gamificação; Gamificação na Prática; Gamificando o Curso no Moodle. Conteúdo: Conhecendo os conceitos de Gamificação; Gamificação na Prática; Gamificando seu Curso no Moodle.
Carga-horária: 30 horas.
Público-alvo: docentes e designers educacionais que atuam na educação online.
Requisitos: Ensino superior completo, compreensão de leitura e escuta em língua portuguesa, conhecimento avançado em Moodle ou ter realizado o curso “Moodle Básico para Professores”, possuir computador com recursos de áudio e vídeo, possuir e saber manusear o leitor de arquivos PDF, saber utilizar o YouTube.
Módulos: 03.",30,"[""30521bbb-e702-47d7-a287-b242cf5bf600"", ""b64634ab-e0ca-42a8-a95d-b8670598488b"", ""c6d771e2-d2a0-443d-b615-b0c813965e99"", ""e4f31519-2fad-4fe8-b476-5da4715a16e9""]","[""Aprendizagem autorregulada"", ""Ensino"", ""Estratégias de avaliação"", ""Feedback e planificação""]","[""Planificar e implementar dispositivos e recursos digitais no processo de ensino, de modo a melhorar a eficácia das intervenções pedagógicas. Gerir e orquestrar  adequadamente estratégias de ensino digital. Experimentar e desenvolver novos formatos e métodos pedagógicos para o ensino."", ""Usar tecnologias digitais para a avaliação formativa e sumativa. Melhorar a diversidade e adequação dos formatos e abordagens de avaliação."", ""Usar tecnologias digitais para apoiar a aprendizagem autorregulada dos(as) estudantes, isto é, permitir que planejem, acompanhem e reflitam sobre a sua própria\naprendizagem, forneçam evidências de progresso, compartilhem ideias e encontrem soluções criativas.\n"", ""Usar tecnologias digitais para fornecer feedback oportuno e direcionado aos(às) estudantes. Adaptar estratégias de ensino e proporcionar apoio direcionado,\ncom base nas evidências geradas pelas tecnologias digitais utilizadas. Permitir que estudantes e pais ou responsáveis  compreendam as evidências fornecidas pelas tecnologias digitais e as usem para tomada de decisão.""]","[""cac54f5d-834c-499c-bf8d-e549fa3828af"", ""cc76e5f1-476f-48b1-9d32-ccb2de7f2cde""]","[""Avaliação"", ""Ensino e Aprendizagem""]","[""6152c8bb-1632-42f0-9599-919b6bf15ecb"", ""7b16819f-cb8a-406d-9ab9-a335a50143cb"", ""85f646ca-67c5-439c-8cc1-df4fed9e0ae7""]","[""Aplicar"", ""Entender"", ""Lembrar""]","[""Aprendizagem autorregulada"", ""Ensino"", ""Estratégias de avaliação"", ""Feedback e planificação""]","Gamificação no Moodle na Educação a Distância O curso trata de conceitos de Gamificação; Gamificação na Prática; Gamificando o Curso no Moodle. Conteúdo: Conhecendo os conceitos de Gamificação; Gamificação na Prática; Gamificando seu Curso no Moodle.
Carga-horária: 30 horas.
Público-alvo: docentes e designers educacionais que atuam na educação online.
Requisitos: Ensino superior completo, compreensão de leitura e escuta em língua portuguesa, conhecimento avançado em Moodle ou ter realizado o curso “Moodle Básico para Professores”, possuir computador com recursos de áudio e vídeo, possuir e saber manusear o leitor de arquivos PDF, saber utilizar o YouTube.
Módulos: 03."
11634d8e-bc9d-4cb4-ac20-cdfd16fbf2b9,Planejamento Financeiro na aposentadoria,"Compreender os princípios sobre planejamento e finanças, bem como perceber as alternativas que permeiam investir para e durante a aposentadoria.",20,"[""0accb9d5-dbd1-483f-ab2a-ee0ca1c22de4"", ""4d216e43-4edf-4a2d-8648-b89378e76dad""]","[""Autogestão"", ""Planejamento""]","[""Identificar problemas prioritários e oportunidades de sua unidade para projetar planos, programas ou projetos que prefixam objetivos, atividades, recursos, custos, cronogramas, responsáveis e indicadores de progresso, resultados e impacto.""]","[""05ac4a5c-019d-4ec7-83cc-12ca141322fa"", ""514d5868-5f15-4ce9-b74a-d14f5310b54e"", ""afeb1766-d31e-4f99-818d-a15313e66d01"", ""b47333be-1c80-40a9-a93d-9bbc4d7e4677""]","[""Gestão de Relacionamentos"", ""Gestão de Resultados"", ""Não especificado"", ""Promoção da Competência Digital dos(as) Estudantes""]","[""6152c8bb-1632-42f0-9599-919b6bf15ecb"", ""7b16819f-cb8a-406d-9ab9-a335a50143cb""]","[""Aplicar"", ""Entender""]","[""Planejamento""]","Planejamento Financeiro na aposentadoria Compreender os princípios sobre planejamento e finanças, bem como perceber as alternativas que permeiam investir para e durante a aposentadoria."
1175549d-9719-4349-a765-9ca8130aeb6e,Ambientes Digitais de Aprendizagem,"O Curso tem por objetivo apresentar as principais características, funcionalidades e limitações existentes nos ambientes digitais de aprendizagem, contribuindo para a tomada de decisão tanto para a escolha do AVA mais adequado quanto para escolhas de desenho instrucional.",30,"[""0accb9d5-dbd1-483f-ab2a-ee0ca1c22de4"", ""e4f31519-2fad-4fe8-b476-5da4715a16e9""]","[""Ensino"", ""Planejamento""]","[""Identificar problemas prioritários e oportunidades de sua unidade para projetar planos, programas ou projetos que prefixam objetivos, atividades, recursos, custos, cronogramas, responsáveis e indicadores de progresso, resultados e impacto."", ""Planificar e implementar dispositivos e recursos digitais no processo de ensino, de modo a melhorar a eficácia das intervenções pedagógicas. Gerir e orquestrar  adequadamente estratégias de ensino digital. Experimentar e desenvolver novos formatos e métodos pedagógicos para o ensino.""]","[""b47333be-1c80-40a9-a93d-9bbc4d7e4677"", ""cac54f5d-834c-499c-bf8d-e549fa3828af""]","[""Ensino e Aprendizagem"", ""Gestão de Resultados""]","[""6152c8bb-1632-42f0-9599-919b6bf15ecb"", ""7b16819f-cb8a-406d-9ab9-a335a50143cb"", ""85f646ca-67c5-439c-8cc1-df4fed9e0ae7""]","[""Aplicar"", ""Entender"", ""Lembrar""]","[""Ensino"", ""Planejamento""]","Ambientes Digitais de Aprendizagem O Curso tem por objetivo apresentar as principais características, funcionalidades e limitações existentes nos ambientes digitais de aprendizagem, contribuindo para a tomada de decisão tanto para a escolha do AVA mais adequado quanto para escolhas de desenho instrucional."
13937779-7b08-4dc9-aff5-13a219dffd60,Neuropedagogia,"Contribuir para um melhor conhecimento, ajudados pelas novas pesquisas em Neurociências, daquilo que nós humanos temos de mais precioso e que utilizamos desde nosso nascimento que são nosso cérebro e nossa capacidade para aprender.",60,"[""30db1816-b75d-4364-855e-f1d09b0b6016""]","[""Prática reflexiva""]","[""Refletir individualmente e coletivamente, avaliar criticamente e desenvolver ativamente sua prática pedagógica digital e a da sua comunidade educativa.""]","[""690c731c-31f8-46f6-94f6-94d952223a08""]","[""Envolvimento Profissional""]","[""6152c8bb-1632-42f0-9599-919b6bf15ecb"", ""85f646ca-67c5-439c-8cc1-df4fed9e0ae7""]","[""Entender"", ""Lembrar""]","[""Prática reflexiva""]","Neuropedagogia Contribuir para um melhor conhecimento, ajudados pelas novas pesquisas em Neurociências, daquilo que nós humanos temos de mais precioso e que utilizamos desde nosso nascimento que são nosso cérebro e nossa capacidade para aprender."
1431c910-3887-4e64-ba48-e47f60385c39,Desenho Didático para o Ensino On-line,"O curso Desenho Didático para o Ensino On-line apresenta os aspectos básicos do planejamento para o ensino mediado por tecnologias, pautado no cenário atual da relação entre tecnologias digitais e educação. Nele, o participante conhecerá ferramentas utilizadas na produção de materiais didáticos, mediação pedagógica e avaliação. O conteúdo está estruturado em dois módulos: MÓDULO 1 - PLANEJAMENTO e MEDIAÇÃO (tópicos: 1.1 Planejamento; 1.2 Ferramentas para Organização de Conteúdos; 1.3 Possibilidades Tecnológicas para a Mediação) e MÓDULO 2 - AVALIAÇÃO (tópicos: 2.1 Critérios para Elaboração de Avaliação; 2.2 Instrumentos Avaliativos; 2.3 Diretrizes para Elaboração de Itens). Este curso está alinhado ao Objetivo de Desenvolvimento Sustentável (ODS) ""Educação de Qualidade"" (Saiba mais sobre a Agenda 2030 e os ODS em: https://brasil.un.org/pt-br/sdgs e https://ods.uema.br/).",50,"[""30521bbb-e702-47d7-a287-b242cf5bf600"", ""3062277b-4218-4f2b-8645-90ba3651fc52"", ""93a78bdb-6f5f-4a1a-a012-82eb8b9db4d8"", ""bb6db702-1fd8-40b5-abeb-e067768c5def"", ""e4f31519-2fad-4fe8-b476-5da4715a16e9""]","[""Ensino"", ""Estratégias de avaliação"", ""Gestão, proteção e compartilhamento"", ""Orientação"", ""Seleção""]","[""Identificar, avaliar e selecionar recursos digitais para o ensino e aprendizagem. \nTer em consideração o objetivo específico de aprendizagem, o contexto, a abordagem pedagógica e o grupo de estudantes, ao selecionar recursos digitais e planificar a sua utilização."", ""Organizar conteúdo digital e disponibilizá-lo aos(às) estudantes, pais ou responsáveis e outros educadores. Proteger eficazmente conteúdo digital sensível. Respeitar e aplicar corretamente regras de privacidade e de direitos de autor. Compreender a utilização e criação de licenças abertas e de recursos educacionais abertos, incluindo a sua atribuição apropriada."", ""Planificar e implementar dispositivos e recursos digitais no processo de ensino, de modo a melhorar a eficácia das intervenções pedagógicas. Gerir e orquestrar  adequadamente estratégias de ensino digital. Experimentar e desenvolver novos formatos e métodos pedagógicos para o ensino."", ""Usar tecnologias digitais para a avaliação formativa e sumativa. Melhorar a diversidade e adequação dos formatos e abordagens de avaliação."", ""Usar tecnologias e serviços digitais para melhorar a interação com os(as) estudantes,individual e coletivamente, dentro e fora da sessão de aprendizagem. Usar tecnologias digitais para proporcionar orientação e assistência oportuna e dirigida. Experimentar e desenvolver novas formas e formatos para oferecer orientação e apoio.""]","[""5a224ac7-f165-4900-971c-f82f2684f779"", ""cac54f5d-834c-499c-bf8d-e549fa3828af"", ""cc76e5f1-476f-48b1-9d32-ccb2de7f2cde""]","[""Avaliação"", ""Ensino e Aprendizagem"", ""Recursos Digitais""]","[""6152c8bb-1632-42f0-9599-919b6bf15ecb"", ""7b16819f-cb8a-406d-9ab9-a335a50143cb"", ""85f646ca-67c5-439c-8cc1-df4fed9e0ae7"", ""dcd7e78d-25ed-4a16-9229-39773b4f6b3d""]","[""Analisar"", ""Aplicar"", ""Entender"", ""Lembrar""]","[""Ensino"", ""Estratégias de avaliação"", ""Gestão, proteção e compartilhamento"", ""Orientação"", ""Seleção""]","Desenho Didático para o Ensino On-line O curso Desenho Didático para o Ensino On-line apresenta os aspectos básicos do planejamento para o ensino mediado por tecnologias, pautado no cenário atual da relação entre tecnologias digitais e educação. Nele, o participante conhecerá ferramentas utilizadas na produção de materiais didáticos, mediação pedagógica e avaliação. O conteúdo está estruturado em dois módulos: MÓDULO 1 - PLANEJAMENTO e MEDIAÇÃO (tópicos: 1.1 Planejamento; 1.2 Ferramentas para Organização de Conteúdos; 1.3 Possibilidades Tecnológicas para a Mediação) e MÓDULO 2 - AVALIAÇÃO (tópicos: 2.1 Critérios para Elaboração de Avaliação; 2.2 Instrumentos Avaliativos; 2.3 Diretrizes para Elaboração de Itens). Este curso está alinhado ao Objetivo de Desenvolvimento Sustentável (ODS) ""Educação de Qualidade"" (Saiba mais sobre a Agenda 2030 e os ODS em: https://brasil.un.org/pt-br/sdgs e https://ods.uema.br/)."
148111c0-9375-49a6-964d-518385461d7e,Introdução aos Estudos da Língua Brasileira de Sinais (Libras),"Este curso busca proporcionar ao estudante um conhecimento introdutório acerca das Libras (Língua Brasileira de Sinais) e dos aspectos culturais da concepção social da surdez, trazendo conceitos gerais sobre a comunidade surda, o uso da língua de sinais, bem como contextualização geral do funcionamento gramatical de uma língua visuo-gestual como é a Libras.",30,"[""161fd267-d68a-4f88-925c-8082f17fb8b2"", ""3418004f-90fd-4a64-bb7c-fab6c1f8f6cc""]","[""Acessibilidade e inclusão - Docente"", ""Comunicação interpessoal""]","[""Garantir acessibilidade a recursos e atividades de aprendizagem para todos os(as) estudantes, incluindo os que têm necessidades especiais. Ter em consideração e dar resposta às expetativas, capacidades, usos e conceções errôneas (digitais) dos(as) estudantes, bem como ao uso contextual, físico e cognitivo que fazem das tecnologias digitais."", ""Iniciar e manter comunicações respeitosas e cordiais; transmitir de forma transparente e comportamento estável, informações e gestos, mensagens orais e de texto claros, concisos, fiáveis e apropriados para o destinatário. Atender ativamente informações, consultas, divergências e mensagens de terceiros com uma atitude construtiva e empática.""]","[""514d5868-5f15-4ce9-b74a-d14f5310b54e"", ""c7be7c48-c417-4dec-b203-34ddedba7507""]","[""Capacitação dos(as) Estudantes"", ""Gestão de Relacionamentos""]","[""6152c8bb-1632-42f0-9599-919b6bf15ecb"", ""7b16819f-cb8a-406d-9ab9-a335a50143cb"", ""85f646ca-67c5-439c-8cc1-df4fed9e0ae7""]","[""Aplicar"", ""Entender"", ""Lembrar""]","[""Acessibilidade e inclusão - Docente"", ""Comunicação interpessoal""]","Introdução aos Estudos da Língua Brasileira de Sinais (Libras) Este curso busca proporcionar ao estudante um conhecimento introdutório acerca das Libras (Língua Brasileira de Sinais) e dos aspectos culturais da concepção social da surdez, trazendo conceitos gerais sobre a comunidade surda, o uso da língua de sinais, bem como contextualização geral do funcionamento gramatical de uma língua visuo-gestual como é a Libras."
151a7f47-b390-4235-8c73-c5916d1659aa,Planejamento e Gestão Orçamentária e Financeira,"O Curso de Planejamento e Gestão Orçamentária e Financeira é aberto e autoinstrucional. Público-alvo: servidores da Rede Federal de Educação Profissional e Tecnológica que estejam ocupando cargos de gestão em suas instituições. Após o término do curso você será capaz de: compreender o planejamento e a gestão orçamentária e financeira sob o ponto de vista dos aspectos práticos, qualificando sua rotina de trabalho.",64,"[""0accb9d5-dbd1-483f-ab2a-ee0ca1c22de4"", ""3a910f03-4c71-4606-93cd-179056019b11"", ""4667ae96-35b0-435a-87f5-e21af9c1086d"", ""c769606e-9f97-4fab-b9c9-51eb99e3bd44"", ""e6401337-5058-40be-b0d3-b28d487e43d3""]","[""Gerenciamento de recursos"", ""Planejamento"", ""Resolução de problemas com base em dados"", ""Tomada de decisão para gestores"", ""Visão Sistêmica""]","[""Adotar e informar decisões prévias, explorando alternativas para minimizar custos e aumentar as vantagens para a organização na questão que for decidida."", ""Capacidade de idear soluções inovadoras e efetivas para problemas de baixa, média ou elevada complexidade com a utilização de dados (numéricos e não numéricos) e evidências que aumentem a precisão e viabilidade das soluções."", ""Capacidade de identificar os principais marcos institucionais e as tendências sociais, políticas e econômicas nos cenários local, regional, nacional e internacional. Marcos esses que podem impactar os processos decisórios e a gestão de programas e projetos no âmbito do setor público."", ""Identificar problemas prioritários e oportunidades de sua unidade para projetar planos, programas ou projetos que prefixam objetivos, atividades, recursos, custos, cronogramas, responsáveis e indicadores de progresso, resultados e impacto."", ""Preservar critérios de eficácia e eficiência na administração de recursos materiais, das competências das pessoas e dos ativos de uso da organização.""]","[""27ccdc3f-64d6-4748-960b-171e9c804d23"", ""b47333be-1c80-40a9-a93d-9bbc4d7e4677""]","[""Gestão de Resultados"", ""Transversais""]","[""6152c8bb-1632-42f0-9599-919b6bf15ecb"", ""7b16819f-cb8a-406d-9ab9-a335a50143cb"", ""dcd7e78d-25ed-4a16-9229-39773b4f6b3d""]","[""Analisar"", ""Aplicar"", ""Entender""]","[""Gerenciamento de recursos"", ""Planejamento"", ""Resolução de problemas com base em dados"", ""Tomada de decisão para gestores"", ""Visão Sistêmica""]","Planejamento e Gestão Orçamentária e Financeira O Curso de Planejamento e Gestão Orçamentária e Financeira é aberto e autoinstrucional. Público-alvo: servidores da Rede Federal de Educação Profissional e Tecnológica que estejam ocupando cargos de gestão em suas instituições. Após o término do curso você será capaz de: compreender o planejamento e a gestão orçamentária e financeira sob o ponto de vista dos aspectos práticos, qualificando sua rotina de trabalho."
1689b63f-3d0e-4f58-8ea5-5a9dc9e08a38,Google Drive: Colaboração na prática,"Este curso cobre uma introdução à colaboração e aspectos colaborativos no Google Drive, focando em trabalhos em grupo, tanto para a versão para computador quanto para dispositivos móveis.
Público alvo: Especialmente voltado para quem precisa utilizar as ferramentas básicas do Google Drive para colaboração. 
Requisitos técnicos: O curso é realizado em plataforma online, através de acesso por computador ou smartphone.
Pré-requisitos para o curso: Não são necessários conhecimentos prévios para o curso.",8,"[""6461c25c-1491-4610-8ee0-2029d77fa61d"", ""84b2a6b0-c670-4a34-a04f-594a0b4c1d4a"", ""93a78bdb-6f5f-4a1a-a012-82eb8b9db4d8"", ""bb6db702-1fd8-40b5-abeb-e067768c5def""]","[""Comunicação e colaboração digital"", ""Criação e modificação"", ""Gestão, proteção e compartilhamento"", ""Seleção""]","[""Identificar, avaliar e selecionar recursos digitais para o ensino e aprendizagem. \nTer em consideração o objetivo específico de aprendizagem, o contexto, a abordagem pedagógica e o grupo de estudantes, ao selecionar recursos digitais e planificar a sua utilização."", ""Incorporar atividades, tarefas e avaliações de aprendizagem que requeiram que os(as) estudantes usem, eficaz e responsavelmente, tecnologias digitais para comunicação, colaboração e participação cívica."", ""Modificar e desenvolver recursos existentes com licença aberta e outros recursos onde tal é permitido. Criar ou cocriar novos recursos educacionais digitais. Ter em\nconsideração o objetivo específico de aprendizagem, o contexto, a abordagem pedagógica e o grupo de estudantes, ao selecionar recursos digitais e planificar a sua utilização."", ""Organizar conteúdo digital e disponibilizá-lo aos(às) estudantes, pais ou responsáveis e outros educadores. Proteger eficazmente conteúdo digital sensível. Respeitar e aplicar corretamente regras de privacidade e de direitos de autor. Compreender a utilização e criação de licenças abertas e de recursos educacionais abertos, incluindo a sua atribuição apropriada.""]","[""05ac4a5c-019d-4ec7-83cc-12ca141322fa"", ""5a224ac7-f165-4900-971c-f82f2684f779""]","[""Promoção da Competência Digital dos(as) Estudantes"", ""Recursos Digitais""]","[""6152c8bb-1632-42f0-9599-919b6bf15ecb"", ""7b16819f-cb8a-406d-9ab9-a335a50143cb"", ""85f646ca-67c5-439c-8cc1-df4fed9e0ae7""]","[""Aplicar"", ""Entender"", ""Lembrar""]","[""Comunicação e colaboração digital"", ""Criação e modificação"", ""Gestão, proteção e compartilhamento"", ""Seleção""]","Google Drive: Colaboração na prática Este curso cobre uma introdução à colaboração e aspectos colaborativos no Google Drive, focando em trabalhos em grupo, tanto para a versão para computador quanto para dispositivos móveis.
Público alvo: Especialmente voltado para quem precisa utilizar as ferramentas básicas do Google Drive para colaboração. 
Requisitos técnicos: O curso é realizado em plataforma online, através de acesso por computador ou smartphone.
Pré-requisitos para o curso: Não são necessários conhecimentos prévios para o curso."
16bf0e47-6768-4e0e-9bcd-de57b2d799c0,Ensino e Aprendizagem: a comunicação professor/aluno,"O curso Ensino e Aprendizagem: a comunicação professor/aluno tem como objetivo contribuir com o desenvolvimento da educação, apresentando aspectos relacionados à comunicação entre professores e alunos para garantir processos de ensino/aprendizagem mais eficientes. A formação busca diferenciar a comunicação oral, escrita e audiovisual, exemplificar como falhas comunicacionais podem causar situações conflitantes em sala de aula e apresentar formas de comunicação que melhorem a compreensão mútua. A ementa aborda: Introdução sobre aspectos inerentes à comunicação professor/aluno; Comunicação oral; Comunicação escrita; e Comunicação audiovisual.",20,"[""3062277b-4218-4f2b-8645-90ba3651fc52"", ""e4f31519-2fad-4fe8-b476-5da4715a16e9""]","[""Ensino"", ""Orientação""]","[""Planificar e implementar dispositivos e recursos digitais no processo de ensino, de modo a melhorar a eficácia das intervenções pedagógicas. Gerir e orquestrar  adequadamente estratégias de ensino digital. Experimentar e desenvolver novos formatos e métodos pedagógicos para o ensino."", ""Usar tecnologias e serviços digitais para melhorar a interação com os(as) estudantes,individual e coletivamente, dentro e fora da sessão de aprendizagem. Usar tecnologias digitais para proporcionar orientação e assistência oportuna e dirigida. Experimentar e desenvolver novas formas e formatos para oferecer orientação e apoio.""]","[""cac54f5d-834c-499c-bf8d-e549fa3828af""]","[""Ensino e Aprendizagem""]","[""6152c8bb-1632-42f0-9599-919b6bf15ecb"", ""85f646ca-67c5-439c-8cc1-df4fed9e0ae7""]","[""Entender"", ""Lembrar""]","[""Ensino"", ""Orientação""]","Ensino e Aprendizagem: a comunicação professor/aluno O curso Ensino e Aprendizagem: a comunicação professor/aluno tem como objetivo contribuir com o desenvolvimento da educação, apresentando aspectos relacionados à comunicação entre professores e alunos para garantir processos de ensino/aprendizagem mais eficientes. A formação busca diferenciar a comunicação oral, escrita e audiovisual, exemplificar como falhas comunicacionais podem causar situações conflitantes em sala de aula e apresentar formas de comunicação que melhorem a compreensão mútua. A ementa aborda: Introdução sobre aspectos inerentes à comunicação professor/aluno; Comunicação oral; Comunicação escrita; e Comunicação audiovisual."
1746dd6c-8bde-4fce-9f9e-aa9ca915eef5,"Práticas de ensino: pensamento utópico, utopia e distopia em sala de aula","Ementa:

O curso FIC Práticas de ensino: pensamento utópico, utopias e distopias em sala de aula tem como objetivo oferecer formação continuada para professores e educadores de diversas instâncias para que estes utilizem ferramentas para fomento de debate e formação de pensamento crítico em seus estudantes. Ao trabalhar com a criação de sociedades futuras imaginadas, sejam elas para melhor ou pior, narrativas utópicas e distópicas oferecem oportunidades para que sejam discutidas questões políticas, econômicas e culturais sobre a formação social, além de colocar em pauta assuntos contemporâneos como influência midiática, desastres ambientais e governos totalitários. O curso apresentará os conceitos principais do pensamento utópico além de ferramentas práticas como sugestões de atividades, textos e pontos para debates que podem ser usados em sala de aula das mais diversas disciplinas e níveis de ensino.",30,"[""30db1816-b75d-4364-855e-f1d09b0b6016"", ""58315740-77a3-403f-bdaf-a1c19b471ed8"", ""b39ad151-9ae8-4963-9c43-0aaf477b0ece"", ""e4f31519-2fad-4fe8-b476-5da4715a16e9""]","[""Abertura ao Novo"", ""Ensino"", ""Prática reflexiva"", ""Visão de Futuro""]","[""Planificar e implementar dispositivos e recursos digitais no processo de ensino, de modo a melhorar a eficácia das intervenções pedagógicas. Gerir e orquestrar  adequadamente estratégias de ensino digital. Experimentar e desenvolver novos formatos e métodos pedagógicos para o ensino."", ""Refletir individualmente e coletivamente, avaliar criticamente e desenvolver ativamente sua prática pedagógica digital e a da sua comunidade educativa.""]","[""2537d1c9-05a8-469c-9f2e-39ca7a5ca85e"", ""690c731c-31f8-46f6-94f6-94d952223a08"", ""afeb1766-d31e-4f99-818d-a15313e66d01"", ""b47333be-1c80-40a9-a93d-9bbc4d7e4677"", ""cac54f5d-834c-499c-bf8d-e549fa3828af""]","[""Competências de Liderança - Resultados"", ""Ensino e Aprendizagem"", ""Envolvimento Profissional"", ""Gestão de Resultados"", ""Não especificado""]","[""85f646ca-67c5-439c-8cc1-df4fed9e0ae7"", ""dcd7e78d-25ed-4a16-9229-39773b4f6b3d""]","[""Analisar"", ""Lembrar""]","[""Ensino"", ""Prática reflexiva""]","Práticas de ensino: pensamento utópico, utopia e distopia em sala de aula Ementa:

O curso FIC Práticas de ensino: pensamento utópico, utopias e distopias em sala de aula tem como objetivo oferecer formação continuada para professores e educadores de diversas instâncias para que estes utilizem ferramentas para fomento de debate e formação de pensamento crítico em seus estudantes. Ao trabalhar com a criação de sociedades futuras imaginadas, sejam elas para melhor ou pior, narrativas utópicas e distópicas oferecem oportunidades para que sejam discutidas questões políticas, econômicas e culturais sobre a formação social, além de colocar em pauta assuntos contemporâneos como influência midiática, desastres ambientais e governos totalitários. O curso apresentará os conceitos principais do pensamento utópico além de ferramentas práticas como sugestões de atividades, textos e pontos para debates que podem ser usados em sala de aula das mais diversas disciplinas e níveis de ensino."
175ca57b-0ba9-445f-b60a-b9f628980515,A invisibilidade da mulher negra no contexto acadêmico,"Este curso tem como objetivo promover a reflexão sobre as relações étnico-raciais no Brasil, com foco na invisibilidade e nos desafios enfrentados pelas mulheres negras no meio acadêmico. A proposta está alinhada com a Portaria Normativa nº 4, de 06 de abril de 2018, que regulamenta os procedimentos de heteroidentificação para concursos públicos, destacando a importância da atuação das comissões responsáveis por essa avaliação.

Ao longo do curso, serão abordados temas como os estereótipos de protagonismo impostos à mulher negra, a violência simbólica, o silenciamento e a solidão vivenciados no ambiente universitário, além do papel fundamental das comissões de heteroidentificação. Por fim, será discutida a perspectiva do Ubuntu – ""Eu sou porque nós somos"" – reforçando a ideia de que a luta por equidade é coletiva.
Modalidade: curso autoinstrucional, composto exclusivamente por videoaulas, sem disponibilização de materiais complementares.",20,"[""161fd267-d68a-4f88-925c-8082f17fb8b2"", ""432c5350-bdb8-4e22-b7a4-0417e9cfa8f4"", ""6815ce74-37f5-40d0-ac92-285d0c126ee9""]","[""Acessibilidade e inclusão - Docente"", ""Gestão do desenvolvimento de pessoas"", ""Promoção da Inclusão e Acessibilidade""]","[""Forjar um ambiente de trabalho em que os interesses de equipes e indivíduos se harmonizem com os objetivos e resultados da organização, gerando oportunidades de aprendizado e desenvolvimento, bem como incentivos para reforçar o desempenho excepcional."", ""Garantir acessibilidade a recursos e atividades de aprendizagem para todos os(as) estudantes, incluindo os que têm necessidades especiais. Ter em consideração e dar resposta às expetativas, capacidades, usos e conceções errôneas (digitais) dos(as) estudantes, bem como ao uso contextual, físico e cognitivo que fazem das tecnologias digitais."", ""Planejar, implementar e/ou monitorar políticas institucionais, educacionais e administrativas que garantam a inclusão de pessoas com deficiência, assegurando o cumprimento da legislação vigente, especialmente a Lei Brasileira de Inclusão (LBI). Além disso, prestar atendimento adequado, promovendo ambientes e práticas acessíveis, equitativos e livres de barreiras físicas, tecnológicas, pedagógicas, comunicacionais e atitudinais.""]","[""27ccdc3f-64d6-4748-960b-171e9c804d23"", ""b47333be-1c80-40a9-a93d-9bbc4d7e4677"", ""c7be7c48-c417-4dec-b203-34ddedba7507""]","[""Capacitação dos(as) Estudantes"", ""Gestão de Resultados"", ""Transversais""]","[""6152c8bb-1632-42f0-9599-919b6bf15ecb"", ""dcd7e78d-25ed-4a16-9229-39773b4f6b3d""]","[""Analisar"", ""Entender""]","[""Acessibilidade e inclusão - Docente"", ""Gestão do desenvolvimento de pessoas"", ""Promoção da Inclusão e Acessibilidade""]","A invisibilidade da mulher negra no contexto acadêmico Este curso tem como objetivo promover a reflexão sobre as relações étnico-raciais no Brasil, com foco na invisibilidade e nos desafios enfrentados pelas mulheres negras no meio acadêmico. A proposta está alinhada com a Portaria Normativa nº 4, de 06 de abril de 2018, que regulamenta os procedimentos de heteroidentificação para concursos públicos, destacando a importância da atuação das comissões responsáveis por essa avaliação.

Ao longo do curso, serão abordados temas como os estereótipos de protagonismo impostos à mulher negra, a violência simbólica, o silenciamento e a solidão vivenciados no ambiente universitário, além do papel fundamental das comissões de heteroidentificação. Por fim, será discutida a perspectiva do Ubuntu – ""Eu sou porque nós somos"" – reforçando a ideia de que a luta por equidade é coletiva.
Modalidade: curso autoinstrucional, composto exclusivamente por videoaulas, sem disponibilização de materiais complementares."
190b1b48-d8d8-4c47-98d2-4518081512b8,Ouvidoria: o que você precisa saber,"Este curso se propõe a apresentar o Portal Fala.BR e canais que auxiliam o cidadão na interlocução com uma Instituição pública no momento de se manifestar sobre algum serviço prestado por esta, com ênfase especial nos serviços de Ouvidoria.",5,"[""0228bed6-e718-4b48-b532-2d6b8888c30f"", ""49c18cc9-d9c1-4c6c-a72b-a064e0e6e3eb"", ""7da372c6-cd33-423c-b365-dff0fd5faa8f""]","[""Foco nos resultados para os cidadãos"", ""Gestão da participação cidadã"", ""Orientação ao cidadão""]","[""Ativar a participação cidadã vinculada aos assuntos da área responsável; considerar expectativas, propostas e reclamações para adaptar cada vez mais os serviços, conscientizando os colaboradores sobre o direito à participação e as vantagens que ela viabiliza."", ""Capacidade de superar o desempenho padrão e apresentar soluções alinhadas\nao cumprimento de metas e ao alcance dos objetivos estratégicos das organizações públicas para garantir o atendimento das necessidades dos usuários e dos cidadãos."", ""Conduzir e organizar o atendimento aos cidadãos, com mecanismos acessíveis, linguagem inteligível e procedimentos ágeis voltados à satisfação de procedimentos, reclamações, dúvidas e propostas. Quantificar, através de indicadores pré-estabelecidos, o grau de satisfação com os resultados gerenciais e a qualidade da resolução de conflitos e reclamações.""]","[""27ccdc3f-64d6-4748-960b-171e9c804d23"", ""514d5868-5f15-4ce9-b74a-d14f5310b54e""]","[""Gestão de Relacionamentos"", ""Transversais""]","[""6152c8bb-1632-42f0-9599-919b6bf15ecb"", ""85f646ca-67c5-439c-8cc1-df4fed9e0ae7""]","[""Entender"", ""Lembrar""]","[""Foco nos resultados para os cidadãos"", ""Orientação ao cidadão""]","Ouvidoria: o que você precisa saber Este curso se propõe a apresentar o Portal Fala.BR e canais que auxiliam o cidadão na interlocução com uma Instituição pública no momento de se manifestar sobre algum serviço prestado por esta, com ênfase especial nos serviços de Ouvidoria."
1a807bbc-f946-4af0-92c6-d5feecb0cbf8,Orçamento Público,"Noções e tipos; classificação, leis e receitas; despesas.",30,"[""0accb9d5-dbd1-483f-ab2a-ee0ca1c22de4""]","[""Planejamento""]","[""Identificar problemas prioritários e oportunidades de sua unidade para projetar planos, programas ou projetos que prefixam objetivos, atividades, recursos, custos, cronogramas, responsáveis e indicadores de progresso, resultados e impacto.""]","[""b47333be-1c80-40a9-a93d-9bbc4d7e4677""]","[""Gestão de Resultados""]","[""6152c8bb-1632-42f0-9599-919b6bf15ecb""]","[""Entender""]","[""Planejamento""]","Orçamento Público Noções e tipos; classificação, leis e receitas; despesas."
1c87b9e0-8646-4a38-a537-bf9dc4c50c55,Moodle em Ação: Atividades e Recursos,"O curso tem o objetivo de contribuir para a utilização do Moodle em práticas pedagógicas, seja na Educação Básica, ou no Ensino Superior. É composto por vivências de atividades no ambiente virtual, experimentações, materiais de apoio e avaliações. ",30,"[""30521bbb-e702-47d7-a287-b242cf5bf600"", ""c6d771e2-d2a0-443d-b615-b0c813965e99""]","[""Estratégias de avaliação"", ""Feedback e planificação""]","[""Usar tecnologias digitais para a avaliação formativa e sumativa. Melhorar a diversidade e adequação dos formatos e abordagens de avaliação."", ""Usar tecnologias digitais para fornecer feedback oportuno e direcionado aos(às) estudantes. Adaptar estratégias de ensino e proporcionar apoio direcionado,\ncom base nas evidências geradas pelas tecnologias digitais utilizadas. Permitir que estudantes e pais ou responsáveis  compreendam as evidências fornecidas pelas tecnologias digitais e as usem para tomada de decisão.""]","[""cc76e5f1-476f-48b1-9d32-ccb2de7f2cde""]","[""Avaliação""]","[""6152c8bb-1632-42f0-9599-919b6bf15ecb"", ""7b16819f-cb8a-406d-9ab9-a335a50143cb"", ""85f646ca-67c5-439c-8cc1-df4fed9e0ae7""]","[""Aplicar"", ""Entender"", ""Lembrar""]","[""Estratégias de avaliação"", ""Feedback e planificação""]","Moodle em Ação: Atividades e Recursos O curso tem o objetivo de contribuir para a utilização do Moodle em práticas pedagógicas, seja na Educação Básica, ou no Ensino Superior. É composto por vivências de atividades no ambiente virtual, experimentações, materiais de apoio e avaliações."
1ce1c89a-8bd0-4328-854f-25415ce28dfd,Ágil no Contexto do Serviço Público,"O curso, de caráter introdutório, pretende mostrar a mentalidade Ágil no gerenciamento de projetos e nas execuções de ações públicas por meio da apresentação dos aspectos teóricos da mentalidade ágil e do movimento, bem como seus desafios e possibilidades, além de abordar a importância da adoção da Metodologia Ágil na transformação digital no contexto do serviço público.",15,"[""0accb9d5-dbd1-483f-ab2a-ee0ca1c22de4"", ""4be87cc2-7a58-4885-8970-8f49249d43d5"", ""c2ec6e9a-e945-4168-b151-408d1f929935""]","[""Inovação"", ""Planejamento"", ""Visão estratégica""]","[""Compreender o ambiente político e a as tendências que interferem no estado de coisas; antecipar problemas e oportunidades a médio e longo prazo para a área responsável a fim de que a gestão identifique a alternativa mais adequada a cada situação presente ou eventual, comunicando à equipe a lógica das decisões diretivas."", ""Forjar um clima de interesse para soluções inovadoras que melhorem a eficiência das respostas aos cidadãos em termos de informações, processos, tecnologias, resultados e impactos da gestão pública."", ""Identificar problemas prioritários e oportunidades de sua unidade para projetar planos, programas ou projetos que prefixam objetivos, atividades, recursos, custos, cronogramas, responsáveis e indicadores de progresso, resultados e impacto.""]","[""7d566976-b00c-4aa7-aa67-d94656c8db8c"", ""b47333be-1c80-40a9-a93d-9bbc4d7e4677""]","[""Gestão de Mudanças"", ""Gestão de Resultados""]","[""6152c8bb-1632-42f0-9599-919b6bf15ecb"", ""7b16819f-cb8a-406d-9ab9-a335a50143cb""]","[""Aplicar"", ""Entender""]","[""Inovação"", ""Planejamento"", ""Visão estratégica""]","Ágil no Contexto do Serviço Público O curso, de caráter introdutório, pretende mostrar a mentalidade Ágil no gerenciamento de projetos e nas execuções de ações públicas por meio da apresentação dos aspectos teóricos da mentalidade ágil e do movimento, bem como seus desafios e possibilidades, além de abordar a importância da adoção da Metodologia Ágil na transformação digital no contexto do serviço público."
1eb3933e-609b-45ad-b02e-8755d2bb7376,Qualidade de Cursos em Educação a Distância,"Não basta ter conteúdo, tem que conversar; Organizando o Curso; Produzindo o Conteúdo do Curso; Equívocos Gerais.",30,"[""432c5350-bdb8-4e22-b7a4-0417e9cfa8f4"", ""84b2a6b0-c670-4a34-a04f-594a0b4c1d4a"", ""8f9fe3a9-ae88-46cc-a823-6a92c28243f2"", ""bb6db702-1fd8-40b5-abeb-e067768c5def"", ""e4f31519-2fad-4fe8-b476-5da4715a16e9""]","[""Criação de conteúdo digital"", ""Criação e modificação"", ""Ensino"", ""Gestão do desenvolvimento de pessoas"", ""Seleção""]","[""Forjar um ambiente de trabalho em que os interesses de equipes e indivíduos se harmonizem com os objetivos e resultados da organização, gerando oportunidades de aprendizado e desenvolvimento, bem como incentivos para reforçar o desempenho excepcional."", ""Identificar, avaliar e selecionar recursos digitais para o ensino e aprendizagem. \nTer em consideração o objetivo específico de aprendizagem, o contexto, a abordagem pedagógica e o grupo de estudantes, ao selecionar recursos digitais e planificar a sua utilização."", ""Incorporar atividades, tarefas e avaliações de aprendizagem que requeiram que os(as) estudantes se expressem através de meios digitais, modifiquem e criem conteúdo digital em diferentes formatos. Ensinar aos(às) estudantes como os direitos de autor e as licenças se aplicam ao conteúdo digital, como referenciar fontes e atribuir licenças."", ""Modificar e desenvolver recursos existentes com licença aberta e outros recursos onde tal é permitido. Criar ou cocriar novos recursos educacionais digitais. Ter em\nconsideração o objetivo específico de aprendizagem, o contexto, a abordagem pedagógica e o grupo de estudantes, ao selecionar recursos digitais e planificar a sua utilização."", ""Planificar e implementar dispositivos e recursos digitais no processo de ensino, de modo a melhorar a eficácia das intervenções pedagógicas. Gerir e orquestrar  adequadamente estratégias de ensino digital. Experimentar e desenvolver novos formatos e métodos pedagógicos para o ensino.""]","[""05ac4a5c-019d-4ec7-83cc-12ca141322fa"", ""5a224ac7-f165-4900-971c-f82f2684f779"", ""b47333be-1c80-40a9-a93d-9bbc4d7e4677"", ""cac54f5d-834c-499c-bf8d-e549fa3828af""]","[""Ensino e Aprendizagem"", ""Gestão de Resultados"", ""Promoção da Competência Digital dos(as) Estudantes"", ""Recursos Digitais""]","[""6152c8bb-1632-42f0-9599-919b6bf15ecb"", ""85f646ca-67c5-439c-8cc1-df4fed9e0ae7"", ""dcd7e78d-25ed-4a16-9229-39773b4f6b3d""]","[""Analisar"", ""Entender"", ""Lembrar""]","[""Criação de conteúdo digital"", ""Criação e modificação"", ""Ensino"", ""Gestão do desenvolvimento de pessoas"", ""Seleção""]","Qualidade de Cursos em Educação a Distância Não basta ter conteúdo, tem que conversar; Organizando o Curso; Produzindo o Conteúdo do Curso; Equívocos Gerais."
1fedc485-4420-480d-a24f-d1288adc55d6,Desenvolvendo Times de Alta Performance,"O curso Desenvolvendo Times de Alta Performance, fruto de uma parceria entre a Secretaria Especial da Receita Federal do Brasil (RFB) como conteudista e a Enap (Escola Nacional de Administração Pública) como certificadora, é uma formação aberta, gratuita e com certificado. O objetivo é possibilitar aos gestores o aprendizado de técnicas que promovem a alta performance de equipes, abordando o desenvolvimento de competências gerenciais e a vivência do exercício da liderança. O curso é destinado a agentes que exercem ou pretendem realizar a função de liderança no contexto do serviço público, mas está aberto a qualquer pessoa interessada. Com 30 horas de carga horária em português e 30 dias de disponibilidade, o conteúdo programático está dividido em: Módulo 1 – Competências gerenciais; Módulo 2 – Técnicas de coaching; e Módulo 3 – Ferramentas de um time de alta performance.",30,"[""1c596a8d-dff3-46ca-a684-8eb59b20800c"", ""432c5350-bdb8-4e22-b7a4-0417e9cfa8f4"", ""49c18cc9-d9c1-4c6c-a72b-a064e0e6e3eb""]","[""Foco nos resultados para os cidadãos"", ""Gestão do desenvolvimento de pessoas"", ""Liderança eficaz""]","[""Capacidade de superar o desempenho padrão e apresentar soluções alinhadas\nao cumprimento de metas e ao alcance dos objetivos estratégicos das organizações públicas para garantir o atendimento das necessidades dos usuários e dos cidadãos."", ""Dirigir equipes, otimizando a aplicação de talentos disponíveis e criando um ambiente positivo e comprometido para a obtenção de resultados."", ""Forjar um ambiente de trabalho em que os interesses de equipes e indivíduos se harmonizem com os objetivos e resultados da organização, gerando oportunidades de aprendizado e desenvolvimento, bem como incentivos para reforçar o desempenho excepcional.""]","[""27ccdc3f-64d6-4748-960b-171e9c804d23"", ""b47333be-1c80-40a9-a93d-9bbc4d7e4677""]","[""Gestão de Resultados"", ""Transversais""]","[""6152c8bb-1632-42f0-9599-919b6bf15ecb"", ""7b16819f-cb8a-406d-9ab9-a335a50143cb""]","[""Aplicar"", ""Entender""]","[""Foco nos resultados para os cidadãos"", ""Gestão do desenvolvimento de pessoas"", ""Liderança eficaz""]","Desenvolvendo Times de Alta Performance O curso Desenvolvendo Times de Alta Performance, fruto de uma parceria entre a Secretaria Especial da Receita Federal do Brasil (RFB) como conteudista e a Enap (Escola Nacional de Administração Pública) como certificadora, é uma formação aberta, gratuita e com certificado. O objetivo é possibilitar aos gestores o aprendizado de técnicas que promovem a alta performance de equipes, abordando o desenvolvimento de competências gerenciais e a vivência do exercício da liderança. O curso é destinado a agentes que exercem ou pretendem realizar a função de liderança no contexto do serviço público, mas está aberto a qualquer pessoa interessada. Com 30 horas de carga horária em português e 30 dias de disponibilidade, o conteúdo programático está dividido em: Módulo 1 – Competências gerenciais; Módulo 2 – Técnicas de coaching; e Módulo 3 – Ferramentas de um time de alta performance."
203debb5-f923-4520-b35a-f2d5198dcd6d,Projetos Educacionais e Interdisciplinares,"Projetos Educacionais, Desenvolvimento de projetos.",30,"[""3062277b-4218-4f2b-8645-90ba3651fc52"", ""4667ae96-35b0-435a-87f5-e21af9c1086d"", ""5a036b8e-1546-48ea-a616-2890f9904d4c"", ""a549fa72-ae42-433f-85bd-29badf2851c0"", ""b64634ab-e0ca-42a8-a95d-b8670598488b"", ""d74a037a-d5da-4d65-add8-4c290f537ab7"", ""d8065c73-647c-467c-999c-454dafd7f1b9"", ""e2b3c5ad-e0a6-4433-9ffd-ca78825a2e4d"", ""e4f31519-2fad-4fe8-b476-5da4715a16e9"", ""e6401337-5058-40be-b0d3-b28d487e43d3"", ""fa3b0d3e-857f-4d3b-839d-3d06a726a986""]","[""Análise de problemas"", ""Aprendizagem autorregulada"", ""Aprendizagem colaborativa"", ""Construção de Redes"", ""Ensino"", ""Envolvimento ativo"", ""Gerenciamento da mudança"", ""Negociação"", ""Orientação"", ""Resolução de problemas com base em dados"", ""Visão Sistêmica""]","[""Antecipar e promover mudanças estratégicas/operacionais para responder às mudanças do contexto. Redesenhar/modernizar abordagens, processos, tarefas e competências requeridos pelo novo contexto, distribuindo responsabilidades e perseguindo resultados."", ""Capacidade de idear soluções inovadoras e efetivas para problemas de baixa, média ou elevada complexidade com a utilização de dados (numéricos e não numéricos) e evidências que aumentem a precisão e viabilidade das soluções."", ""Capacidade de identificar os principais marcos institucionais e as tendências sociais, políticas e econômicas nos cenários local, regional, nacional e internacional. Marcos esses que podem impactar os processos decisórios e a gestão de programas e projetos no âmbito do setor público."", ""Cooperar para construir o melhor acordo possível para as partes diante de posições divergentes, sem prejudicar a continuidade do vínculo e a aderência aos regulamentos vigentes."", ""Identificar tempestivamente os problemas a serem resolvidos, os recursos para enfrentá-los, as alternativas possíveis, seus custos e riscos, antes de tomar a decisão no nível que lhes corresponde."", ""Planificar e implementar dispositivos e recursos digitais no processo de ensino, de modo a melhorar a eficácia das intervenções pedagógicas. Gerir e orquestrar  adequadamente estratégias de ensino digital. Experimentar e desenvolver novos formatos e métodos pedagógicos para o ensino."", ""Promover o autodesenvolvimento e o desenvolvimento profissional de suas equipes de colaboradores, integrando, criando ou incentivando a participação em redes e fóruns para troca de experiências, novidades, documentos, cases, soluções criativas e problemas compartilhados."", ""Usar tecnologias digitais para apoiar a aprendizagem autorregulada dos(as) estudantes, isto é, permitir que planejem, acompanhem e reflitam sobre a sua própria\naprendizagem, forneçam evidências de progresso, compartilhem ideias e encontrem soluções criativas.\n"", ""Usar tecnologias digitais para promover e melhorar a colaboração do(a) estudante. Permitir que os(as) estudantes usem tecnologias digitais enquanto parte de tarefas colaborativas, como meio de melhorar a comunicação, a colaboração e a criação colaborativa de conhecimento."", ""Usar tecnologias digitais para promover o envolvimento ativo e criativo dos(as) estudantes com um assunto específico. Usar tecnologias digitais no âmbito de estratégias pedagógicas que fomentem as competências transversais dos(as) estudantes, a reflexão profunda e a expressão criativa. Abrir a aprendizagem a novos contextos do mundo real, que envolvam os(as) próprios(as) estudantes em atividades práticas, investigação científica ou resolução de problemas complexos,\nou que, de outros modos, aumentem o seu envolvimento ativo em temas\ncomplexos."", ""Usar tecnologias e serviços digitais para melhorar a interação com os(as) estudantes,individual e coletivamente, dentro e fora da sessão de aprendizagem. Usar tecnologias digitais para proporcionar orientação e assistência oportuna e dirigida. Experimentar e desenvolver novas formas e formatos para oferecer orientação e apoio.""]","[""27ccdc3f-64d6-4748-960b-171e9c804d23"", ""514d5868-5f15-4ce9-b74a-d14f5310b54e"", ""7d566976-b00c-4aa7-aa67-d94656c8db8c"", ""c7be7c48-c417-4dec-b203-34ddedba7507"", ""cac54f5d-834c-499c-bf8d-e549fa3828af"", ""e23d3b1c-ee83-4b09-b141-fc0f9dc7ab57""]","[""Capacitação dos(as) Estudantes"", ""Ensino e Aprendizagem"", ""Gestão de Mudanças"", ""Gestão de Relacionamentos"", ""Processos de Melhoria"", ""Transversais""]","[""6152c8bb-1632-42f0-9599-919b6bf15ecb"", ""85f646ca-67c5-439c-8cc1-df4fed9e0ae7"", ""dcd7e78d-25ed-4a16-9229-39773b4f6b3d""]","[""Analisar"", ""Entender"", ""Lembrar""]","[""Análise de problemas"", ""Aprendizagem autorregulada"", ""Aprendizagem colaborativa"", ""Ensino"", ""Envolvimento ativo"", ""Gerenciamento da mudança"", ""Orientação"", ""Resolução de problemas com base em dados"", ""Visão Sistêmica""]","Projetos Educacionais e Interdisciplinares Projetos Educacionais, Desenvolvimento de projetos."
22944e66-f049-44ee-b8e7-1c0a7c0bd242,Gamificação no Ensino Inclusivo de Surdos,"Este curso é voltado para profissionais que desejam obter conhecimento sobre o tema e/ou os que já atuam com estudantes surdos e que buscam estratégias metodológicas, potencialmente significativas, para o processo de ensino e aprendizagem nas múltiplas disciplinas escolares.
Duração do curso: 30h.
Público-alvo: Estudantes, professores, profissionais do setor público e privado, comunidade em geral.
Nível de dificuldade: Básico.",30,"[""161fd267-d68a-4f88-925c-8082f17fb8b2"", ""bf6ee8ab-b64b-48fb-ad5a-738548fc2302""]","[""Acessibilidade e inclusão - Docente"", ""Diferenciação e personalização""]","["" \n \t\nUsar tecnologias digitais para atender às diversas necessidades de aprendizagem dos(as) estudantes, permitindo que estes progridam a diferentes níveis e velocidades e sigam caminhos e objetivos de aprendizagem individuais."", ""Garantir acessibilidade a recursos e atividades de aprendizagem para todos os(as) estudantes, incluindo os que têm necessidades especiais. Ter em consideração e dar resposta às expetativas, capacidades, usos e conceções errôneas (digitais) dos(as) estudantes, bem como ao uso contextual, físico e cognitivo que fazem das tecnologias digitais.""]","[""c7be7c48-c417-4dec-b203-34ddedba7507""]","[""Capacitação dos(as) Estudantes""]","[""6152c8bb-1632-42f0-9599-919b6bf15ecb"", ""85f646ca-67c5-439c-8cc1-df4fed9e0ae7""]","[""Entender"", ""Lembrar""]","[""Acessibilidade e inclusão - Docente"", ""Diferenciação e personalização""]","Gamificação no Ensino Inclusivo de Surdos Este curso é voltado para profissionais que desejam obter conhecimento sobre o tema e/ou os que já atuam com estudantes surdos e que buscam estratégias metodológicas, potencialmente significativas, para o processo de ensino e aprendizagem nas múltiplas disciplinas escolares.
Duração do curso: 30h.
Público-alvo: Estudantes, professores, profissionais do setor público e privado, comunidade em geral.
Nível de dificuldade: Básico."
230abee8-0309-484a-ab2f-84db9615a4e8,Inserção Digital na aposentadoria,"Este curso apresenta os assuntos - Informática Básica e Noções para a Internet - em seus aspectos iniciais, ou seja, com ênfase em ilustrar situações onde você poderá utilizar estes conhecimentos, com enfoque em assuntos que comumente surgem ao longo do usufruto de computadores e/ou semelhantes. Você irá conhecer algumas estruturas físicas, bem como teóricas, e será apresentado a maneiras de interatividade com sistemas que estejam em dispositivos móveis.",20,"[""0accb9d5-dbd1-483f-ab2a-ee0ca1c22de4"", ""20e05dca-55d6-4609-ade9-a774c1362b62"", ""b30f6b99-0189-4c80-8977-bd7cf269ab8e""]","[""Mentalidade Digital"", ""Planejamento"", ""Uso de TIC""]","[""Capacidade de integrar as tecnologias digitais com: os modelos de gestão; os processos de tomada de decisão e geração de produtos e serviços; e os\nmeios de comunicação interna, externa e de relacionamento com usuários."", ""Identificar problemas prioritários e oportunidades de sua unidade para projetar planos, programas ou projetos que prefixam objetivos, atividades, recursos, custos, cronogramas, responsáveis e indicadores de progresso, resultados e impacto."", ""Otimizar o uso das tecnologias de informação e comunicação disponíveis, em seu efetivo potencial, para melhorar seu desempenho.""]","[""27ccdc3f-64d6-4748-960b-171e9c804d23"", ""4a2cf0b1-98dd-4bff-adc0-898f32e7b857"", ""b47333be-1c80-40a9-a93d-9bbc4d7e4677""]","[""Gestão de Resultados"", ""Orientação a Resultados"", ""Transversais""]","[""6152c8bb-1632-42f0-9599-919b6bf15ecb"", ""7b16819f-cb8a-406d-9ab9-a335a50143cb""]","[""Aplicar"", ""Entender""]","[""Mentalidade Digital"", ""Planejamento"", ""Uso de TIC""]","Inserção Digital na aposentadoria Este curso apresenta os assuntos - Informática Básica e Noções para a Internet - em seus aspectos iniciais, ou seja, com ênfase em ilustrar situações onde você poderá utilizar estes conhecimentos, com enfoque em assuntos que comumente surgem ao longo do usufruto de computadores e/ou semelhantes. Você irá conhecer algumas estruturas físicas, bem como teóricas, e será apresentado a maneiras de interatividade com sistemas que estejam em dispositivos móveis."
23823d88-fab8-4740-b68b-039d30ce4975,Auxiliar Pedagógico,"No curso de Auxiliar Pedagógico você vai ser preparado para auxiliar na elaboração de projetos pedagógicos e planos de cursos. Vai aprender a como colaborar com a organização didática e metodológica das atividades pedagógicas, além de poder auxiliar nos processos de avaliação do ensino e da aprendizagem na educação e na relação pedagógica entre docentes e estudantes. Vai estar preparado para contribuir para o desenvolvimento de ações integradas no âmbito escolar.",200,"[""0accb9d5-dbd1-483f-ab2a-ee0ca1c22de4"", ""293f465f-d8b5-44f4-a285-5aa095625979"", ""4667ae96-35b0-435a-87f5-e21af9c1086d"", ""a3a55daf-faf9-41e2-81eb-613b8c94fad1"", ""c2ec6e9a-e945-4168-b151-408d1f929935"", ""d8065c73-647c-467c-999c-454dafd7f1b9""]","[""Construção de Redes"", ""Gerenciamento de políticas"", ""Organização da rotina"", ""Planejamento"", ""Resolução de problemas com base em dados"", ""Visão estratégica""]","[""Capacidade de idear soluções inovadoras e efetivas para problemas de baixa, média ou elevada complexidade com a utilização de dados (numéricos e não numéricos) e evidências que aumentem a precisão e viabilidade das soluções."", ""Compreender o ambiente político e a as tendências que interferem no estado de coisas; antecipar problemas e oportunidades a médio e longo prazo para a área responsável a fim de que a gestão identifique a alternativa mais adequada a cada situação presente ou eventual, comunicando à equipe a lógica das decisões diretivas."", ""Contribuir para a coerência estratégica da gestão de políticas, articulando e complementando os objetivos e resultados das organizações; desempenhar o papel de liderança no âmbito das políticas públicas promovidas pelo Alto Governo."", ""Definir o programa semanal e mensal de atividades, no âmbito do plano institucional, determinando os resultados a serem alcançados, as tarefas a serem executadas, os procedimentos a serem resolvidos e os atrasos a serem corrigidos, bem como os custos e insumos necessários para alcançá-lo. "", ""Identificar problemas prioritários e oportunidades de sua unidade para projetar planos, programas ou projetos que prefixam objetivos, atividades, recursos, custos, cronogramas, responsáveis e indicadores de progresso, resultados e impacto."", ""Promover o autodesenvolvimento e o desenvolvimento profissional de suas equipes de colaboradores, integrando, criando ou incentivando a participação em redes e fóruns para troca de experiências, novidades, documentos, cases, soluções criativas e problemas compartilhados.""]","[""27ccdc3f-64d6-4748-960b-171e9c804d23"", ""4a2cf0b1-98dd-4bff-adc0-898f32e7b857"", ""7d566976-b00c-4aa7-aa67-d94656c8db8c"", ""b47333be-1c80-40a9-a93d-9bbc4d7e4677""]","[""Gestão de Mudanças"", ""Gestão de Resultados"", ""Orientação a Resultados"", ""Transversais""]","[""6152c8bb-1632-42f0-9599-919b6bf15ecb"", ""e10b37a4-2e66-4a5b-bd09-815dc7a45fff""]","[""Avaliar"", ""Entender""]","[""Gerenciamento de políticas"", ""Organização da rotina"", ""Planejamento"", ""Resolução de problemas com base em dados"", ""Visão estratégica""]","Auxiliar Pedagógico No curso de Auxiliar Pedagógico você vai ser preparado para auxiliar na elaboração de projetos pedagógicos e planos de cursos. Vai aprender a como colaborar com a organização didática e metodológica das atividades pedagógicas, além de poder auxiliar nos processos de avaliação do ensino e da aprendizagem na educação e na relação pedagógica entre docentes e estudantes. Vai estar preparado para contribuir para o desenvolvimento de ações integradas no âmbito escolar."
24042442-fc90-4438-be62-76fffb2f3145,Laboratórios da Escola,"Experimentação como prática científica; ciências; línguas e informática. Curso produzido pelo IFRS, ofertado pela Plataforma Aprenda Mais (MEC).",30,"[""3062277b-4218-4f2b-8645-90ba3651fc52"", ""e4f31519-2fad-4fe8-b476-5da4715a16e9""]","[""Ensino"", ""Orientação""]","[""Planificar e implementar dispositivos e recursos digitais no processo de ensino, de modo a melhorar a eficácia das intervenções pedagógicas. Gerir e orquestrar  adequadamente estratégias de ensino digital. Experimentar e desenvolver novos formatos e métodos pedagógicos para o ensino."", ""Usar tecnologias e serviços digitais para melhorar a interação com os(as) estudantes,individual e coletivamente, dentro e fora da sessão de aprendizagem. Usar tecnologias digitais para proporcionar orientação e assistência oportuna e dirigida. Experimentar e desenvolver novas formas e formatos para oferecer orientação e apoio.""]","[""cac54f5d-834c-499c-bf8d-e549fa3828af""]","[""Ensino e Aprendizagem""]","[""6152c8bb-1632-42f0-9599-919b6bf15ecb"", ""85f646ca-67c5-439c-8cc1-df4fed9e0ae7"", ""dcd7e78d-25ed-4a16-9229-39773b4f6b3d""]","[""Analisar"", ""Entender"", ""Lembrar""]","[""Ensino"", ""Orientação""]","Laboratórios da Escola Experimentação como prática científica; ciências; línguas e informática. Curso produzido pelo IFRS, ofertado pela Plataforma Aprenda Mais (MEC)."
249d0a3d-c4ef-4293-bf9c-a6ef850f1888,Acesso e representatividade nos espaços acadêmicos,"Neste curso serão apresentadas as temáticas relacionadas a atuação em atividade de ações afirmativas; Representatividade; Tipos de acesso ao Ensino Superior na Universidade Federal de Pelotas (UFPel), incluindo o Programa de Avaliação da Vida Escolar (PAVE) e os Dados dos cotistas do Centro de Engenharias da UFPel.",20,"[""161fd267-d68a-4f88-925c-8082f17fb8b2"", ""6815ce74-37f5-40d0-ac92-285d0c126ee9"", ""bf6ee8ab-b64b-48fb-ad5a-738548fc2302""]","[""Acessibilidade e inclusão - Docente"", ""Diferenciação e personalização"", ""Promoção da Inclusão e Acessibilidade""]","["" \n \t\nUsar tecnologias digitais para atender às diversas necessidades de aprendizagem dos(as) estudantes, permitindo que estes progridam a diferentes níveis e velocidades e sigam caminhos e objetivos de aprendizagem individuais."", ""Garantir acessibilidade a recursos e atividades de aprendizagem para todos os(as) estudantes, incluindo os que têm necessidades especiais. Ter em consideração e dar resposta às expetativas, capacidades, usos e conceções errôneas (digitais) dos(as) estudantes, bem como ao uso contextual, físico e cognitivo que fazem das tecnologias digitais."", ""Planejar, implementar e/ou monitorar políticas institucionais, educacionais e administrativas que garantam a inclusão de pessoas com deficiência, assegurando o cumprimento da legislação vigente, especialmente a Lei Brasileira de Inclusão (LBI). Além disso, prestar atendimento adequado, promovendo ambientes e práticas acessíveis, equitativos e livres de barreiras físicas, tecnológicas, pedagógicas, comunicacionais e atitudinais.""]","[""27ccdc3f-64d6-4748-960b-171e9c804d23"", ""c7be7c48-c417-4dec-b203-34ddedba7507""]","[""Capacitação dos(as) Estudantes"", ""Transversais""]","[""6152c8bb-1632-42f0-9599-919b6bf15ecb"", ""85f646ca-67c5-439c-8cc1-df4fed9e0ae7""]","[""Entender"", ""Lembrar""]","[""Acessibilidade e inclusão - Docente"", ""Diferenciação e personalização"", ""Promoção da Inclusão e Acessibilidade""]","Acesso e representatividade nos espaços acadêmicos Neste curso serão apresentadas as temáticas relacionadas a atuação em atividade de ações afirmativas; Representatividade; Tipos de acesso ao Ensino Superior na Universidade Federal de Pelotas (UFPel), incluindo o Programa de Avaliação da Vida Escolar (PAVE) e os Dados dos cotistas do Centro de Engenharias da UFPel."
258f021c-cbfc-49e3-9fe1-f9e3f429316a,Governo Aberto: Transparência e Dados Abertos,"Em 2011, o Brasil lançou, em conjunto com outros países e organizações da sociedade civil, a iniciativa multilateral internacional chamada Open Government Partnership (OGP), que significa Parceria para Governo Aberto. Você já conhece o conceito de governo aberto e as medidas que estão sendo implementadas para conferir transparência na gestão pública? Que tal conhecer essa iniciativa e refletir sobre como ela pode contribuir para uma gestão pública mais transparente? Faça sua inscrição neste curso.
Público Alvo:
Agentes públicos e cidadãos interessados no assunto. Curso aberto, gratuito e com certificado, qualquer pessoa pode se inscrever.
Conteúdo Programático:
Módulo 1 — O que é governo aberto.
Módulo 2 — Os princípios de governo aberto.
Módulo 3 — Implementando medidas de governo aberto.",10,"[""20e05dca-55d6-4609-ade9-a774c1362b62""]","[""Mentalidade Digital""]","[""Capacidade de integrar as tecnologias digitais com: os modelos de gestão; os processos de tomada de decisão e geração de produtos e serviços; e os\nmeios de comunicação interna, externa e de relacionamento com usuários.""]","[""27ccdc3f-64d6-4748-960b-171e9c804d23""]","[""Transversais""]","[""6152c8bb-1632-42f0-9599-919b6bf15ecb""]","[""Entender""]","[""Mentalidade Digital""]","Governo Aberto: Transparência e Dados Abertos Em 2011, o Brasil lançou, em conjunto com outros países e organizações da sociedade civil, a iniciativa multilateral internacional chamada Open Government Partnership (OGP), que significa Parceria para Governo Aberto. Você já conhece o conceito de governo aberto e as medidas que estão sendo implementadas para conferir transparência na gestão pública? Que tal conhecer essa iniciativa e refletir sobre como ela pode contribuir para uma gestão pública mais transparente? Faça sua inscrição neste curso.
Público Alvo:
Agentes públicos e cidadãos interessados no assunto. Curso aberto, gratuito e com certificado, qualquer pessoa pode se inscrever.
Conteúdo Programático:
Módulo 1 — O que é governo aberto.
Módulo 2 — Os princípios de governo aberto.
Módulo 3 — Implementando medidas de governo aberto."
2623c358-878c-4e38-b3fa-07f4bc89b80f,Formação e atuação do TILS,"Desenvolva as competências essenciais para a atuação profissional do Tradutor e Intérprete de Libras (TILS). Este curso explora a formação, atribuições, o código de ética e a regulamentação da profissão (Lei 12.319). Além disso, aborda o processo histórico da função e aspectos práticos da carreira, como honorários, modelos de contratação e a dinâmica de equipes de trabalho.",30,"[""161fd267-d68a-4f88-925c-8082f17fb8b2"", ""45d29970-ecb3-4e4a-b57b-4850c9b6d98f"", ""6815ce74-37f5-40d0-ac92-285d0c126ee9""]","[""Acessibilidade e inclusão - Docente"", ""Comunicação efetiva"", ""Promoção da Inclusão e Acessibilidade""]","[""Estabelecer comunicação efetiva e positiva com superiores hierárquicos, pares e cidadãos, tanto na expressão escrita e verbal quanto corporal."", ""Garantir acessibilidade a recursos e atividades de aprendizagem para todos os(as) estudantes, incluindo os que têm necessidades especiais. Ter em consideração e dar resposta às expetativas, capacidades, usos e conceções errôneas (digitais) dos(as) estudantes, bem como ao uso contextual, físico e cognitivo que fazem das tecnologias digitais."", ""Planejar, implementar e/ou monitorar políticas institucionais, educacionais e administrativas que garantam a inclusão de pessoas com deficiência, assegurando o cumprimento da legislação vigente, especialmente a Lei Brasileira de Inclusão (LBI). Além disso, prestar atendimento adequado, promovendo ambientes e práticas acessíveis, equitativos e livres de barreiras físicas, tecnológicas, pedagógicas, comunicacionais e atitudinais.""]","[""27ccdc3f-64d6-4748-960b-171e9c804d23"", ""4a2cf0b1-98dd-4bff-adc0-898f32e7b857"", ""c7be7c48-c417-4dec-b203-34ddedba7507""]","[""Capacitação dos(as) Estudantes"", ""Orientação a Resultados"", ""Transversais""]","[""6152c8bb-1632-42f0-9599-919b6bf15ecb"", ""85f646ca-67c5-439c-8cc1-df4fed9e0ae7""]","[""Entender"", ""Lembrar""]","[""Acessibilidade e inclusão - Docente"", ""Comunicação efetiva"", ""Promoção da Inclusão e Acessibilidade""]","Formação e atuação do TILS Desenvolva as competências essenciais para a atuação profissional do Tradutor e Intérprete de Libras (TILS). Este curso explora a formação, atribuições, o código de ética e a regulamentação da profissão (Lei 12.319). Além disso, aborda o processo histórico da função e aspectos práticos da carreira, como honorários, modelos de contratação e a dinâmica de equipes de trabalho."
269e37f1-dcc3-46b1-b912-06c5ba5acfbf,A Liderança Pública em Tempos de Crise,"Em cenários de graves crises mundiais, nossos olhares se voltam para as lideranças. Pensando nisso, o CLP – Liderança Pública e a ENAP prepararam este curso para apresentar a um passo a passo de como liderar em tempos de crise. O conteúdo tem uso prático para que lideranças consigam navegar pela crise, servindo como um repositório de apoio e suporte para o enfrentamento da instabilidade ocasionada pelo coronavírus.",10,"[""1c596a8d-dff3-46ca-a684-8eb59b20800c""]","[""Liderança eficaz""]","[""Dirigir equipes, otimizando a aplicação de talentos disponíveis e criando um ambiente positivo e comprometido para a obtenção de resultados.""]","[""b47333be-1c80-40a9-a93d-9bbc4d7e4677""]","[""Gestão de Resultados""]","[""0f4140d5-313e-48ae-a953-f88e8e798a29"", ""6152c8bb-1632-42f0-9599-919b6bf15ecb"", ""7b16819f-cb8a-406d-9ab9-a335a50143cb"", ""dcd7e78d-25ed-4a16-9229-39773b4f6b3d""]","[""Analisar"", ""Aplicar"", ""Criar"", ""Entender""]","[""Liderança eficaz""]","A Liderança Pública em Tempos de Crise Em cenários de graves crises mundiais, nossos olhares se voltam para as lideranças. Pensando nisso, o CLP – Liderança Pública e a ENAP prepararam este curso para apresentar a um passo a passo de como liderar em tempos de crise. O conteúdo tem uso prático para que lideranças consigam navegar pela crise, servindo como um repositório de apoio e suporte para o enfrentamento da instabilidade ocasionada pelo coronavírus."
280e137c-31a4-4830-8868-4553e9c9ab95,Estratégias Flexíveis de Ensino em Tempos de Pandemia,"Objetivo:
Capacitar educadores e profissionais da área de ensino a implementar estratégias de ensino híbrido e metodologias flexíveis, adaptando suas práticas pedagógicas aos desafios educacionais em contextos de crise, como pandemias e outros cenários que exigem rápida adaptação.
Abordagem:
Prático e aplicado, com foco em soluções imediatas para o ensino remoto e semipresencial.
Tópicos Principais:
Fundamentos do ensino híbrido e educação flexível
Ferramentas digitais para ensino remoto (plataformas, apps e recursos interativos)
Planejamento de aulas adaptáveis a diferentes modalidades (online, presencial e híbrido)
Estratégias de engajamento e avaliação em ambientes virtuais
Público-Alvo:
Professores da educação básica e superior, coordenadores pedagógicos, tutores EAD e profissionais que atuam com capacitação corporativa.
Competências Desenvolvidas:
Ao concluir o curso, os participantes estarão aptos a:
Selecionar e utilizar tecnologias educacionais adequadas a diferentes contextos
Planejar aulas que alternam entre atividades síncronas e assíncronas
Manter a qualidade do ensino em situações de crise ou mudança abrupta
Avaliar aprendizagem em formatos não-presenciais
Pré-requisitos:
Não há exigências formais, mas experiência prévia em docência facilitará o aproveitamento.",30,"[""3062277b-4218-4f2b-8645-90ba3651fc52"", ""5a036b8e-1546-48ea-a616-2890f9904d4c"", ""b64634ab-e0ca-42a8-a95d-b8670598488b"", ""e4f31519-2fad-4fe8-b476-5da4715a16e9""]","[""Aprendizagem autorregulada"", ""Aprendizagem colaborativa"", ""Ensino"", ""Orientação""]","[""Planificar e implementar dispositivos e recursos digitais no processo de ensino, de modo a melhorar a eficácia das intervenções pedagógicas. Gerir e orquestrar  adequadamente estratégias de ensino digital. Experimentar e desenvolver novos formatos e métodos pedagógicos para o ensino."", ""Usar tecnologias digitais para apoiar a aprendizagem autorregulada dos(as) estudantes, isto é, permitir que planejem, acompanhem e reflitam sobre a sua própria\naprendizagem, forneçam evidências de progresso, compartilhem ideias e encontrem soluções criativas.\n"", ""Usar tecnologias digitais para promover e melhorar a colaboração do(a) estudante. Permitir que os(as) estudantes usem tecnologias digitais enquanto parte de tarefas colaborativas, como meio de melhorar a comunicação, a colaboração e a criação colaborativa de conhecimento."", ""Usar tecnologias e serviços digitais para melhorar a interação com os(as) estudantes,individual e coletivamente, dentro e fora da sessão de aprendizagem. Usar tecnologias digitais para proporcionar orientação e assistência oportuna e dirigida. Experimentar e desenvolver novas formas e formatos para oferecer orientação e apoio.""]","[""cac54f5d-834c-499c-bf8d-e549fa3828af""]","[""Ensino e Aprendizagem""]","[""6152c8bb-1632-42f0-9599-919b6bf15ecb"", ""85f646ca-67c5-439c-8cc1-df4fed9e0ae7"", ""dcd7e78d-25ed-4a16-9229-39773b4f6b3d""]","[""Analisar"", ""Entender"", ""Lembrar""]","[""Aprendizagem autorregulada"", ""Aprendizagem colaborativa"", ""Ensino"", ""Orientação""]","Estratégias Flexíveis de Ensino em Tempos de Pandemia Objetivo:
Capacitar educadores e profissionais da área de ensino a implementar estratégias de ensino híbrido e metodologias flexíveis, adaptando suas práticas pedagógicas aos desafios educacionais em contextos de crise, como pandemias e outros cenários que exigem rápida adaptação.
Abordagem:
Prático e aplicado, com foco em soluções imediatas para o ensino remoto e semipresencial.
Tópicos Principais:
Fundamentos do ensino híbrido e educação flexível
Ferramentas digitais para ensino remoto (plataformas, apps e recursos interativos)
Planejamento de aulas adaptáveis a diferentes modalidades (online, presencial e híbrido)
Estratégias de engajamento e avaliação em ambientes virtuais
Público-Alvo:
Professores da educação básica e superior, coordenadores pedagógicos, tutores EAD e profissionais que atuam com capacitação corporativa.
Competências Desenvolvidas:
Ao concluir o curso, os participantes estarão aptos a:
Selecionar e utilizar tecnologias educacionais adequadas a diferentes contextos
Planejar aulas que alternam entre atividades síncronas e assíncronas
Manter a qualidade do ensino em situações de crise ou mudança abrupta
Avaliar aprendizagem em formatos não-presenciais
Pré-requisitos:
Não há exigências formais, mas experiência prévia em docência facilitará o aproveitamento."
2b3fa638-0c81-40fe-bd37-1032c26d623b,Formação para Bancas de Heteroidentificação,"Conteúdo: Ações afirmativas e a contextualização das bancas de heteroidentificação; Conceituação sobre colorismo, polarização racial, negritude, racismo e a vivência dos negros(as) e pardos(as) na sociedade brasileira; Práticas, constituição e funcionamento das bancas de heteroidentificação e orientações às comissões. 
Carga-horária: 50 horas
Público-alvo: Interessados(as) em receber formação específica sobre a promoção da igualdade racial, enfrentamento ao racismo e as relações étnico-raciais no Brasil, no contexto das comissões de heteroidentificação",50,"[""161fd267-d68a-4f88-925c-8082f17fb8b2"", ""bf6ee8ab-b64b-48fb-ad5a-738548fc2302""]","[""Acessibilidade e inclusão - Docente"", ""Diferenciação e personalização""]","["" \n \t\nUsar tecnologias digitais para atender às diversas necessidades de aprendizagem dos(as) estudantes, permitindo que estes progridam a diferentes níveis e velocidades e sigam caminhos e objetivos de aprendizagem individuais."", ""Garantir acessibilidade a recursos e atividades de aprendizagem para todos os(as) estudantes, incluindo os que têm necessidades especiais. Ter em consideração e dar resposta às expetativas, capacidades, usos e conceções errôneas (digitais) dos(as) estudantes, bem como ao uso contextual, físico e cognitivo que fazem das tecnologias digitais.""]","[""c7be7c48-c417-4dec-b203-34ddedba7507""]","[""Capacitação dos(as) Estudantes""]","[""6152c8bb-1632-42f0-9599-919b6bf15ecb"", ""85f646ca-67c5-439c-8cc1-df4fed9e0ae7"", ""dcd7e78d-25ed-4a16-9229-39773b4f6b3d""]","[""Analisar"", ""Entender"", ""Lembrar""]","[""Acessibilidade e inclusão - Docente"", ""Diferenciação e personalização""]","Formação para Bancas de Heteroidentificação Conteúdo: Ações afirmativas e a contextualização das bancas de heteroidentificação; Conceituação sobre colorismo, polarização racial, negritude, racismo e a vivência dos negros(as) e pardos(as) na sociedade brasileira; Práticas, constituição e funcionamento das bancas de heteroidentificação e orientações às comissões. 
Carga-horária: 50 horas
Público-alvo: Interessados(as) em receber formação específica sobre a promoção da igualdade racial, enfrentamento ao racismo e as relações étnico-raciais no Brasil, no contexto das comissões de heteroidentificação"
2ddaad55-4cf3-437e-a78b-ae5b75b4e85e,Ética e Serviço Público,"O curso Ética e Serviço Público tem como objetivo capacitar servidores públicos, gestores e cidadãos a adotarem condutas éticas na oferta e no uso de serviços públicos. Com uma abordagem teórica, o curso abordará princípios da ética no setor público, dilemas comuns, regulamentações legais e boas práticas para tomada de decisões. Destinado a profissionais da administração pública, estudantes de áreas correlatas e interessados no tema. Ao final, os participantes estarão aptos a identificar e resolver questões éticas em sua atuação, alinhando-se às normas e valores do serviço público. Para conclusão, não há pré-requisitos, mas recomenda-se interesse em ética e gestão pública.",20,"[""30db1816-b75d-4364-855e-f1d09b0b6016"", ""3418004f-90fd-4a64-bb7c-fab6c1f8f6cc"", ""432c5350-bdb8-4e22-b7a4-0417e9cfa8f4"", ""64680a3e-e14c-4702-8970-00f96284e671"", ""cdbece75-961d-4176-b34b-66e1a530dcf2""]","[""Comunicação institucional"", ""Comunicação interpessoal"", ""Gestão do desenvolvimento de pessoas"", ""Orientações por valores éticos"", ""Prática reflexiva""]","[""Capacidade de agir de acordo com princípios e valores morais que norteiam o exercício da função pública, tais como responsabilidade, integridade, retidão, transparência e equidade na gestão da res publica."", ""Forjar um ambiente de trabalho em que os interesses de equipes e indivíduos se harmonizem com os objetivos e resultados da organização, gerando oportunidades de aprendizado e desenvolvimento, bem como incentivos para reforçar o desempenho excepcional."", ""Iniciar e manter comunicações respeitosas e cordiais; transmitir de forma transparente e comportamento estável, informações e gestos, mensagens orais e de texto claros, concisos, fiáveis e apropriados para o destinatário. Atender ativamente informações, consultas, divergências e mensagens de terceiros com uma atitude construtiva e empática."", ""Refletir individualmente e coletivamente, avaliar criticamente e desenvolver ativamente sua prática pedagógica digital e a da sua comunidade educativa."", ""Usar tecnologias digitais para melhorar a comunicação institucional com os(as) estudantes, pais ou responsáveis e terceiros. Contribuir colaborativamente para desenvolver e melhorar as estratégias de comunicação institucional.""]","[""27ccdc3f-64d6-4748-960b-171e9c804d23"", ""514d5868-5f15-4ce9-b74a-d14f5310b54e"", ""690c731c-31f8-46f6-94f6-94d952223a08"", ""b47333be-1c80-40a9-a93d-9bbc4d7e4677""]","[""Envolvimento Profissional"", ""Gestão de Relacionamentos"", ""Gestão de Resultados"", ""Transversais""]","[""6152c8bb-1632-42f0-9599-919b6bf15ecb""]","[""Entender""]","[""Comunicação institucional"", ""Comunicação interpessoal"", ""Gestão do desenvolvimento de pessoas"", ""Orientações por valores éticos"", ""Prática reflexiva""]","Ética e Serviço Público O curso Ética e Serviço Público tem como objetivo capacitar servidores públicos, gestores e cidadãos a adotarem condutas éticas na oferta e no uso de serviços públicos. Com uma abordagem teórica, o curso abordará princípios da ética no setor público, dilemas comuns, regulamentações legais e boas práticas para tomada de decisões. Destinado a profissionais da administração pública, estudantes de áreas correlatas e interessados no tema. Ao final, os participantes estarão aptos a identificar e resolver questões éticas em sua atuação, alinhando-se às normas e valores do serviço público. Para conclusão, não há pré-requisitos, mas recomenda-se interesse em ética e gestão pública."
2e415d0e-b682-4ffc-9bdb-4cb8f83ac927,Neurologia da aprendizagem,"Este curso pretende instrumentalizar os alunos de noções básicas da anatomia e funcionamento cerebral, visando à qualificação de sua prática. Estudos mostram que, quando compreendemos como o cérebro funciona, entendemos melhor como os sujeitos aprendem, ou seja, as habilidades cognitivas necessárias para que esse processo ocorra. Desta forma, também estaremos mais capacitados a avaliar e intervir nas dificuldades de aprendizagem.",30,"[""45d29970-ecb3-4e4a-b57b-4850c9b6d98f""]","[""Comunicação efetiva""]","[""Estabelecer comunicação efetiva e positiva com superiores hierárquicos, pares e cidadãos, tanto na expressão escrita e verbal quanto corporal.""]","[""4a2cf0b1-98dd-4bff-adc0-898f32e7b857""]","[""Orientação a Resultados""]","[""6152c8bb-1632-42f0-9599-919b6bf15ecb"", ""85f646ca-67c5-439c-8cc1-df4fed9e0ae7""]","[""Entender"", ""Lembrar""]","[""Comunicação efetiva""]","Neurologia da aprendizagem Este curso pretende instrumentalizar os alunos de noções básicas da anatomia e funcionamento cerebral, visando à qualificação de sua prática. Estudos mostram que, quando compreendemos como o cérebro funciona, entendemos melhor como os sujeitos aprendem, ou seja, as habilidades cognitivas necessárias para que esse processo ocorra. Desta forma, também estaremos mais capacitados a avaliar e intervir nas dificuldades de aprendizagem."
2ea3bd54-37f8-4dfc-82e0-5b2cd8e27cc6,Introdução à Lei Brasileira de Proteção de Dados Pessoais,"O curso apresenta um panorama sobre a nova legislação brasileira de proteção de dados pessoais (Lei 13.709/18), compreendendo os temas mais importantes para a sua implementação, como: fundamentos e campo de aplicação, princípios e direitos do titular, responsabilidades dos agentes, aspectos internacionais, segurança e a Autoridade Nacional de Proteção de Dados, entre outros. O objetivo do curso é capacitar as pessoas para entenderem, de forma rápida e acessível, o funcionamento e diretrizes básicas expostas na nova lei geral de proteção de dados do Brasil.",10,"[""1c04b88f-1be5-4ae0-b173-3a00c0f5b253"", ""20e05dca-55d6-4609-ade9-a774c1362b62"", ""494c1fac-1723-4cfb-b8ee-4e6472ae59c7"", ""64680a3e-e14c-4702-8970-00f96284e671"", ""694f836a-0a94-4039-b309-1ff7b55da325"", ""6a6c1fb3-6126-406e-80b1-fd587d3b5a25"", ""93a78bdb-6f5f-4a1a-a012-82eb8b9db4d8""]","[""Gerenciamento digital"", ""Gestão, proteção e compartilhamento"", ""Melhoria contínua de processos"", ""Mentalidade Digital"", ""Orientações por valores éticos"", ""Tomada de decisão"", ""Uso responsável""]","[""Capacidade de agir de acordo com princípios e valores morais que norteiam o exercício da função pública, tais como responsabilidade, integridade, retidão, transparência e equidade na gestão da res publica."", ""Capacidade de integrar as tecnologias digitais com: os modelos de gestão; os processos de tomada de decisão e geração de produtos e serviços; e os\nmeios de comunicação interna, externa e de relacionamento com usuários."", ""Decidir sobre as questões sob sua responsabilidade mobilizando critérios de economia, eficácia, eficiência e transparência."", ""Organizar conteúdo digital e disponibilizá-lo aos(às) estudantes, pais ou responsáveis e outros educadores. Proteger eficazmente conteúdo digital sensível. Respeitar e aplicar corretamente regras de privacidade e de direitos de autor. Compreender a utilização e criação de licenças abertas e de recursos educacionais abertos, incluindo a sua atribuição apropriada."", ""Propor e introduzir ações para acelerar a melhoria contínua e a produtividade das tarefas sob sua responsabilidade, em atenção aos requisitos de qualidade."", ""Reconhecer efetivamente o direito dos cidadãos à informação pública e à interação com serviços no ambiente digital, garantindo canais efetivos para requisição de serviços, pedidos, consultas, procedimentos, acompanhamento e resolução remotos."", ""Tomar medidas que garantam o bem-estar físico, psicológico e social dos(as) estudantes enquanto usam tecnologias digitais. Capacitar os(as) estudantes para gerir\nriscos e usar tecnologias digitais de forma segura e responsável.""]","[""05ac4a5c-019d-4ec7-83cc-12ca141322fa"", ""27ccdc3f-64d6-4748-960b-171e9c804d23"", ""5a224ac7-f165-4900-971c-f82f2684f779"", ""7d566976-b00c-4aa7-aa67-d94656c8db8c"", ""e23d3b1c-ee83-4b09-b141-fc0f9dc7ab57""]","[""Gestão de Mudanças"", ""Processos de Melhoria"", ""Promoção da Competência Digital dos(as) Estudantes"", ""Recursos Digitais"", ""Transversais""]","[""6152c8bb-1632-42f0-9599-919b6bf15ecb"", ""7b16819f-cb8a-406d-9ab9-a335a50143cb"", ""85f646ca-67c5-439c-8cc1-df4fed9e0ae7"", ""dcd7e78d-25ed-4a16-9229-39773b4f6b3d""]","[""Analisar"", ""Aplicar"", ""Entender"", ""Lembrar""]","[""Gerenciamento digital"", ""Gestão, proteção e compartilhamento"", ""Melhoria contínua de processos"", ""Mentalidade Digital"", ""Orientações por valores éticos"", ""Tomada de decisão"", ""Uso responsável""]","Introdução à Lei Brasileira de Proteção de Dados Pessoais O curso apresenta um panorama sobre a nova legislação brasileira de proteção de dados pessoais (Lei 13.709/18), compreendendo os temas mais importantes para a sua implementação, como: fundamentos e campo de aplicação, princípios e direitos do titular, responsabilidades dos agentes, aspectos internacionais, segurança e a Autoridade Nacional de Proteção de Dados, entre outros. O objetivo do curso é capacitar as pessoas para entenderem, de forma rápida e acessível, o funcionamento e diretrizes básicas expostas na nova lei geral de proteção de dados do Brasil."
2ed92760-99b6-47fd-be37-a1b54969a64f,Gamificação aplicada à Transformação Digital na Administração Pública,"Que tal usar toda potencialidade que a gamificação pode oferecer? Melhorar o desempenho dos membros da equipe, engajar consumidores no uso de seus produtos e treinar novas habilidades?
Carga Horária: 25h.
Disponibilidade: 30 dias.
Público Alvo: Agentes públicos que atuam nos órgãos e entidades do Sistema de Administração dos Recursos de Tecnologia da Informação (SISP). Curso aberto, gratuito e com certificado, qualquer pessoa pode se inscrever.
Conteúdo Programático:
Módulo 1: Conceitos Fundamentais de Gamificação.
Módulo 2: Motivação e Engajamento na Gamificação.
Módulo 3: Elementos da Gamificação.
Módulo 4: Elementos para Modelagem de um Ambiente Gamificado.
Módulo 5: Caso Prático de Aplicação da Gamificação em Serviços Públicos.",25,"[""20e05dca-55d6-4609-ade9-a774c1362b62"", ""432c5350-bdb8-4e22-b7a4-0417e9cfa8f4"", ""4be87cc2-7a58-4885-8970-8f49249d43d5"", ""ac12a129-92a7-44c1-bb06-6162eeb4d798""]","[""Gestão do desenvolvimento de pessoas"", ""Inovação"", ""Mentalidade Digital"", ""Trabalho em equipe""]","[""Capacidade de colaborar e cooperar em atividades desenvolvidas coletivamente\npara atingir metas compartilhadas e de compreender a repercussão de suas ações para o êxito ou alcance dos objetivos estabelecidos pelo grupo."", ""Capacidade de integrar as tecnologias digitais com: os modelos de gestão; os processos de tomada de decisão e geração de produtos e serviços; e os\nmeios de comunicação interna, externa e de relacionamento com usuários."", ""Forjar um ambiente de trabalho em que os interesses de equipes e indivíduos se harmonizem com os objetivos e resultados da organização, gerando oportunidades de aprendizado e desenvolvimento, bem como incentivos para reforçar o desempenho excepcional."", ""Forjar um clima de interesse para soluções inovadoras que melhorem a eficiência das respostas aos cidadãos em termos de informações, processos, tecnologias, resultados e impactos da gestão pública.""]","[""27ccdc3f-64d6-4748-960b-171e9c804d23"", ""7d566976-b00c-4aa7-aa67-d94656c8db8c"", ""b47333be-1c80-40a9-a93d-9bbc4d7e4677""]","[""Gestão de Mudanças"", ""Gestão de Resultados"", ""Transversais""]","[""0f4140d5-313e-48ae-a953-f88e8e798a29"", ""6152c8bb-1632-42f0-9599-919b6bf15ecb"", ""7b16819f-cb8a-406d-9ab9-a335a50143cb""]","[""Aplicar"", ""Criar"", ""Entender""]","[""Gestão do desenvolvimento de pessoas"", ""Inovação"", ""Mentalidade Digital"", ""Trabalho em equipe""]","Gamificação aplicada à Transformação Digital na Administração Pública Que tal usar toda potencialidade que a gamificação pode oferecer? Melhorar o desempenho dos membros da equipe, engajar consumidores no uso de seus produtos e treinar novas habilidades?
Carga Horária: 25h.
Disponibilidade: 30 dias.
Público Alvo: Agentes públicos que atuam nos órgãos e entidades do Sistema de Administração dos Recursos de Tecnologia da Informação (SISP). Curso aberto, gratuito e com certificado, qualquer pessoa pode se inscrever.
Conteúdo Programático:
Módulo 1: Conceitos Fundamentais de Gamificação.
Módulo 2: Motivação e Engajamento na Gamificação.
Módulo 3: Elementos da Gamificação.
Módulo 4: Elementos para Modelagem de um Ambiente Gamificado.
Módulo 5: Caso Prático de Aplicação da Gamificação em Serviços Públicos."
2ef5086a-5c0f-4404-a1dc-d2b86643dab4,Como Fiscalizar com Eficiência Contratos Públicos,"Fiscalizar contratos é um dever dos gestores públicos. Qualquer agente público poderá assumir o papel de fiscal de contrato administrativo. Entretanto, isso poderá ser um desafio, uma vez que a atividade envolve uma série de tarefas que, muitas vezes, ainda não são conhecidas por todos nós. Este curso pretende, justamente, contribuir para que você exerça, com eficiência, a fiscalização de contratos públicos.
Conteúdo Programático:
Módulo 1 - Dever de fiscalizar e busca da efetividade.
Módulo 2 – Agentes e tarefas da fiscalização.
Módulo 3 – O que impacta o planejamento? 
Módulo 4 – O plano de fiscalização.",20,"[""3a910f03-4c71-4606-93cd-179056019b11""]","[""Gerenciamento de recursos""]","[""Preservar critérios de eficácia e eficiência na administração de recursos materiais, das competências das pessoas e dos ativos de uso da organização.""]","[""b47333be-1c80-40a9-a93d-9bbc4d7e4677""]","[""Gestão de Resultados""]","[""6152c8bb-1632-42f0-9599-919b6bf15ecb"", ""7b16819f-cb8a-406d-9ab9-a335a50143cb"", ""e10b37a4-2e66-4a5b-bd09-815dc7a45fff""]","[""Aplicar"", ""Avaliar"", ""Entender""]","[""Gerenciamento de recursos""]","Como Fiscalizar com Eficiência Contratos Públicos Fiscalizar contratos é um dever dos gestores públicos. Qualquer agente público poderá assumir o papel de fiscal de contrato administrativo. Entretanto, isso poderá ser um desafio, uma vez que a atividade envolve uma série de tarefas que, muitas vezes, ainda não são conhecidas por todos nós. Este curso pretende, justamente, contribuir para que você exerça, com eficiência, a fiscalização de contratos públicos.
Conteúdo Programático:
Módulo 1 - Dever de fiscalizar e busca da efetividade.
Módulo 2 – Agentes e tarefas da fiscalização.
Módulo 3 – O que impacta o planejamento? 
Módulo 4 – O plano de fiscalização."
2faffb7f-3935-4b37-b54d-e0ae31f96b6d,Introdução ao Google Classroom,"O curso traz possibilidades da utilização do Google Classroom por professores, desde como criar uma turma, convidar alunos, convidar professores parceiros, até criar atividades e atribuir notas. ",10,"[""2e82da93-1754-4c16-8932-4ecd7695c246"", ""30521bbb-e702-47d7-a287-b242cf5bf600"", ""3062277b-4218-4f2b-8645-90ba3651fc52"", ""3a910f03-4c71-4606-93cd-179056019b11"", ""5a036b8e-1546-48ea-a616-2890f9904d4c"", ""6461c25c-1491-4610-8ee0-2029d77fa61d"", ""6a6c1fb3-6126-406e-80b1-fd587d3b5a25"", ""84b2a6b0-c670-4a34-a04f-594a0b4c1d4a"", ""93a78bdb-6f5f-4a1a-a012-82eb8b9db4d8"", ""b64634ab-e0ca-42a8-a95d-b8670598488b"", ""bb6db702-1fd8-40b5-abeb-e067768c5def"", ""c6d771e2-d2a0-443d-b615-b0c813965e99"", ""e4f31519-2fad-4fe8-b476-5da4715a16e9""]","[""Aprendizagem autorregulada"", ""Aprendizagem colaborativa"", ""Comunicação e colaboração digital"", ""Criação e modificação"", ""Ensino"", ""Estratégias de avaliação"", ""Feedback e planificação"", ""Gerenciamento de recursos"", ""Gerenciamento digital"", ""Gestão, proteção e compartilhamento"", ""Orientação"", ""Resolução de problemas digitais"", ""Seleção""]","[""Identificar, avaliar e selecionar recursos digitais para o ensino e aprendizagem. \nTer em consideração o objetivo específico de aprendizagem, o contexto, a abordagem pedagógica e o grupo de estudantes, ao selecionar recursos digitais e planificar a sua utilização."", ""Incorporar atividades, tarefas e avaliações de aprendizagem que requeiram que os(as) estudantes identifiquem e resolvam problemas técnicos ou transfiram criativamente conhecimento tecnológico para novas situações."", ""Incorporar atividades, tarefas e avaliações de aprendizagem que requeiram que os(as) estudantes usem, eficaz e responsavelmente, tecnologias digitais para comunicação, colaboração e participação cívica."", ""Modificar e desenvolver recursos existentes com licença aberta e outros recursos onde tal é permitido. Criar ou cocriar novos recursos educacionais digitais. Ter em\nconsideração o objetivo específico de aprendizagem, o contexto, a abordagem pedagógica e o grupo de estudantes, ao selecionar recursos digitais e planificar a sua utilização."", ""Organizar conteúdo digital e disponibilizá-lo aos(às) estudantes, pais ou responsáveis e outros educadores. Proteger eficazmente conteúdo digital sensível. Respeitar e aplicar corretamente regras de privacidade e de direitos de autor. Compreender a utilização e criação de licenças abertas e de recursos educacionais abertos, incluindo a sua atribuição apropriada."", ""Planificar e implementar dispositivos e recursos digitais no processo de ensino, de modo a melhorar a eficácia das intervenções pedagógicas. Gerir e orquestrar  adequadamente estratégias de ensino digital. Experimentar e desenvolver novos formatos e métodos pedagógicos para o ensino."", ""Preservar critérios de eficácia e eficiência na administração de recursos materiais, das competências das pessoas e dos ativos de uso da organização."", ""Reconhecer efetivamente o direito dos cidadãos à informação pública e à interação com serviços no ambiente digital, garantindo canais efetivos para requisição de serviços, pedidos, consultas, procedimentos, acompanhamento e resolução remotos."", ""Usar tecnologias digitais para a avaliação formativa e sumativa. Melhorar a diversidade e adequação dos formatos e abordagens de avaliação."", ""Usar tecnologias digitais para apoiar a aprendizagem autorregulada dos(as) estudantes, isto é, permitir que planejem, acompanhem e reflitam sobre a sua própria\naprendizagem, forneçam evidências de progresso, compartilhem ideias e encontrem soluções criativas.\n"", ""Usar tecnologias digitais para fornecer feedback oportuno e direcionado aos(às) estudantes. Adaptar estratégias de ensino e proporcionar apoio direcionado,\ncom base nas evidências geradas pelas tecnologias digitais utilizadas. Permitir que estudantes e pais ou responsáveis  compreendam as evidências fornecidas pelas tecnologias digitais e as usem para tomada de decisão."", ""Usar tecnologias digitais para promover e melhorar a colaboração do(a) estudante. Permitir que os(as) estudantes usem tecnologias digitais enquanto parte de tarefas colaborativas, como meio de melhorar a comunicação, a colaboração e a criação colaborativa de conhecimento."", ""Usar tecnologias e serviços digitais para melhorar a interação com os(as) estudantes,individual e coletivamente, dentro e fora da sessão de aprendizagem. Usar tecnologias digitais para proporcionar orientação e assistência oportuna e dirigida. Experimentar e desenvolver novas formas e formatos para oferecer orientação e apoio.""]","[""05ac4a5c-019d-4ec7-83cc-12ca141322fa"", ""5a224ac7-f165-4900-971c-f82f2684f779"", ""7d566976-b00c-4aa7-aa67-d94656c8db8c"", ""b47333be-1c80-40a9-a93d-9bbc4d7e4677"", ""cac54f5d-834c-499c-bf8d-e549fa3828af"", ""cc76e5f1-476f-48b1-9d32-ccb2de7f2cde""]","[""Avaliação"", ""Ensino e Aprendizagem"", ""Gestão de Mudanças"", ""Gestão de Resultados"", ""Promoção da Competência Digital dos(as) Estudantes"", ""Recursos Digitais""]","[""6152c8bb-1632-42f0-9599-919b6bf15ecb"", ""7b16819f-cb8a-406d-9ab9-a335a50143cb"", ""85f646ca-67c5-439c-8cc1-df4fed9e0ae7""]","[""Aplicar"", ""Entender"", ""Lembrar""]","[""Aprendizagem autorregulada"", ""Aprendizagem colaborativa"", ""Comunicação e colaboração digital"", ""Criação e modificação"", ""Ensino"", ""Estratégias de avaliação"", ""Feedback e planificação"", ""Gerenciamento de recursos"", ""Gerenciamento digital"", ""Gestão, proteção e compartilhamento"", ""Orientação"", ""Resolução de problemas digitais"", ""Seleção""]","Introdução ao Google Classroom O curso traz possibilidades da utilização do Google Classroom por professores, desde como criar uma turma, convidar alunos, convidar professores parceiros, até criar atividades e atribuir notas."
2fe50acf-e1f9-4ef0-acb0-e5997245e5f8,Empreendedorismo como opção de carreira,"Destinado à microempreendedor individual, Candidato a empresário, Estudante, Professores e gestores escolares. Além dos primeiros passos para empreender, no curso Empreendedorismo como opção de carreira você irá conhecer as características empreendedoras e o cenário do empreendedorismo no Brasil. Ao fim da capacitação, você poderá planejar a abertura de um novo negócio e melhorar o desempenho organizacional.",3,"[""e2b3c5ad-e0a6-4433-9ffd-ca78825a2e4d""]","[""Gerenciamento da mudança""]","[""Antecipar e promover mudanças estratégicas/operacionais para responder às mudanças do contexto. Redesenhar/modernizar abordagens, processos, tarefas e competências requeridos pelo novo contexto, distribuindo responsabilidades e perseguindo resultados.""]","[""7d566976-b00c-4aa7-aa67-d94656c8db8c""]","[""Gestão de Mudanças""]","[""0f4140d5-313e-48ae-a953-f88e8e798a29"", ""6152c8bb-1632-42f0-9599-919b6bf15ecb"", ""7b16819f-cb8a-406d-9ab9-a335a50143cb""]","[""Aplicar"", ""Criar"", ""Entender""]","[""Gerenciamento da mudança""]","Empreendedorismo como opção de carreira Destinado à microempreendedor individual, Candidato a empresário, Estudante, Professores e gestores escolares. Além dos primeiros passos para empreender, no curso Empreendedorismo como opção de carreira você irá conhecer as características empreendedoras e o cenário do empreendedorismo no Brasil. Ao fim da capacitação, você poderá planejar a abertura de um novo negócio e melhorar o desempenho organizacional."
305e769f-0b0e-4067-8571-038fc8b3d54f,"Jogos, Brinquedos e Brincadeiras","Conceitos básicos e história; brincadeiras e jogos. Curso produzido pelo IFRS, ofertado pela Plataforma Aprenda Mais (MEC).",20,"[""3062277b-4218-4f2b-8645-90ba3651fc52"", ""e4f31519-2fad-4fe8-b476-5da4715a16e9""]","[""Ensino"", ""Orientação""]","[""Planificar e implementar dispositivos e recursos digitais no processo de ensino, de modo a melhorar a eficácia das intervenções pedagógicas. Gerir e orquestrar  adequadamente estratégias de ensino digital. Experimentar e desenvolver novos formatos e métodos pedagógicos para o ensino."", ""Usar tecnologias e serviços digitais para melhorar a interação com os(as) estudantes,individual e coletivamente, dentro e fora da sessão de aprendizagem. Usar tecnologias digitais para proporcionar orientação e assistência oportuna e dirigida. Experimentar e desenvolver novas formas e formatos para oferecer orientação e apoio.""]","[""cac54f5d-834c-499c-bf8d-e549fa3828af""]","[""Ensino e Aprendizagem""]","[""6152c8bb-1632-42f0-9599-919b6bf15ecb"", ""85f646ca-67c5-439c-8cc1-df4fed9e0ae7"", ""dcd7e78d-25ed-4a16-9229-39773b4f6b3d""]","[""Analisar"", ""Entender"", ""Lembrar""]","[""Ensino"", ""Orientação""]","Jogos, Brinquedos e Brincadeiras Conceitos básicos e história; brincadeiras e jogos. Curso produzido pelo IFRS, ofertado pela Plataforma Aprenda Mais (MEC)."
313d287a-2cca-48e1-ad37-ee1c7dc04238,Noções Gerais de Direitos Autorais,"Com o advento da internet, o compartilhamento de materiais aumentou significativamente, causando algumas dúvidas e incertezas em relação à autoria, uso e possibilidade de modificações desses materiais. Nesse curso, você conhecerá algumas questões gerais sobre direitos autorias no Brasil e aprenderá a relacionar as recomendações e determinações legais às situações reais de uso e de compartilhamento de materiais produzidos por terceiros.",10,"[""694f836a-0a94-4039-b309-1ff7b55da325"", ""84b2a6b0-c670-4a34-a04f-594a0b4c1d4a"", ""8f9fe3a9-ae88-46cc-a823-6a92c28243f2"", ""93a78bdb-6f5f-4a1a-a012-82eb8b9db4d8""]","[""Criação de conteúdo digital"", ""Criação e modificação"", ""Gestão, proteção e compartilhamento"", ""Uso responsável""]","[""Incorporar atividades, tarefas e avaliações de aprendizagem que requeiram que os(as) estudantes se expressem através de meios digitais, modifiquem e criem conteúdo digital em diferentes formatos. Ensinar aos(às) estudantes como os direitos de autor e as licenças se aplicam ao conteúdo digital, como referenciar fontes e atribuir licenças."", ""Modificar e desenvolver recursos existentes com licença aberta e outros recursos onde tal é permitido. Criar ou cocriar novos recursos educacionais digitais. Ter em\nconsideração o objetivo específico de aprendizagem, o contexto, a abordagem pedagógica e o grupo de estudantes, ao selecionar recursos digitais e planificar a sua utilização."", ""Organizar conteúdo digital e disponibilizá-lo aos(às) estudantes, pais ou responsáveis e outros educadores. Proteger eficazmente conteúdo digital sensível. Respeitar e aplicar corretamente regras de privacidade e de direitos de autor. Compreender a utilização e criação de licenças abertas e de recursos educacionais abertos, incluindo a sua atribuição apropriada."", ""Tomar medidas que garantam o bem-estar físico, psicológico e social dos(as) estudantes enquanto usam tecnologias digitais. Capacitar os(as) estudantes para gerir\nriscos e usar tecnologias digitais de forma segura e responsável.""]","[""05ac4a5c-019d-4ec7-83cc-12ca141322fa"", ""5a224ac7-f165-4900-971c-f82f2684f779""]","[""Promoção da Competência Digital dos(as) Estudantes"", ""Recursos Digitais""]","[""6152c8bb-1632-42f0-9599-919b6bf15ecb"", ""85f646ca-67c5-439c-8cc1-df4fed9e0ae7"", ""dcd7e78d-25ed-4a16-9229-39773b4f6b3d""]","[""Analisar"", ""Entender"", ""Lembrar""]","[""Criação de conteúdo digital"", ""Criação e modificação"", ""Gestão, proteção e compartilhamento"", ""Uso responsável""]","Noções Gerais de Direitos Autorais Com o advento da internet, o compartilhamento de materiais aumentou significativamente, causando algumas dúvidas e incertezas em relação à autoria, uso e possibilidade de modificações desses materiais. Nesse curso, você conhecerá algumas questões gerais sobre direitos autorias no Brasil e aprenderá a relacionar as recomendações e determinações legais às situações reais de uso e de compartilhamento de materiais produzidos por terceiros."
330a2f5c-6649-4512-bc10-9948b94c482f,Videoaula: da concepção à postagem,"Passo-a-passo da criação de videoaula usando a linguagem audiovisual; Conceitos da aprendizagem multimídia para criação do conteúdo e conhecimento técnico para a produção, gravação e edição da videoaula",60,"[""3062277b-4218-4f2b-8645-90ba3651fc52"", ""84b2a6b0-c670-4a34-a04f-594a0b4c1d4a"", ""8f9fe3a9-ae88-46cc-a823-6a92c28243f2"", ""bb6db702-1fd8-40b5-abeb-e067768c5def"", ""e4f31519-2fad-4fe8-b476-5da4715a16e9""]","[""Criação de conteúdo digital"", ""Criação e modificação"", ""Ensino"", ""Orientação"", ""Seleção""]","[""Identificar, avaliar e selecionar recursos digitais para o ensino e aprendizagem. \nTer em consideração o objetivo específico de aprendizagem, o contexto, a abordagem pedagógica e o grupo de estudantes, ao selecionar recursos digitais e planificar a sua utilização."", ""Incorporar atividades, tarefas e avaliações de aprendizagem que requeiram que os(as) estudantes se expressem através de meios digitais, modifiquem e criem conteúdo digital em diferentes formatos. Ensinar aos(às) estudantes como os direitos de autor e as licenças se aplicam ao conteúdo digital, como referenciar fontes e atribuir licenças."", ""Modificar e desenvolver recursos existentes com licença aberta e outros recursos onde tal é permitido. Criar ou cocriar novos recursos educacionais digitais. Ter em\nconsideração o objetivo específico de aprendizagem, o contexto, a abordagem pedagógica e o grupo de estudantes, ao selecionar recursos digitais e planificar a sua utilização."", ""Planificar e implementar dispositivos e recursos digitais no processo de ensino, de modo a melhorar a eficácia das intervenções pedagógicas. Gerir e orquestrar  adequadamente estratégias de ensino digital. Experimentar e desenvolver novos formatos e métodos pedagógicos para o ensino."", ""Usar tecnologias e serviços digitais para melhorar a interação com os(as) estudantes,individual e coletivamente, dentro e fora da sessão de aprendizagem. Usar tecnologias digitais para proporcionar orientação e assistência oportuna e dirigida. Experimentar e desenvolver novas formas e formatos para oferecer orientação e apoio.""]","[""05ac4a5c-019d-4ec7-83cc-12ca141322fa"", ""5a224ac7-f165-4900-971c-f82f2684f779"", ""cac54f5d-834c-499c-bf8d-e549fa3828af""]","[""Ensino e Aprendizagem"", ""Promoção da Competência Digital dos(as) Estudantes"", ""Recursos Digitais""]","[""6152c8bb-1632-42f0-9599-919b6bf15ecb"", ""7b16819f-cb8a-406d-9ab9-a335a50143cb"", ""85f646ca-67c5-439c-8cc1-df4fed9e0ae7""]","[""Aplicar"", ""Entender"", ""Lembrar""]","[""Criação de conteúdo digital"", ""Criação e modificação"", ""Ensino"", ""Orientação"", ""Seleção""]","Videoaula: da concepção à postagem Passo-a-passo da criação de videoaula usando a linguagem audiovisual; Conceitos da aprendizagem multimídia para criação do conteúdo e conhecimento técnico para a produção, gravação e edição da videoaula"
341290fb-6762-4515-b5d8-9e25d7d8488a,Contratações Públicas Sustentáveis,"Aprofunde-se nos fundamentos teóricos e legislativos das contratações públicas sustentáveis. Este curso apresenta os conceitos essenciais para reavaliar os processos de licitação e aquisição de bens e serviços sob a perspectiva da sustentabilidade. A formação promove a reflexão sobre a relação entre meio ambiente, sociedade e desenvolvimento, além de contribuir para a implementação da gestão de logística sustentável.
Conteudista: Enap - Escola Nacional de Administração Pública
Certificador: Enap - Escola Nacional de Administração Pública
Carga Horária: 20h
Disponibilidade: 30 dias
Idioma: Português
Público-alvo: Servidores públicos, colaboradores e demais interessados na temática. O curso é aberto, gratuito e oferece certificado.
Conteúdo Programático:
Módulo 1: Meio Ambiente, Sociedade e Sustentabilidade.
Módulo 2: Princípios das Contratações Públicas Sustentáveis.
Módulo 3: Sustentabilidade aplicada à licitação no Setor Público.
Módulo 4: Gestão de logística sustentável.",20,"[""0accb9d5-dbd1-483f-ab2a-ee0ca1c22de4""]","[""Planejamento""]","[""Identificar problemas prioritários e oportunidades de sua unidade para projetar planos, programas ou projetos que prefixam objetivos, atividades, recursos, custos, cronogramas, responsáveis e indicadores de progresso, resultados e impacto.""]","[""b47333be-1c80-40a9-a93d-9bbc4d7e4677""]","[""Gestão de Resultados""]","[""6152c8bb-1632-42f0-9599-919b6bf15ecb""]","[""Entender""]","[""Planejamento""]","Contratações Públicas Sustentáveis Aprofunde-se nos fundamentos teóricos e legislativos das contratações públicas sustentáveis. Este curso apresenta os conceitos essenciais para reavaliar os processos de licitação e aquisição de bens e serviços sob a perspectiva da sustentabilidade. A formação promove a reflexão sobre a relação entre meio ambiente, sociedade e desenvolvimento, além de contribuir para a implementação da gestão de logística sustentável.
Conteudista: Enap - Escola Nacional de Administração Pública
Certificador: Enap - Escola Nacional de Administração Pública
Carga Horária: 20h
Disponibilidade: 30 dias
Idioma: Português
Público-alvo: Servidores públicos, colaboradores e demais interessados na temática. O curso é aberto, gratuito e oferece certificado.
Conteúdo Programático:
Módulo 1: Meio Ambiente, Sociedade e Sustentabilidade.
Módulo 2: Princípios das Contratações Públicas Sustentáveis.
Módulo 3: Sustentabilidade aplicada à licitação no Setor Público.
Módulo 4: Gestão de logística sustentável."
34a4154b-3410-4bdb-9284-af28408d980f,Prevenção e Enfrentamento do Assédio Sexual e Moral,"Neste curso, você conhecerá os elementos caracterizadores e as causas estruturantes do assédio moral e também sexual. Além disso, são apresentadas informações que contribuem para a prevenção e o combate ao assédio na Administração Pública, por meio da indicação de ferramentas e estratégias de enfrentamento. O curso tem como base o Programa de Auxílio à Prevenção e Enfrentamento ao Assédio Sexual da Procuradoria-Geral Federal (PGF). ",6,"[""3418004f-90fd-4a64-bb7c-fab6c1f8f6cc"", ""b8ff33cf-392b-4019-b275-85e6df87a2a9""]","[""Comunicação interpessoal"", ""Relações institucionais""]","[""Iniciar e manter comunicações respeitosas e cordiais; transmitir de forma transparente e comportamento estável, informações e gestos, mensagens orais e de texto claros, concisos, fiáveis e apropriados para o destinatário. Atender ativamente informações, consultas, divergências e mensagens de terceiros com uma atitude construtiva e empática."", ""Promover a qualidade dos relacionamentos regulares e criar novos relacionamentos necessários para a consecução dos interesses da sua organização. Fortalecer a imagem corporativa, fazendo apresentações em público, planejando a mensagem a ser transmitida e seu objetivo de acordo com o tipo de público.""]","[""514d5868-5f15-4ce9-b74a-d14f5310b54e""]","[""Gestão de Relacionamentos""]","[""6152c8bb-1632-42f0-9599-919b6bf15ecb"", ""7b16819f-cb8a-406d-9ab9-a335a50143cb""]","[""Aplicar"", ""Entender""]","[""Comunicação interpessoal"", ""Relações institucionais""]","Prevenção e Enfrentamento do Assédio Sexual e Moral Neste curso, você conhecerá os elementos caracterizadores e as causas estruturantes do assédio moral e também sexual. Além disso, são apresentadas informações que contribuem para a prevenção e o combate ao assédio na Administração Pública, por meio da indicação de ferramentas e estratégias de enfrentamento. O curso tem como base o Programa de Auxílio à Prevenção e Enfrentamento ao Assédio Sexual da Procuradoria-Geral Federal (PGF)."
34f7a74e-5670-4865-94c7-5234aa66e315,Docência em EaD: Introdução ao Moodle,"O curso Docência em EaD: Introdução ao Moodle tem como objetivo capacitar educadores e profissionais da educação a distância a utilizar o Moodle, um dos principais Ambientes Virtuais de Aprendizagem (AVAs), para criar, gerenciar e dinamizar cursos online. Com uma abordagem prática, o curso abordará a estrutura do Moodle, a configuração de disciplinas, a criação de atividades e recursos interativos, além de estratégias para engajamento dos alunos.
Destinado a professores, tutores, designers instrucionais e gestores educacionais que desejam atuar em EaD. Ao final, os participantes estarão aptos a navegar com autonomia na plataforma, personalizar ambientes de aprendizagem e aplicar ferramentas como quizzes, fóruns, tarefas e recursos multimídia.
Para conclusão,não há pré-requisitos, mas recomenda-se familiaridade básica com navegação na internet e interesse em educação digital.",15,"[""3062277b-4218-4f2b-8645-90ba3651fc52"", ""e4f31519-2fad-4fe8-b476-5da4715a16e9""]","[""Ensino"", ""Orientação""]","[""Planificar e implementar dispositivos e recursos digitais no processo de ensino, de modo a melhorar a eficácia das intervenções pedagógicas. Gerir e orquestrar  adequadamente estratégias de ensino digital. Experimentar e desenvolver novos formatos e métodos pedagógicos para o ensino."", ""Usar tecnologias e serviços digitais para melhorar a interação com os(as) estudantes,individual e coletivamente, dentro e fora da sessão de aprendizagem. Usar tecnologias digitais para proporcionar orientação e assistência oportuna e dirigida. Experimentar e desenvolver novas formas e formatos para oferecer orientação e apoio.""]","[""cac54f5d-834c-499c-bf8d-e549fa3828af""]","[""Ensino e Aprendizagem""]","[""6152c8bb-1632-42f0-9599-919b6bf15ecb"", ""7b16819f-cb8a-406d-9ab9-a335a50143cb"", ""85f646ca-67c5-439c-8cc1-df4fed9e0ae7""]","[""Aplicar"", ""Entender"", ""Lembrar""]","[""Ensino"", ""Orientação""]","Docência em EaD: Introdução ao Moodle O curso Docência em EaD: Introdução ao Moodle tem como objetivo capacitar educadores e profissionais da educação a distância a utilizar o Moodle, um dos principais Ambientes Virtuais de Aprendizagem (AVAs), para criar, gerenciar e dinamizar cursos online. Com uma abordagem prática, o curso abordará a estrutura do Moodle, a configuração de disciplinas, a criação de atividades e recursos interativos, além de estratégias para engajamento dos alunos.
Destinado a professores, tutores, designers instrucionais e gestores educacionais que desejam atuar em EaD. Ao final, os participantes estarão aptos a navegar com autonomia na plataforma, personalizar ambientes de aprendizagem e aplicar ferramentas como quizzes, fóruns, tarefas e recursos multimídia.
Para conclusão,não há pré-requisitos, mas recomenda-se familiaridade básica com navegação na internet e interesse em educação digital."
358f4597-6ab7-4f5b-a8ed-5009a58c18e0,Políticas étnico-raciais: conceitos e métodos na superação do racismo e desigualdades,"O curso foi desenvolvido em 2021 pela Enap em parceria com o Ministério da Mulher, da Família e dos Direitos Humanos (MMFDH) visando apresentar histórico e atuais políticas étnico-raciais, contemplando conceitos e métodos que auxiliam na superação do racismo e desigualdades raciais.",30,"[""30db1816-b75d-4364-855e-f1d09b0b6016"", ""432c5350-bdb8-4e22-b7a4-0417e9cfa8f4"", ""64680a3e-e14c-4702-8970-00f96284e671"", ""7da372c6-cd33-423c-b365-dff0fd5faa8f""]","[""Gestão do desenvolvimento de pessoas"", ""Orientação ao cidadão"", ""Orientações por valores éticos"", ""Prática reflexiva""]","[""Capacidade de agir de acordo com princípios e valores morais que norteiam o exercício da função pública, tais como responsabilidade, integridade, retidão, transparência e equidade na gestão da res publica."", ""Conduzir e organizar o atendimento aos cidadãos, com mecanismos acessíveis, linguagem inteligível e procedimentos ágeis voltados à satisfação de procedimentos, reclamações, dúvidas e propostas. Quantificar, através de indicadores pré-estabelecidos, o grau de satisfação com os resultados gerenciais e a qualidade da resolução de conflitos e reclamações."", ""Forjar um ambiente de trabalho em que os interesses de equipes e indivíduos se harmonizem com os objetivos e resultados da organização, gerando oportunidades de aprendizado e desenvolvimento, bem como incentivos para reforçar o desempenho excepcional."", ""Refletir individualmente e coletivamente, avaliar criticamente e desenvolver ativamente sua prática pedagógica digital e a da sua comunidade educativa.""]","[""27ccdc3f-64d6-4748-960b-171e9c804d23"", ""514d5868-5f15-4ce9-b74a-d14f5310b54e"", ""690c731c-31f8-46f6-94f6-94d952223a08"", ""b47333be-1c80-40a9-a93d-9bbc4d7e4677""]","[""Envolvimento Profissional"", ""Gestão de Relacionamentos"", ""Gestão de Resultados"", ""Transversais""]","[""6152c8bb-1632-42f0-9599-919b6bf15ecb"", ""7b16819f-cb8a-406d-9ab9-a335a50143cb""]","[""Aplicar"", ""Entender""]","[""Gestão do desenvolvimento de pessoas"", ""Orientação ao cidadão"", ""Orientações por valores éticos"", ""Prática reflexiva""]","Políticas étnico-raciais: conceitos e métodos na superação do racismo e desigualdades O curso foi desenvolvido em 2021 pela Enap em parceria com o Ministério da Mulher, da Família e dos Direitos Humanos (MMFDH) visando apresentar histórico e atuais políticas étnico-raciais, contemplando conceitos e métodos que auxiliam na superação do racismo e desigualdades raciais."
36940271-c026-4760-b7c2-87f6b839b21e,Ética e Integridade na Pesquisa,"O curso Ética e Administração Pública, oferecido pelo Senado Federal (conforme sua fundamentação legal), é uma formação na modalidade Ensino a Distância (EaD) com 40 horas de carga horária e duração de até 60 dias. O objetivo é conceituar ética e cidadania e propor uma reflexão sobre a importância dos temas para o indivíduo, o cidadão e a Administração Pública. O conteúdo programático é dividido em três módulos: Módulo I - Ética (Unidade 1 - Importância, histórico e conceituação; Unidade 2 - Ética x Moral); Módulo II - Ética em contexto (Unidade 1 - A Ética, eu e o outro; Unidade 2 - Ética e sociedade; Unidade 3 - Ética, imprensa e novas mídias; Unidade 4 - Ética e lei; Unidade 5 - Ética e Estado; Unidade 6 - Ética, vida e natureza); e Módulo III - Ética na Administração Pública (Unidade 1 - Administração Pública. não foi possível atualizar. ",20,"[""64680a3e-e14c-4702-8970-00f96284e671""]","[""Orientações por valores éticos""]","[""Capacidade de agir de acordo com princípios e valores morais que norteiam o exercício da função pública, tais como responsabilidade, integridade, retidão, transparência e equidade na gestão da res publica.""]","[""27ccdc3f-64d6-4748-960b-171e9c804d23""]","[""Transversais""]","[""6152c8bb-1632-42f0-9599-919b6bf15ecb"", ""85f646ca-67c5-439c-8cc1-df4fed9e0ae7"", ""dcd7e78d-25ed-4a16-9229-39773b4f6b3d""]","[""Analisar"", ""Entender"", ""Lembrar""]","[""Orientações por valores éticos""]","Ética e Integridade na Pesquisa O curso Ética e Administração Pública, oferecido pelo Senado Federal (conforme sua fundamentação legal), é uma formação na modalidade Ensino a Distância (EaD) com 40 horas de carga horária e duração de até 60 dias. O objetivo é conceituar ética e cidadania e propor uma reflexão sobre a importância dos temas para o indivíduo, o cidadão e a Administração Pública. O conteúdo programático é dividido em três módulos: Módulo I - Ética (Unidade 1 - Importância, histórico e conceituação; Unidade 2 - Ética x Moral); Módulo II - Ética em contexto (Unidade 1 - A Ética, eu e o outro; Unidade 2 - Ética e sociedade; Unidade 3 - Ética, imprensa e novas mídias; Unidade 4 - Ética e lei; Unidade 5 - Ética e Estado; Unidade 6 - Ética, vida e natureza); e Módulo III - Ética na Administração Pública (Unidade 1 - Administração Pública. não foi possível atualizar."
36d58f25-198f-42e9-b73f-b811f4a287c6,Análise de dados como suporte à tomada de decisão,"O curso abordará a importância da utilização de dados analíticos pelos gestores e servidores públicos tomadores de decisão, bem como a forma de obtenção e utilização de dados estratégicos.
",30,"[""1c04b88f-1be5-4ae0-b173-3a00c0f5b253"", ""20e05dca-55d6-4609-ade9-a774c1362b62"", ""4667ae96-35b0-435a-87f5-e21af9c1086d"", ""49c18cc9-d9c1-4c6c-a72b-a064e0e6e3eb"", ""c769606e-9f97-4fab-b9c9-51eb99e3bd44""]","[""Foco nos resultados para os cidadãos"", ""Mentalidade Digital"", ""Resolução de problemas com base em dados"", ""Tomada de decisão"", ""Tomada de decisão para gestores""]","[""Adotar e informar decisões prévias, explorando alternativas para minimizar custos e aumentar as vantagens para a organização na questão que for decidida."", ""Capacidade de idear soluções inovadoras e efetivas para problemas de baixa, média ou elevada complexidade com a utilização de dados (numéricos e não numéricos) e evidências que aumentem a precisão e viabilidade das soluções."", ""Capacidade de integrar as tecnologias digitais com: os modelos de gestão; os processos de tomada de decisão e geração de produtos e serviços; e os\nmeios de comunicação interna, externa e de relacionamento com usuários."", ""Capacidade de superar o desempenho padrão e apresentar soluções alinhadas\nao cumprimento de metas e ao alcance dos objetivos estratégicos das organizações públicas para garantir o atendimento das necessidades dos usuários e dos cidadãos."", ""Decidir sobre as questões sob sua responsabilidade mobilizando critérios de economia, eficácia, eficiência e transparência.""]","[""27ccdc3f-64d6-4748-960b-171e9c804d23"", ""b47333be-1c80-40a9-a93d-9bbc4d7e4677"", ""e23d3b1c-ee83-4b09-b141-fc0f9dc7ab57""]","[""Gestão de Resultados"", ""Processos de Melhoria"", ""Transversais""]","[""6152c8bb-1632-42f0-9599-919b6bf15ecb"", ""7b16819f-cb8a-406d-9ab9-a335a50143cb"", ""dcd7e78d-25ed-4a16-9229-39773b4f6b3d""]","[""Analisar"", ""Aplicar"", ""Entender""]","[""Foco nos resultados para os cidadãos"", ""Mentalidade Digital"", ""Resolução de problemas com base em dados"", ""Tomada de decisão"", ""Tomada de decisão para gestores""]","Análise de dados como suporte à tomada de decisão O curso abordará a importância da utilização de dados analíticos pelos gestores e servidores públicos tomadores de decisão, bem como a forma de obtenção e utilização de dados estratégicos."
38b5c0ff-6d50-457f-85cb-a74ecac75815,Moodle para Mediadores,"O curso apresenta os procedimentos para a utilização da plataforma Moodle, construído a fim de identificar os procedimentos habilitados aos professores mediadores, bem como descrever funcionalidades disponibilizadas para a avaliação e o acompanhamento de aprendizagem dos estudantes. ",40,"[""12052eae-22a2-44ce-a8ff-07f5b5a8f816"", ""30521bbb-e702-47d7-a287-b242cf5bf600"", ""c6d771e2-d2a0-443d-b615-b0c813965e99""]","[""Análise de evidências"", ""Estratégias de avaliação"", ""Feedback e planificação""]","[""Produzir, selecionar, analisar criticamente e interpretar evidências digitais sobre a atividade, desempenho e progresso do(a) estudante, de modo a informar o ensino e aprendizagem."", ""Usar tecnologias digitais para a avaliação formativa e sumativa. Melhorar a diversidade e adequação dos formatos e abordagens de avaliação."", ""Usar tecnologias digitais para fornecer feedback oportuno e direcionado aos(às) estudantes. Adaptar estratégias de ensino e proporcionar apoio direcionado,\ncom base nas evidências geradas pelas tecnologias digitais utilizadas. Permitir que estudantes e pais ou responsáveis  compreendam as evidências fornecidas pelas tecnologias digitais e as usem para tomada de decisão.""]","[""cc76e5f1-476f-48b1-9d32-ccb2de7f2cde""]","[""Avaliação""]","[""6152c8bb-1632-42f0-9599-919b6bf15ecb"", ""7b16819f-cb8a-406d-9ab9-a335a50143cb"", ""85f646ca-67c5-439c-8cc1-df4fed9e0ae7""]","[""Aplicar"", ""Entender"", ""Lembrar""]","[""Análise de evidências"", ""Estratégias de avaliação"", ""Feedback e planificação""]","Moodle para Mediadores O curso apresenta os procedimentos para a utilização da plataforma Moodle, construído a fim de identificar os procedimentos habilitados aos professores mediadores, bem como descrever funcionalidades disponibilizadas para a avaliação e o acompanhamento de aprendizagem dos estudantes."
38c1b67c-cbe7-4fe7-8c57-a55d0ef25144,As cotas raciais como direito de reparação,"Este curso tem como objetivo promover a formação crítica sobre as relações étnico-raciais no Brasil, com enfoque nas políticas de reparação histórica, em especial as cotas raciais. A proposta se justifica pela necessidade de compreender e aplicar a Portaria Normativa nº 4, de 06 de abril de 2018, que regulamenta os procedimentos de heteroidentificação complementares à autodeclaração de candidatos negros (pretos e pardos) em concursos públicos, garantindo o acesso equitativo às vagas reservadas.

Ao longo das unidades, serão abordados temas como a exclusão histórica de grupos sociais, o mito da democracia racial, os dados estatísticos que evidenciam a segregação racial no país e a Lei 12.711/2012 enquanto instrumento de reparação e promoção da igualdade. O curso visa não apenas informar, mas também fomentar reflexões sobre justiça social, equidade e o papel das políticas afirmativas na construção de uma sociedade mais inclusiva.

Estrutura do Curso:
Unidade 1: Grupos sociais alijados ao longo dos tempos.
Análise histórica dos processos de exclusão e marginalização de populações negras e indígenas no Brasil.

Unidade 2: Mito da democracia racial.
Discussão crítica sobre a narrativa da harmonia racial e suas implicações na perpetuação do racismo estrutural.

Unidade 3: Estatística da segregação.
Dados e indicadores socioeconômicos que demonstram as desigualdades raciais no acesso à educação, emprego e direitos básicos.

Unidade 4: A Lei 12.711 enquanto medida de reparação.
Contextualização da legislação de cotas, seus impactos e a importância das Comissões de Heteroidentificação para sua efetividade.
Público-alvo:
Servidores públicos, membros de comissões de heteroidentificação, estudantes, pesquisadores e interessados em direitos humanos, políticas afirmativas e justiça social.",20,"[""161fd267-d68a-4f88-925c-8082f17fb8b2"", ""432c5350-bdb8-4e22-b7a4-0417e9cfa8f4"", ""494c1fac-1723-4cfb-b8ee-4e6472ae59c7"", ""a3a55daf-faf9-41e2-81eb-613b8c94fad1""]","[""Acessibilidade e inclusão - Docente"", ""Gerenciamento de políticas"", ""Gestão do desenvolvimento de pessoas"", ""Melhoria contínua de processos""]","[""Contribuir para a coerência estratégica da gestão de políticas, articulando e complementando os objetivos e resultados das organizações; desempenhar o papel de liderança no âmbito das políticas públicas promovidas pelo Alto Governo."", ""Forjar um ambiente de trabalho em que os interesses de equipes e indivíduos se harmonizem com os objetivos e resultados da organização, gerando oportunidades de aprendizado e desenvolvimento, bem como incentivos para reforçar o desempenho excepcional."", ""Garantir acessibilidade a recursos e atividades de aprendizagem para todos os(as) estudantes, incluindo os que têm necessidades especiais. Ter em consideração e dar resposta às expetativas, capacidades, usos e conceções errôneas (digitais) dos(as) estudantes, bem como ao uso contextual, físico e cognitivo que fazem das tecnologias digitais."", ""Propor e introduzir ações para acelerar a melhoria contínua e a produtividade das tarefas sob sua responsabilidade, em atenção aos requisitos de qualidade.""]","[""7d566976-b00c-4aa7-aa67-d94656c8db8c"", ""b47333be-1c80-40a9-a93d-9bbc4d7e4677"", ""c7be7c48-c417-4dec-b203-34ddedba7507"", ""e23d3b1c-ee83-4b09-b141-fc0f9dc7ab57""]","[""Capacitação dos(as) Estudantes"", ""Gestão de Mudanças"", ""Gestão de Resultados"", ""Processos de Melhoria""]","[""6152c8bb-1632-42f0-9599-919b6bf15ecb"", ""7b16819f-cb8a-406d-9ab9-a335a50143cb"", ""dcd7e78d-25ed-4a16-9229-39773b4f6b3d""]","[""Analisar"", ""Aplicar"", ""Entender""]","[""Acessibilidade e inclusão - Docente"", ""Gerenciamento de políticas"", ""Gestão do desenvolvimento de pessoas"", ""Melhoria contínua de processos""]","As cotas raciais como direito de reparação Este curso tem como objetivo promover a formação crítica sobre as relações étnico-raciais no Brasil, com enfoque nas políticas de reparação histórica, em especial as cotas raciais. A proposta se justifica pela necessidade de compreender e aplicar a Portaria Normativa nº 4, de 06 de abril de 2018, que regulamenta os procedimentos de heteroidentificação complementares à autodeclaração de candidatos negros (pretos e pardos) em concursos públicos, garantindo o acesso equitativo às vagas reservadas.

Ao longo das unidades, serão abordados temas como a exclusão histórica de grupos sociais, o mito da democracia racial, os dados estatísticos que evidenciam a segregação racial no país e a Lei 12.711/2012 enquanto instrumento de reparação e promoção da igualdade. O curso visa não apenas informar, mas também fomentar reflexões sobre justiça social, equidade e o papel das políticas afirmativas na construção de uma sociedade mais inclusiva.

Estrutura do Curso:
Unidade 1: Grupos sociais alijados ao longo dos tempos.
Análise histórica dos processos de exclusão e marginalização de populações negras e indígenas no Brasil.

Unidade 2: Mito da democracia racial.
Discussão crítica sobre a narrativa da harmonia racial e suas implicações na perpetuação do racismo estrutural.

Unidade 3: Estatística da segregação.
Dados e indicadores socioeconômicos que demonstram as desigualdades raciais no acesso à educação, emprego e direitos básicos.

Unidade 4: A Lei 12.711 enquanto medida de reparação.
Contextualização da legislação de cotas, seus impactos e a importância das Comissões de Heteroidentificação para sua efetividade.
Público-alvo:
Servidores públicos, membros de comissões de heteroidentificação, estudantes, pesquisadores e interessados em direitos humanos, políticas afirmativas e justiça social."
395c0c47-2887-454e-b66d-a15ea5a16b39,Breve História da Educação Brasileira,"Descrição do Curso:
A história da educação brasileira é um tema fundamental para professores, educadores e todos os interessados em compreender a trajetória e os desafios da educação no Brasil. Este curso oferece uma visão clara e abrangente da construção do sistema escolar brasileiro, abordando as políticas educacionais implementadas ao longo dos séculos e os urgentes desafios contemporâneos.

Objetivos:
Conhecer a história da educação brasileira desde a chegada dos jesuítas (1549) até o período da pandemia.
Compreender os avanços e retrocessos na formação do sistema público de ensino no Brasil.
Analisar as políticas educacionais adotadas em cada período histórico.
Identificar as concepções de educação que influenciaram (e ainda influenciam) o sistema educacional brasileiro.

Unidades de Estudo:
O longo passado jesuítico e a herança católica na educação brasileira (1549-1758).
Das ""Aulas Régias"" à difusão da Escola Nova: a educação sem os jesuítas (1772-1924).
A construção do sistema educacional brasileiro: do Manifesto dos Pioneiros ao Método Paulo Freire (1932-1964).
A ditadura militar e o sistema educacional brasileiro (1964-1985).
A educação brasileira entre avanços e recuos: de 1985 à pandemia de 2020.",20,"[""e4f31519-2fad-4fe8-b476-5da4715a16e9""]","[""Ensino""]","[""Planificar e implementar dispositivos e recursos digitais no processo de ensino, de modo a melhorar a eficácia das intervenções pedagógicas. Gerir e orquestrar  adequadamente estratégias de ensino digital. Experimentar e desenvolver novos formatos e métodos pedagógicos para o ensino.""]","[""cac54f5d-834c-499c-bf8d-e549fa3828af""]","[""Ensino e Aprendizagem""]","[""6152c8bb-1632-42f0-9599-919b6bf15ecb"", ""7b16819f-cb8a-406d-9ab9-a335a50143cb"", ""85f646ca-67c5-439c-8cc1-df4fed9e0ae7""]","[""Aplicar"", ""Entender"", ""Lembrar""]","[""Ensino""]","Breve História da Educação Brasileira Descrição do Curso:
A história da educação brasileira é um tema fundamental para professores, educadores e todos os interessados em compreender a trajetória e os desafios da educação no Brasil. Este curso oferece uma visão clara e abrangente da construção do sistema escolar brasileiro, abordando as políticas educacionais implementadas ao longo dos séculos e os urgentes desafios contemporâneos.

Objetivos:
Conhecer a história da educação brasileira desde a chegada dos jesuítas (1549) até o período da pandemia.
Compreender os avanços e retrocessos na formação do sistema público de ensino no Brasil.
Analisar as políticas educacionais adotadas em cada período histórico.
Identificar as concepções de educação que influenciaram (e ainda influenciam) o sistema educacional brasileiro.

Unidades de Estudo:
O longo passado jesuítico e a herança católica na educação brasileira (1549-1758).
Das ""Aulas Régias"" à difusão da Escola Nova: a educação sem os jesuítas (1772-1924).
A construção do sistema educacional brasileiro: do Manifesto dos Pioneiros ao Método Paulo Freire (1932-1964).
A ditadura militar e o sistema educacional brasileiro (1964-1985).
A educação brasileira entre avanços e recuos: de 1985 à pandemia de 2020."
39902daa-010c-4cad-9197-d8fdabee7ff5,Compreendendo a Educação Profissional Técnica Integrada ao Ensino Médio: textos e contextos,"Explore os fundamentos e as diretrizes da Educação Profissional e Tecnológica (EPT) integrada ao Ensino Médio no Brasil. Este curso foi desenhado para fomentar o debate e aprofundar o conhecimento sobre os instrumentos legais que orientam a oferta de cursos técnicos na modalidade integrada.
Ao longo desta jornada, você terá a oportunidade de analisar os textos normativos e os contextos históricos que moldaram a EPT, capacitando-se para uma atuação mais consciente e eficaz nesta área da educação. O conteúdo é direcionado a profissionais da educação, estudantes de licenciatura e demais interessados em compreender as políticas e práticas da educação profissional.
Participe deste diálogo essencial para o fortalecimento da formação técnica e cidadã dos nossos estudantes.",60,"[""3062277b-4218-4f2b-8645-90ba3651fc52"", ""e4f31519-2fad-4fe8-b476-5da4715a16e9""]","[""Ensino"", ""Orientação""]","[""Planificar e implementar dispositivos e recursos digitais no processo de ensino, de modo a melhorar a eficácia das intervenções pedagógicas. Gerir e orquestrar  adequadamente estratégias de ensino digital. Experimentar e desenvolver novos formatos e métodos pedagógicos para o ensino."", ""Usar tecnologias e serviços digitais para melhorar a interação com os(as) estudantes,individual e coletivamente, dentro e fora da sessão de aprendizagem. Usar tecnologias digitais para proporcionar orientação e assistência oportuna e dirigida. Experimentar e desenvolver novas formas e formatos para oferecer orientação e apoio.""]","[""cac54f5d-834c-499c-bf8d-e549fa3828af""]","[""Ensino e Aprendizagem""]","[""6152c8bb-1632-42f0-9599-919b6bf15ecb"", ""7b16819f-cb8a-406d-9ab9-a335a50143cb"", ""85f646ca-67c5-439c-8cc1-df4fed9e0ae7""]","[""Aplicar"", ""Entender"", ""Lembrar""]","[""Ensino"", ""Orientação""]","Compreendendo a Educação Profissional Técnica Integrada ao Ensino Médio: textos e contextos Explore os fundamentos e as diretrizes da Educação Profissional e Tecnológica (EPT) integrada ao Ensino Médio no Brasil. Este curso foi desenhado para fomentar o debate e aprofundar o conhecimento sobre os instrumentos legais que orientam a oferta de cursos técnicos na modalidade integrada.
Ao longo desta jornada, você terá a oportunidade de analisar os textos normativos e os contextos históricos que moldaram a EPT, capacitando-se para uma atuação mais consciente e eficaz nesta área da educação. O conteúdo é direcionado a profissionais da educação, estudantes de licenciatura e demais interessados em compreender as políticas e práticas da educação profissional.
Participe deste diálogo essencial para o fortalecimento da formação técnica e cidadã dos nossos estudantes."
3b137c95-f9da-41a3-a805-e681386d382c,Docência em EaD: Planejando o uso de instrumentos e critérios nas avaliações on-line,"O curso Docência em EaD: Planejamento Pedagógico de Disciplinas tem como objetivo capacitar educadores a desenvolver instrumentos de avaliação online eficazes, alinhados aos princípios da aprendizagem digital. Com uma abordagem teórica, o curso abordará:
Fundamentos da avaliação da aprendizagem em ambientes virtuais
Tipos e características dos instrumentos de avaliação online
Definição de critérios avaliativos claros e objetivos
Técnicas para feedback formativo em EaD
Integração das avaliações com o planejamento pedagógico
Destinado a professores, tutores EaD, coordenadores pedagógicos e designers instrucionais, 
Ao final do curso, os participantes estarão aptos a:
Selecionar e aplicar os melhores instrumentos de avaliação para cada contexto
Elaborar critérios avaliativos transparentes e alinhados aos objetivos de aprendizagem
Utilizar os resultados das avaliações para melhorar o processo de ensino-aprendizagem
Observações:
Não há pré-requisitos formais
Recomenda-se experiência básica em docência ou em ambientes virtuais de aprendizagem.",20,"[""12052eae-22a2-44ce-a8ff-07f5b5a8f816"", ""30521bbb-e702-47d7-a287-b242cf5bf600"", ""c6d771e2-d2a0-443d-b615-b0c813965e99""]","[""Análise de evidências"", ""Estratégias de avaliação"", ""Feedback e planificação""]","[""Produzir, selecionar, analisar criticamente e interpretar evidências digitais sobre a atividade, desempenho e progresso do(a) estudante, de modo a informar o ensino e aprendizagem."", ""Usar tecnologias digitais para a avaliação formativa e sumativa. Melhorar a diversidade e adequação dos formatos e abordagens de avaliação."", ""Usar tecnologias digitais para fornecer feedback oportuno e direcionado aos(às) estudantes. Adaptar estratégias de ensino e proporcionar apoio direcionado,\ncom base nas evidências geradas pelas tecnologias digitais utilizadas. Permitir que estudantes e pais ou responsáveis  compreendam as evidências fornecidas pelas tecnologias digitais e as usem para tomada de decisão.""]","[""cc76e5f1-476f-48b1-9d32-ccb2de7f2cde""]","[""Avaliação""]","[""6152c8bb-1632-42f0-9599-919b6bf15ecb"", ""7b16819f-cb8a-406d-9ab9-a335a50143cb"", ""85f646ca-67c5-439c-8cc1-df4fed9e0ae7""]","[""Aplicar"", ""Entender"", ""Lembrar""]","[""Análise de evidências"", ""Estratégias de avaliação"", ""Feedback e planificação""]","Docência em EaD: Planejando o uso de instrumentos e critérios nas avaliações on-line O curso Docência em EaD: Planejamento Pedagógico de Disciplinas tem como objetivo capacitar educadores a desenvolver instrumentos de avaliação online eficazes, alinhados aos princípios da aprendizagem digital. Com uma abordagem teórica, o curso abordará:
Fundamentos da avaliação da aprendizagem em ambientes virtuais
Tipos e características dos instrumentos de avaliação online
Definição de critérios avaliativos claros e objetivos
Técnicas para feedback formativo em EaD
Integração das avaliações com o planejamento pedagógico
Destinado a professores, tutores EaD, coordenadores pedagógicos e designers instrucionais, 
Ao final do curso, os participantes estarão aptos a:
Selecionar e aplicar os melhores instrumentos de avaliação para cada contexto
Elaborar critérios avaliativos transparentes e alinhados aos objetivos de aprendizagem
Utilizar os resultados das avaliações para melhorar o processo de ensino-aprendizagem
Observações:
Não há pré-requisitos formais
Recomenda-se experiência básica em docência ou em ambientes virtuais de aprendizagem."
3e6d9595-050b-4e0d-9d9e-cd84d95cc35f,Auditoria de Gestão Documental: prepare-se para ser auditado,"Embora comumente associada à análise de processos judiciais ou à verificação de demonstrações contábeis — como a conciliação entre ativos e passivos —, a auditoria constitui uma ferramenta estratégica de gestão, essencial para o alcance dos objetivos institucionais. Seu escopo abrange desde a avaliação de conformidade até a otimização de processos organizacionais, consolidando-se como um instrumento de excelência operacional.

Este curso propõe-se a explorar os fundamentos teóricos e práticos da auditoria, com ênfase em sua aplicação na gestão documental. Ao final do percurso formativo, os participantes estarão aptos a compreender os critérios, métodos e impactos dessa prática em contextos institucionais diversificados.
Estrutura Programática:
Módulo 1 | Fundamentos da Auditoria
Tipologias, critérios normativos e requisitos técnicos.
Módulo 2 | Critérios Auditáveis em Gestão Documental
Parâmetros para avaliação de sistemas de documentos e arquivos.
Módulo 3 | Auditoria Aplicada à Gestão de Documentos
Metodologias, ferramentas e indicadores de eficácia.
Módulo 4 | Análise de Casos em Gestão Documental e Arquivística
Estudos empíricos e discussões sobre boas práticas.",20,"[""49c18cc9-d9c1-4c6c-a72b-a064e0e6e3eb"", ""4be87cc2-7a58-4885-8970-8f49249d43d5"", ""c2ec6e9a-e945-4168-b151-408d1f929935""]","[""Foco nos resultados para os cidadãos"", ""Inovação"", ""Visão estratégica""]","[""Capacidade de superar o desempenho padrão e apresentar soluções alinhadas\nao cumprimento de metas e ao alcance dos objetivos estratégicos das organizações públicas para garantir o atendimento das necessidades dos usuários e dos cidadãos."", ""Compreender o ambiente político e a as tendências que interferem no estado de coisas; antecipar problemas e oportunidades a médio e longo prazo para a área responsável a fim de que a gestão identifique a alternativa mais adequada a cada situação presente ou eventual, comunicando à equipe a lógica das decisões diretivas."", ""Forjar um clima de interesse para soluções inovadoras que melhorem a eficiência das respostas aos cidadãos em termos de informações, processos, tecnologias, resultados e impactos da gestão pública.""]","[""27ccdc3f-64d6-4748-960b-171e9c804d23"", ""7d566976-b00c-4aa7-aa67-d94656c8db8c""]","[""Gestão de Mudanças"", ""Transversais""]","[""6152c8bb-1632-42f0-9599-919b6bf15ecb""]","[""Entender""]","[""Foco nos resultados para os cidadãos"", ""Inovação"", ""Visão estratégica""]","Auditoria de Gestão Documental: prepare-se para ser auditado Embora comumente associada à análise de processos judiciais ou à verificação de demonstrações contábeis — como a conciliação entre ativos e passivos —, a auditoria constitui uma ferramenta estratégica de gestão, essencial para o alcance dos objetivos institucionais. Seu escopo abrange desde a avaliação de conformidade até a otimização de processos organizacionais, consolidando-se como um instrumento de excelência operacional.

Este curso propõe-se a explorar os fundamentos teóricos e práticos da auditoria, com ênfase em sua aplicação na gestão documental. Ao final do percurso formativo, os participantes estarão aptos a compreender os critérios, métodos e impactos dessa prática em contextos institucionais diversificados.
Estrutura Programática:
Módulo 1 | Fundamentos da Auditoria
Tipologias, critérios normativos e requisitos técnicos.
Módulo 2 | Critérios Auditáveis em Gestão Documental
Parâmetros para avaliação de sistemas de documentos e arquivos.
Módulo 3 | Auditoria Aplicada à Gestão de Documentos
Metodologias, ferramentas e indicadores de eficácia.
Módulo 4 | Análise de Casos em Gestão Documental e Arquivística
Estudos empíricos e discussões sobre boas práticas."
3e91704b-cdda-4bf7-83ff-49fa2050f3aa,Administração de Recursos Humanos,O curso aborda os principais pressupostos teóricos que fundamentam a definição e as práticas de Administração de Recursos Humanos nas Organizações.,40,"[""432c5350-bdb8-4e22-b7a4-0417e9cfa8f4""]","[""Gestão do desenvolvimento de pessoas""]","[""Forjar um ambiente de trabalho em que os interesses de equipes e indivíduos se harmonizem com os objetivos e resultados da organização, gerando oportunidades de aprendizado e desenvolvimento, bem como incentivos para reforçar o desempenho excepcional.""]","[""b47333be-1c80-40a9-a93d-9bbc4d7e4677""]","[""Gestão de Resultados""]","[""6152c8bb-1632-42f0-9599-919b6bf15ecb"", ""dcd7e78d-25ed-4a16-9229-39773b4f6b3d""]","[""Analisar"", ""Entender""]","[""Gestão do desenvolvimento de pessoas""]",Administração de Recursos Humanos O curso aborda os principais pressupostos teóricos que fundamentam a definição e as práticas de Administração de Recursos Humanos nas Organizações.
42a753ac-dad5-44bd-9387-77c48c983ff8,Mediação Pedagógica no Moodle,"Formar mediadores pedagógicos (também chamados de tutores) para atuarem na modalidade de educação a distância por meio do ambiente virtual de aprendizagem Moodle. Assim, aprenderão sobre mediação pedagógica na EaD, avaliação, feedback, bem como realizarão práticas no Moodle.",60,"[""3062277b-4218-4f2b-8645-90ba3651fc52"", ""e4f31519-2fad-4fe8-b476-5da4715a16e9""]","[""Ensino"", ""Orientação""]","[""Planificar e implementar dispositivos e recursos digitais no processo de ensino, de modo a melhorar a eficácia das intervenções pedagógicas. Gerir e orquestrar  adequadamente estratégias de ensino digital. Experimentar e desenvolver novos formatos e métodos pedagógicos para o ensino."", ""Usar tecnologias e serviços digitais para melhorar a interação com os(as) estudantes,individual e coletivamente, dentro e fora da sessão de aprendizagem. Usar tecnologias digitais para proporcionar orientação e assistência oportuna e dirigida. Experimentar e desenvolver novas formas e formatos para oferecer orientação e apoio.""]","[""cac54f5d-834c-499c-bf8d-e549fa3828af""]","[""Ensino e Aprendizagem""]","[""6152c8bb-1632-42f0-9599-919b6bf15ecb"", ""85f646ca-67c5-439c-8cc1-df4fed9e0ae7"", ""dcd7e78d-25ed-4a16-9229-39773b4f6b3d""]","[""Analisar"", ""Entender"", ""Lembrar""]","[""Ensino"", ""Orientação""]","Mediação Pedagógica no Moodle Formar mediadores pedagógicos (também chamados de tutores) para atuarem na modalidade de educação a distância por meio do ambiente virtual de aprendizagem Moodle. Assim, aprenderão sobre mediação pedagógica na EaD, avaliação, feedback, bem como realizarão práticas no Moodle."
43a64c33-6cb1-42ed-bf99-04c228c2880c,Introdução à Educação Especial,"Este curso fornece aos alunos aspectos importantes acerca da história da educação especial, seus princípios norteadores, bem como os conceitos da deficiência, visando ao aprimoramento da sua prática no contexto educacional. Entende-se que compreender o universo da educação especial auxilia no contexto diário de inclusão educacional e o atendimento das necessidades de cada pessoa frente a sua deficiência.",30,"[""45d29970-ecb3-4e4a-b57b-4850c9b6d98f""]","[""Comunicação efetiva""]","[""Estabelecer comunicação efetiva e positiva com superiores hierárquicos, pares e cidadãos, tanto na expressão escrita e verbal quanto corporal.""]","[""4a2cf0b1-98dd-4bff-adc0-898f32e7b857""]","[""Orientação a Resultados""]","[""6152c8bb-1632-42f0-9599-919b6bf15ecb"", ""85f646ca-67c5-439c-8cc1-df4fed9e0ae7""]","[""Entender"", ""Lembrar""]","[""Comunicação efetiva""]","Introdução à Educação Especial Este curso fornece aos alunos aspectos importantes acerca da história da educação especial, seus princípios norteadores, bem como os conceitos da deficiência, visando ao aprimoramento da sua prática no contexto educacional. Entende-se que compreender o universo da educação especial auxilia no contexto diário de inclusão educacional e o atendimento das necessidades de cada pessoa frente a sua deficiência."
44812a4f-4e9d-417c-9cfd-9921e2669477,Habilidades de Resolução de Problemas,"O curso foi desenvolvido no âmbito do programa de estágio assinado entre a Enap e a Universidade Columbia. Habilidades de resolução de problemas são essenciais para o crescimento pessoal e profissional. Neste curso, você irá aprender a estrutura LEADS – cinco habilidades fundamentais na fundamentação de uma resolução eficaz de problemas.
Público Alvo:
Servidores públicos de qualquer esfera e Poder, bem como cidadãos em geral. Curso aberto, gratuito e com certificado, qualquer pessoa pode se inscrever.
Conteúdo Programático:
Módulo 1: Introdução às habilidades de resolução de problemas e autoavaliação.
Módulo 2: Introdução à estrutura LEADS.
Módulo 3: Liderança.
Módulo 4: Comunicação Efetiva.
Módulo 5: Pensamento Analítico.
Módulo 6: Tomada de Decisões.
Módulo 7: Implementação de Soluções.
Módulo 8: Pós-avaliação e teste de personalidade.",25,"[""0accb9d5-dbd1-483f-ab2a-ee0ca1c22de4"", ""1c04b88f-1be5-4ae0-b173-3a00c0f5b253"", ""1c596a8d-dff3-46ca-a684-8eb59b20800c"", ""4667ae96-35b0-435a-87f5-e21af9c1086d"", ""c2ec6e9a-e945-4168-b151-408d1f929935""]","[""Liderança eficaz"", ""Planejamento"", ""Resolução de problemas com base em dados"", ""Tomada de decisão"", ""Visão estratégica""]","[""Capacidade de idear soluções inovadoras e efetivas para problemas de baixa, média ou elevada complexidade com a utilização de dados (numéricos e não numéricos) e evidências que aumentem a precisão e viabilidade das soluções."", ""Compreender o ambiente político e a as tendências que interferem no estado de coisas; antecipar problemas e oportunidades a médio e longo prazo para a área responsável a fim de que a gestão identifique a alternativa mais adequada a cada situação presente ou eventual, comunicando à equipe a lógica das decisões diretivas."", ""Decidir sobre as questões sob sua responsabilidade mobilizando critérios de economia, eficácia, eficiência e transparência."", ""Dirigir equipes, otimizando a aplicação de talentos disponíveis e criando um ambiente positivo e comprometido para a obtenção de resultados."", ""Identificar problemas prioritários e oportunidades de sua unidade para projetar planos, programas ou projetos que prefixam objetivos, atividades, recursos, custos, cronogramas, responsáveis e indicadores de progresso, resultados e impacto.""]","[""27ccdc3f-64d6-4748-960b-171e9c804d23"", ""7d566976-b00c-4aa7-aa67-d94656c8db8c"", ""b47333be-1c80-40a9-a93d-9bbc4d7e4677"", ""e23d3b1c-ee83-4b09-b141-fc0f9dc7ab57""]","[""Gestão de Mudanças"", ""Gestão de Resultados"", ""Processos de Melhoria"", ""Transversais""]","[""7b16819f-cb8a-406d-9ab9-a335a50143cb"", ""dcd7e78d-25ed-4a16-9229-39773b4f6b3d"", ""e10b37a4-2e66-4a5b-bd09-815dc7a45fff""]","[""Analisar"", ""Aplicar"", ""Avaliar""]","[""Liderança eficaz"", ""Planejamento"", ""Resolução de problemas com base em dados"", ""Tomada de decisão"", ""Visão estratégica""]","Habilidades de Resolução de Problemas O curso foi desenvolvido no âmbito do programa de estágio assinado entre a Enap e a Universidade Columbia. Habilidades de resolução de problemas são essenciais para o crescimento pessoal e profissional. Neste curso, você irá aprender a estrutura LEADS – cinco habilidades fundamentais na fundamentação de uma resolução eficaz de problemas.
Público Alvo:
Servidores públicos de qualquer esfera e Poder, bem como cidadãos em geral. Curso aberto, gratuito e com certificado, qualquer pessoa pode se inscrever.
Conteúdo Programático:
Módulo 1: Introdução às habilidades de resolução de problemas e autoavaliação.
Módulo 2: Introdução à estrutura LEADS.
Módulo 3: Liderança.
Módulo 4: Comunicação Efetiva.
Módulo 5: Pensamento Analítico.
Módulo 6: Tomada de Decisões.
Módulo 7: Implementação de Soluções.
Módulo 8: Pós-avaliação e teste de personalidade."
44b3801b-2c42-4581-b3a2-47d8c80c90a3,Segurança do Trabalho,"Ementa: Introdução, história e conceitos básicos. Legislação e procedimentos específicos. Fundamentos das Normas Técnicas de Segurança. Medidas de proteção coletiva e individual. Objetivos gerais: Desenvolver conhecimentos necessários para o trabalho seguro. Objetivos específicos: Analisar/conhecer os princípios das Normas Regulamentadoras de segurança. Entender a importância dos Equipamentos de Proteção Individual e medidas de proteção coletivas nos ambientes de trabalho",20,"[""432c5350-bdb8-4e22-b7a4-0417e9cfa8f4""]","[""Gestão do desenvolvimento de pessoas""]","[""Forjar um ambiente de trabalho em que os interesses de equipes e indivíduos se harmonizem com os objetivos e resultados da organização, gerando oportunidades de aprendizado e desenvolvimento, bem como incentivos para reforçar o desempenho excepcional.""]","[""b47333be-1c80-40a9-a93d-9bbc4d7e4677""]","[""Gestão de Resultados""]","[""6152c8bb-1632-42f0-9599-919b6bf15ecb""]","[""Entender""]","[""Gestão do desenvolvimento de pessoas""]","Segurança do Trabalho Ementa: Introdução, história e conceitos básicos. Legislação e procedimentos específicos. Fundamentos das Normas Técnicas de Segurança. Medidas de proteção coletiva e individual. Objetivos gerais: Desenvolver conhecimentos necessários para o trabalho seguro. Objetivos específicos: Analisar/conhecer os princípios das Normas Regulamentadoras de segurança. Entender a importância dos Equipamentos de Proteção Individual e medidas de proteção coletivas nos ambientes de trabalho"
46ba3320-ee0e-4993-85d4-d8cc7cafb69b,Escrita de sinais da Libras,"O curso Escrita de Sinais da Libras tem como objetivo capacitar os participantes no sistema de escrita de sinais da Língua Brasileira de Sinais, proporcionando compreensão sobre seu uso como ferramenta de registro linguístico e cultural da comunidade surda. Com uma abordagem teórica, o curso abordará os fundamentos da escrita de sinais, sua importância para a preservação da Libras, técnicas básicas de registro e análise de sinais escritos.
Destinado a professores de Libras, intérpretes, estudantes de Letras-Libras, profissionais da área de inclusão e interessados na cultura surda. Ao final, os participantes estarão aptos a compreender e aplicar os princípios básicos da escrita de sinais, realizar registros simples de vocabulário em Libras e valorizar este sistema como elemento de identidade da cultura surda.
Para conclusão, recomenda-se conhecimento básico de Libras, mas não é pré-requisito obrigatório.
",20,"[""45d29970-ecb3-4e4a-b57b-4850c9b6d98f""]","[""Comunicação efetiva""]","[""Estabelecer comunicação efetiva e positiva com superiores hierárquicos, pares e cidadãos, tanto na expressão escrita e verbal quanto corporal.""]","[""4a2cf0b1-98dd-4bff-adc0-898f32e7b857""]","[""Orientação a Resultados""]","[""6152c8bb-1632-42f0-9599-919b6bf15ecb"", ""7b16819f-cb8a-406d-9ab9-a335a50143cb"", ""85f646ca-67c5-439c-8cc1-df4fed9e0ae7""]","[""Aplicar"", ""Entender"", ""Lembrar""]","[""Comunicação efetiva""]","Escrita de sinais da Libras O curso Escrita de Sinais da Libras tem como objetivo capacitar os participantes no sistema de escrita de sinais da Língua Brasileira de Sinais, proporcionando compreensão sobre seu uso como ferramenta de registro linguístico e cultural da comunidade surda. Com uma abordagem teórica, o curso abordará os fundamentos da escrita de sinais, sua importância para a preservação da Libras, técnicas básicas de registro e análise de sinais escritos.
Destinado a professores de Libras, intérpretes, estudantes de Letras-Libras, profissionais da área de inclusão e interessados na cultura surda. Ao final, os participantes estarão aptos a compreender e aplicar os princípios básicos da escrita de sinais, realizar registros simples de vocabulário em Libras e valorizar este sistema como elemento de identidade da cultura surda.
Para conclusão, recomenda-se conhecimento básico de Libras, mas não é pré-requisito obrigatório."
4701cfd1-807d-478c-8921-4581d8f4816b,Moodle para Educadores,"O curso proporciona o conhecimento básico necessário para a edição de salas virtuais para cursos ou disciplinas na modalidade à distância ou para apoio à modalidade presencial. Apresenta a parte instrucional que orienta à produção da sala virtual com inserção de recursos e atividades e também busca levar o educador a uma reflexão sobre o potencial construcionista do Moodle como suas potencialidades para a realização de aulas com atividades colaborativas, bem como as possibilidades de acompanhamento e avaliação da aprendizagem. O curso foi elaborado em nível básico e a partir da versão Moodle 3.1 (Tema Essential) utilizada pelo IFES em 2019.",60,"[""12052eae-22a2-44ce-a8ff-07f5b5a8f816"", ""30521bbb-e702-47d7-a287-b242cf5bf600"", ""3062277b-4218-4f2b-8645-90ba3651fc52"", ""5a036b8e-1546-48ea-a616-2890f9904d4c"", ""84b2a6b0-c670-4a34-a04f-594a0b4c1d4a"", ""93a78bdb-6f5f-4a1a-a012-82eb8b9db4d8"", ""b64634ab-e0ca-42a8-a95d-b8670598488b"", ""bb6db702-1fd8-40b5-abeb-e067768c5def"", ""c6d771e2-d2a0-443d-b615-b0c813965e99"", ""e4f31519-2fad-4fe8-b476-5da4715a16e9""]","[""Análise de evidências"", ""Aprendizagem autorregulada"", ""Aprendizagem colaborativa"", ""Criação e modificação"", ""Ensino"", ""Estratégias de avaliação"", ""Feedback e planificação"", ""Gestão, proteção e compartilhamento"", ""Orientação"", ""Seleção""]","[""Identificar, avaliar e selecionar recursos digitais para o ensino e aprendizagem. \nTer em consideração o objetivo específico de aprendizagem, o contexto, a abordagem pedagógica e o grupo de estudantes, ao selecionar recursos digitais e planificar a sua utilização."", ""Modificar e desenvolver recursos existentes com licença aberta e outros recursos onde tal é permitido. Criar ou cocriar novos recursos educacionais digitais. Ter em\nconsideração o objetivo específico de aprendizagem, o contexto, a abordagem pedagógica e o grupo de estudantes, ao selecionar recursos digitais e planificar a sua utilização."", ""Organizar conteúdo digital e disponibilizá-lo aos(às) estudantes, pais ou responsáveis e outros educadores. Proteger eficazmente conteúdo digital sensível. Respeitar e aplicar corretamente regras de privacidade e de direitos de autor. Compreender a utilização e criação de licenças abertas e de recursos educacionais abertos, incluindo a sua atribuição apropriada."", ""Planificar e implementar dispositivos e recursos digitais no processo de ensino, de modo a melhorar a eficácia das intervenções pedagógicas. Gerir e orquestrar  adequadamente estratégias de ensino digital. Experimentar e desenvolver novos formatos e métodos pedagógicos para o ensino."", ""Produzir, selecionar, analisar criticamente e interpretar evidências digitais sobre a atividade, desempenho e progresso do(a) estudante, de modo a informar o ensino e aprendizagem."", ""Usar tecnologias digitais para a avaliação formativa e sumativa. Melhorar a diversidade e adequação dos formatos e abordagens de avaliação."", ""Usar tecnologias digitais para apoiar a aprendizagem autorregulada dos(as) estudantes, isto é, permitir que planejem, acompanhem e reflitam sobre a sua própria\naprendizagem, forneçam evidências de progresso, compartilhem ideias e encontrem soluções criativas.\n"", ""Usar tecnologias digitais para fornecer feedback oportuno e direcionado aos(às) estudantes. Adaptar estratégias de ensino e proporcionar apoio direcionado,\ncom base nas evidências geradas pelas tecnologias digitais utilizadas. Permitir que estudantes e pais ou responsáveis  compreendam as evidências fornecidas pelas tecnologias digitais e as usem para tomada de decisão."", ""Usar tecnologias digitais para promover e melhorar a colaboração do(a) estudante. Permitir que os(as) estudantes usem tecnologias digitais enquanto parte de tarefas colaborativas, como meio de melhorar a comunicação, a colaboração e a criação colaborativa de conhecimento."", ""Usar tecnologias e serviços digitais para melhorar a interação com os(as) estudantes,individual e coletivamente, dentro e fora da sessão de aprendizagem. Usar tecnologias digitais para proporcionar orientação e assistência oportuna e dirigida. Experimentar e desenvolver novas formas e formatos para oferecer orientação e apoio.""]","[""5a224ac7-f165-4900-971c-f82f2684f779"", ""cac54f5d-834c-499c-bf8d-e549fa3828af"", ""cc76e5f1-476f-48b1-9d32-ccb2de7f2cde""]","[""Avaliação"", ""Ensino e Aprendizagem"", ""Recursos Digitais""]","[""6152c8bb-1632-42f0-9599-919b6bf15ecb"", ""7b16819f-cb8a-406d-9ab9-a335a50143cb"", ""85f646ca-67c5-439c-8cc1-df4fed9e0ae7"", ""dcd7e78d-25ed-4a16-9229-39773b4f6b3d""]","[""Analisar"", ""Aplicar"", ""Entender"", ""Lembrar""]","[""Análise de evidências"", ""Aprendizagem autorregulada"", ""Aprendizagem colaborativa"", ""Criação e modificação"", ""Ensino"", ""Estratégias de avaliação"", ""Feedback e planificação"", ""Gestão, proteção e compartilhamento"", ""Orientação"", ""Seleção""]","Moodle para Educadores O curso proporciona o conhecimento básico necessário para a edição de salas virtuais para cursos ou disciplinas na modalidade à distância ou para apoio à modalidade presencial. Apresenta a parte instrucional que orienta à produção da sala virtual com inserção de recursos e atividades e também busca levar o educador a uma reflexão sobre o potencial construcionista do Moodle como suas potencialidades para a realização de aulas com atividades colaborativas, bem como as possibilidades de acompanhamento e avaliação da aprendizagem. O curso foi elaborado em nível básico e a partir da versão Moodle 3.1 (Tema Essential) utilizada pelo IFES em 2019."
478addb2-6a87-45fe-a3a3-08e00faed564,Educação especial e inclusiva para deficientes visuais,"O curso Educação especial e inclusiva para deficientes visuais tem como objetivo geral compreender as singularidades e particularidades da baixa visão e da cegueira, caracterizando propostas de trabalho educativo. A formação foca na atuação do professor de AEE (Atendimento Educacional Especializado), visando a gestão, avaliação dos processos de aprendizagem e a inclusão de alunos com essas necessidades. A ementa aborda: A Educação Especial e Inclusiva; Características da baixa visão (campo visual, acuidade, avaliação funcional); Cegueira congênita e adventícia; Principais patologias e prevenção na infância; O Braile; Formação de conceitos e construção de conhecimentos por alunos com cegueira; e Tecnologias Educacionais Assistivas.",40,"[""161fd267-d68a-4f88-925c-8082f17fb8b2"", ""bf6ee8ab-b64b-48fb-ad5a-738548fc2302""]","[""Acessibilidade e inclusão - Docente"", ""Diferenciação e personalização""]","["" \n \t\nUsar tecnologias digitais para atender às diversas necessidades de aprendizagem dos(as) estudantes, permitindo que estes progridam a diferentes níveis e velocidades e sigam caminhos e objetivos de aprendizagem individuais."", ""Garantir acessibilidade a recursos e atividades de aprendizagem para todos os(as) estudantes, incluindo os que têm necessidades especiais. Ter em consideração e dar resposta às expetativas, capacidades, usos e conceções errôneas (digitais) dos(as) estudantes, bem como ao uso contextual, físico e cognitivo que fazem das tecnologias digitais.""]","[""c7be7c48-c417-4dec-b203-34ddedba7507""]","[""Capacitação dos(as) Estudantes""]","[""6152c8bb-1632-42f0-9599-919b6bf15ecb"", ""7b16819f-cb8a-406d-9ab9-a335a50143cb"", ""85f646ca-67c5-439c-8cc1-df4fed9e0ae7""]","[""Aplicar"", ""Entender"", ""Lembrar""]","[""Acessibilidade e inclusão - Docente"", ""Diferenciação e personalização""]","Educação especial e inclusiva para deficientes visuais O curso Educação especial e inclusiva para deficientes visuais tem como objetivo geral compreender as singularidades e particularidades da baixa visão e da cegueira, caracterizando propostas de trabalho educativo. A formação foca na atuação do professor de AEE (Atendimento Educacional Especializado), visando a gestão, avaliação dos processos de aprendizagem e a inclusão de alunos com essas necessidades. A ementa aborda: A Educação Especial e Inclusiva; Características da baixa visão (campo visual, acuidade, avaliação funcional); Cegueira congênita e adventícia; Principais patologias e prevenção na infância; O Braile; Formação de conceitos e construção de conhecimentos por alunos com cegueira; e Tecnologias Educacionais Assistivas."
4842c879-c472-4a83-99c2-a8fb04cd1531,Educação em Direitos Humanos,"O curso Educação em Direitos Humanos tem como objetivo capacitar educadores, profissionais da área social e demais interessados a desenvolver uma visão crítica e abrangente sobre os desafios e práticas da Educação em Direitos Humanos (EDH), promovendo ações transformadoras em seus contextos de atuação. Com uma abordagem teórico-prática, o curso abordará conceitos fundamentais dos Direitos Humanos, marcos legais e históricos, metodologias de ensino aplicadas à EDH, além de estratégias para enfrentamento de violações e promoção da cultura de paz.
Destinado a professores, gestores públicos, ativistas sociais, estudantes e profissionais que atuam em áreas relacionadas à justiça social e à educação. Ao final, os participantes estarão aptos a elaborar e implementar ações educativas em Direitos Humanos, articular conhecimentos teóricos com práticas pedagógicas e fomentar espaços de diálogo e respeito à diversidade. Para conclusão, não há pré-requisitos formais, mas recomenda-se interesse prévio em temas sociais e educacionais.",30,"[""3062277b-4218-4f2b-8645-90ba3651fc52"", ""7da372c6-cd33-423c-b365-dff0fd5faa8f"", ""e4f31519-2fad-4fe8-b476-5da4715a16e9""]","[""Ensino"", ""Orientação"", ""Orientação ao cidadão""]","[""Conduzir e organizar o atendimento aos cidadãos, com mecanismos acessíveis, linguagem inteligível e procedimentos ágeis voltados à satisfação de procedimentos, reclamações, dúvidas e propostas. Quantificar, através de indicadores pré-estabelecidos, o grau de satisfação com os resultados gerenciais e a qualidade da resolução de conflitos e reclamações."", ""Planificar e implementar dispositivos e recursos digitais no processo de ensino, de modo a melhorar a eficácia das intervenções pedagógicas. Gerir e orquestrar  adequadamente estratégias de ensino digital. Experimentar e desenvolver novos formatos e métodos pedagógicos para o ensino."", ""Usar tecnologias e serviços digitais para melhorar a interação com os(as) estudantes,individual e coletivamente, dentro e fora da sessão de aprendizagem. Usar tecnologias digitais para proporcionar orientação e assistência oportuna e dirigida. Experimentar e desenvolver novas formas e formatos para oferecer orientação e apoio.""]","[""514d5868-5f15-4ce9-b74a-d14f5310b54e"", ""cac54f5d-834c-499c-bf8d-e549fa3828af""]","[""Ensino e Aprendizagem"", ""Gestão de Relacionamentos""]","[""6152c8bb-1632-42f0-9599-919b6bf15ecb"", ""85f646ca-67c5-439c-8cc1-df4fed9e0ae7"", ""dcd7e78d-25ed-4a16-9229-39773b4f6b3d""]","[""Analisar"", ""Entender"", ""Lembrar""]","[""Ensino"", ""Orientação"", ""Orientação ao cidadão""]","Educação em Direitos Humanos O curso Educação em Direitos Humanos tem como objetivo capacitar educadores, profissionais da área social e demais interessados a desenvolver uma visão crítica e abrangente sobre os desafios e práticas da Educação em Direitos Humanos (EDH), promovendo ações transformadoras em seus contextos de atuação. Com uma abordagem teórico-prática, o curso abordará conceitos fundamentais dos Direitos Humanos, marcos legais e históricos, metodologias de ensino aplicadas à EDH, além de estratégias para enfrentamento de violações e promoção da cultura de paz.
Destinado a professores, gestores públicos, ativistas sociais, estudantes e profissionais que atuam em áreas relacionadas à justiça social e à educação. Ao final, os participantes estarão aptos a elaborar e implementar ações educativas em Direitos Humanos, articular conhecimentos teóricos com práticas pedagógicas e fomentar espaços de diálogo e respeito à diversidade. Para conclusão, não há pré-requisitos formais, mas recomenda-se interesse prévio em temas sociais e educacionais."
48a31764-7c25-4ed1-b363-e0eb9d59f1ee,Gestão de Conflitos e Negociação,"Resolver diferenças e divergências, e tomar decisões de forma colaborativa são formas efetivas de preservar e ampliar os objetivos a serem alcançados nas organizações. A temática é relevante uma vez que o desenvolvimento das competências de resolução de conflitos e de negociação tem se mostrado fundamental para o adequado desempenho e atuação de gestores e servidores em suas rotinas de trabalho.
Carga Horária: 20h.
Público Alvo: Agentes públicos dos órgãos e entidades participantes da Rede Nacional de Governo Digital, denominada como rede.gov.br. 
Conteúdo Programático:
Módulo 1 – Compreensão e Análise de Conflitos no Ambiente de Trabalho.
Módulo 2 – Estratégias para Administrar e Resolver Conflitos.
Módulo 3 – Comunicação e Rapport.
Módulo 4 – Conceitos, ferramentas e técnicas do Método de Negociação Baseado em Interesses.",20,"[""1c596a8d-dff3-46ca-a684-8eb59b20800c"", ""1e52ca6e-ca19-4585-a66e-f6adc3013a74"", ""3418004f-90fd-4a64-bb7c-fab6c1f8f6cc"", ""4667ae96-35b0-435a-87f5-e21af9c1086d"", ""7da372c6-cd33-423c-b365-dff0fd5faa8f"", ""a549fa72-ae42-433f-85bd-29badf2851c0"", ""c4c5e35f-3758-486c-8f67-55c48eeb717a"", ""d74a037a-d5da-4d65-add8-4c290f537ab7""]","[""Análise de problemas"", ""Comunicação"", ""Comunicação interpessoal"", ""Controle emocional"", ""Liderança eficaz"", ""Negociação"", ""Orientação ao cidadão"", ""Resolução de problemas com base em dados""]","[""Capacidade de escutar, indagar e expressar conceitos e ideias nos momentos apropriados e de forma efetiva, garantindo uma dinâmica produtiva das interações internas e externas."", ""Capacidade de idear soluções inovadoras e efetivas para problemas de baixa, média ou elevada complexidade com a utilização de dados (numéricos e não numéricos) e evidências que aumentem a precisão e viabilidade das soluções."", ""Conduzir e organizar o atendimento aos cidadãos, com mecanismos acessíveis, linguagem inteligível e procedimentos ágeis voltados à satisfação de procedimentos, reclamações, dúvidas e propostas. Quantificar, através de indicadores pré-estabelecidos, o grau de satisfação com os resultados gerenciais e a qualidade da resolução de conflitos e reclamações."", ""Cooperar para construir o melhor acordo possível para as partes diante de posições divergentes, sem prejudicar a continuidade do vínculo e a aderência aos regulamentos vigentes."", ""Dirigir equipes, otimizando a aplicação de talentos disponíveis e criando um ambiente positivo e comprometido para a obtenção de resultados."", ""Identificar tempestivamente os problemas a serem resolvidos, os recursos para enfrentá-los, as alternativas possíveis, seus custos e riscos, antes de tomar a decisão no nível que lhes corresponde."", ""Iniciar e manter comunicações respeitosas e cordiais; transmitir de forma transparente e comportamento estável, informações e gestos, mensagens orais e de texto claros, concisos, fiáveis e apropriados para o destinatário. Atender ativamente informações, consultas, divergências e mensagens de terceiros com uma atitude construtiva e empática."", ""Preservar o diálogo harmônico e respeitoso acerca das divergências, erros e conflitos do ambiente, sem afetar a dinâmica do trabalho sem razão justificável.""]","[""27ccdc3f-64d6-4748-960b-171e9c804d23"", ""514d5868-5f15-4ce9-b74a-d14f5310b54e"", ""b47333be-1c80-40a9-a93d-9bbc4d7e4677"", ""e23d3b1c-ee83-4b09-b141-fc0f9dc7ab57""]","[""Gestão de Relacionamentos"", ""Gestão de Resultados"", ""Processos de Melhoria"", ""Transversais""]","[""0f4140d5-313e-48ae-a953-f88e8e798a29"", ""6152c8bb-1632-42f0-9599-919b6bf15ecb"", ""e10b37a4-2e66-4a5b-bd09-815dc7a45fff""]","[""Avaliar"", ""Criar"", ""Entender""]","[""Análise de problemas"", ""Comunicação"", ""Comunicação interpessoal"", ""Liderança eficaz"", ""Orientação ao cidadão"", ""Resolução de problemas com base em dados""]","Gestão de Conflitos e Negociação Resolver diferenças e divergências, e tomar decisões de forma colaborativa são formas efetivas de preservar e ampliar os objetivos a serem alcançados nas organizações. A temática é relevante uma vez que o desenvolvimento das competências de resolução de conflitos e de negociação tem se mostrado fundamental para o adequado desempenho e atuação de gestores e servidores em suas rotinas de trabalho.
Carga Horária: 20h.
Público Alvo: Agentes públicos dos órgãos e entidades participantes da Rede Nacional de Governo Digital, denominada como rede.gov.br. 
Conteúdo Programático:
Módulo 1 – Compreensão e Análise de Conflitos no Ambiente de Trabalho.
Módulo 2 – Estratégias para Administrar e Resolver Conflitos.
Módulo 3 – Comunicação e Rapport.
Módulo 4 – Conceitos, ferramentas e técnicas do Método de Negociação Baseado em Interesses."
4a0d9e2b-b00e-4d4e-917b-6c0aa4c05c2d,Wiki: produção colaborativa de conhecimento,"O curso aborda a colaboração e aprendizagem colaborativa em ambientes virtuais de aprendizagens, com o objetivo de compreender o que é uma wiki, seus principais tipos e o potencial da wiki na educação e, mais especificamente, a wiki no Moodle.",10,"[""179ee2c7-90c8-4f00-8cc0-02f63a056062"", ""30521bbb-e702-47d7-a287-b242cf5bf600"", ""3062277b-4218-4f2b-8645-90ba3651fc52"", ""5a036b8e-1546-48ea-a616-2890f9904d4c"", ""6461c25c-1491-4610-8ee0-2029d77fa61d"", ""74347817-89b5-47e7-9c5d-6c07c69690fa"", ""84b2a6b0-c670-4a34-a04f-594a0b4c1d4a"", ""8f9fe3a9-ae88-46cc-a823-6a92c28243f2"", ""b64634ab-e0ca-42a8-a95d-b8670598488b"", ""bb6db702-1fd8-40b5-abeb-e067768c5def"", ""e4f31519-2fad-4fe8-b476-5da4715a16e9""]","[""Aprendizagem autorregulada"", ""Aprendizagem colaborativa"", ""Colaboração profissional"", ""Comunicação e colaboração digital"", ""Criação de conteúdo digital"", ""Criação e modificação"", ""Desenvolvimento Profissional Contínuo (DPC) digital"", ""Ensino"", ""Estratégias de avaliação"", ""Orientação"", ""Seleção""]","[""Identificar, avaliar e selecionar recursos digitais para o ensino e aprendizagem. \nTer em consideração o objetivo específico de aprendizagem, o contexto, a abordagem pedagógica e o grupo de estudantes, ao selecionar recursos digitais e planificar a sua utilização."", ""Incorporar atividades, tarefas e avaliações de aprendizagem que requeiram que os(as) estudantes se expressem através de meios digitais, modifiquem e criem conteúdo digital em diferentes formatos. Ensinar aos(às) estudantes como os direitos de autor e as licenças se aplicam ao conteúdo digital, como referenciar fontes e atribuir licenças."", ""Incorporar atividades, tarefas e avaliações de aprendizagem que requeiram que os(as) estudantes usem, eficaz e responsavelmente, tecnologias digitais para comunicação, colaboração e participação cívica."", ""Modificar e desenvolver recursos existentes com licença aberta e outros recursos onde tal é permitido. Criar ou cocriar novos recursos educacionais digitais. Ter em\nconsideração o objetivo específico de aprendizagem, o contexto, a abordagem pedagógica e o grupo de estudantes, ao selecionar recursos digitais e planificar a sua utilização."", ""Planificar e implementar dispositivos e recursos digitais no processo de ensino, de modo a melhorar a eficácia das intervenções pedagógicas. Gerir e orquestrar  adequadamente estratégias de ensino digital. Experimentar e desenvolver novos formatos e métodos pedagógicos para o ensino."", ""Usar fontes e recursos digitais para desenvolvimento profissional contínuo."", ""Usar tecnologias digitais para a avaliação formativa e sumativa. Melhorar a diversidade e adequação dos formatos e abordagens de avaliação."", ""Usar tecnologias digitais para apoiar a aprendizagem autorregulada dos(as) estudantes, isto é, permitir que planejem, acompanhem e reflitam sobre a sua própria\naprendizagem, forneçam evidências de progresso, compartilhem ideias e encontrem soluções criativas.\n"", ""Usar tecnologias digitais para colaborar com outros educadores, compartilhar e trocar conhecimento e experiências, bem como para inovar práticas pedagógicas de forma colaborativa."", ""Usar tecnologias digitais para promover e melhorar a colaboração do(a) estudante. Permitir que os(as) estudantes usem tecnologias digitais enquanto parte de tarefas colaborativas, como meio de melhorar a comunicação, a colaboração e a criação colaborativa de conhecimento."", ""Usar tecnologias e serviços digitais para melhorar a interação com os(as) estudantes,individual e coletivamente, dentro e fora da sessão de aprendizagem. Usar tecnologias digitais para proporcionar orientação e assistência oportuna e dirigida. Experimentar e desenvolver novas formas e formatos para oferecer orientação e apoio.""]","[""05ac4a5c-019d-4ec7-83cc-12ca141322fa"", ""5a224ac7-f165-4900-971c-f82f2684f779"", ""690c731c-31f8-46f6-94f6-94d952223a08"", ""cac54f5d-834c-499c-bf8d-e549fa3828af"", ""cc76e5f1-476f-48b1-9d32-ccb2de7f2cde""]","[""Avaliação"", ""Ensino e Aprendizagem"", ""Envolvimento Profissional"", ""Promoção da Competência Digital dos(as) Estudantes"", ""Recursos Digitais""]","[""6152c8bb-1632-42f0-9599-919b6bf15ecb"", ""7b16819f-cb8a-406d-9ab9-a335a50143cb"", ""85f646ca-67c5-439c-8cc1-df4fed9e0ae7""]","[""Aplicar"", ""Entender"", ""Lembrar""]","[""Aprendizagem autorregulada"", ""Aprendizagem colaborativa"", ""Colaboração profissional"", ""Comunicação e colaboração digital"", ""Criação de conteúdo digital"", ""Criação e modificação"", ""Desenvolvimento Profissional Contínuo (DPC) digital"", ""Ensino"", ""Estratégias de avaliação"", ""Orientação"", ""Seleção""]","Wiki: produção colaborativa de conhecimento O curso aborda a colaboração e aprendizagem colaborativa em ambientes virtuais de aprendizagens, com o objetivo de compreender o que é uma wiki, seus principais tipos e o potencial da wiki na educação e, mais especificamente, a wiki no Moodle."
4c8455ab-23c1-42e0-9027-842531d8ba3f,Realidade Virtual como apoio ao ensino,"O curso aberto de Realidade Virtual como apoio ao ensino é uma iniciativa do Instituto Federal do Espírito Santo (Ifes), por meio do Centro de Referência em Formação e em Educação a Distância (Cefor). O curso compreende em apresentar a história e evolução da tecnologia de realidade virtual, os diferentes tipos de equipamentos, como instalar, bem como mostrar algumas capacidades da tecnologia e possibilidades de seu uso em sala de aula.",20,"[""20e05dca-55d6-4609-ade9-a774c1362b62"", ""5bbd2583-9abd-4d05-b7b5-d3eb9d64ebc2"", ""8f9fe3a9-ae88-46cc-a823-6a92c28243f2"", ""b64634ab-e0ca-42a8-a95d-b8670598488b"", ""e4f31519-2fad-4fe8-b476-5da4715a16e9"", ""fa3b0d3e-857f-4d3b-839d-3d06a726a986""]","[""Aprendizagem autorregulada"", ""Criatividade"", ""Criação de conteúdo digital"", ""Ensino"", ""Envolvimento ativo"", ""Mentalidade Digital""]","[""Aplicar sua experiência e especialização em melhorar o uso de dados para refinar metodologias, processos, produtos e interações em equipe, orientadas para a satisfação do usuário externo/interno."", ""Capacidade de integrar as tecnologias digitais com: os modelos de gestão; os processos de tomada de decisão e geração de produtos e serviços; e os\nmeios de comunicação interna, externa e de relacionamento com usuários."", ""Incorporar atividades, tarefas e avaliações de aprendizagem que requeiram que os(as) estudantes se expressem através de meios digitais, modifiquem e criem conteúdo digital em diferentes formatos. Ensinar aos(às) estudantes como os direitos de autor e as licenças se aplicam ao conteúdo digital, como referenciar fontes e atribuir licenças."", ""Planificar e implementar dispositivos e recursos digitais no processo de ensino, de modo a melhorar a eficácia das intervenções pedagógicas. Gerir e orquestrar  adequadamente estratégias de ensino digital. Experimentar e desenvolver novos formatos e métodos pedagógicos para o ensino."", ""Usar tecnologias digitais para apoiar a aprendizagem autorregulada dos(as) estudantes, isto é, permitir que planejem, acompanhem e reflitam sobre a sua própria\naprendizagem, forneçam evidências de progresso, compartilhem ideias e encontrem soluções criativas.\n"", ""Usar tecnologias digitais para promover o envolvimento ativo e criativo dos(as) estudantes com um assunto específico. Usar tecnologias digitais no âmbito de estratégias pedagógicas que fomentem as competências transversais dos(as) estudantes, a reflexão profunda e a expressão criativa. Abrir a aprendizagem a novos contextos do mundo real, que envolvam os(as) próprios(as) estudantes em atividades práticas, investigação científica ou resolução de problemas complexos,\nou que, de outros modos, aumentem o seu envolvimento ativo em temas\ncomplexos.""]","[""05ac4a5c-019d-4ec7-83cc-12ca141322fa"", ""27ccdc3f-64d6-4748-960b-171e9c804d23"", ""c7be7c48-c417-4dec-b203-34ddedba7507"", ""cac54f5d-834c-499c-bf8d-e549fa3828af"", ""e23d3b1c-ee83-4b09-b141-fc0f9dc7ab57""]","[""Capacitação dos(as) Estudantes"", ""Ensino e Aprendizagem"", ""Processos de Melhoria"", ""Promoção da Competência Digital dos(as) Estudantes"", ""Transversais""]","[""6152c8bb-1632-42f0-9599-919b6bf15ecb"", ""7b16819f-cb8a-406d-9ab9-a335a50143cb"", ""85f646ca-67c5-439c-8cc1-df4fed9e0ae7""]","[""Aplicar"", ""Entender"", ""Lembrar""]","[""Aprendizagem autorregulada"", ""Criação de conteúdo digital"", ""Ensino"", ""Envolvimento ativo"", ""Mentalidade Digital""]","Realidade Virtual como apoio ao ensino O curso aberto de Realidade Virtual como apoio ao ensino é uma iniciativa do Instituto Federal do Espírito Santo (Ifes), por meio do Centro de Referência em Formação e em Educação a Distância (Cefor). O curso compreende em apresentar a história e evolução da tecnologia de realidade virtual, os diferentes tipos de equipamentos, como instalar, bem como mostrar algumas capacidades da tecnologia e possibilidades de seu uso em sala de aula."
4cecf418-e921-4e31-8c95-8ac88cf5a18d,Introdução a projetos,"O curso proporciona ao aluno a aplicação dos conceitos básicos e necessários relativos a projetos, garantindo o entendimento inicial para o sucesso de um projeto. face a carência destes, no que diz respeito aos principais fundamentos associados a projetos.",20,"[""179ee2c7-90c8-4f00-8cc0-02f63a056062"", ""1c04b88f-1be5-4ae0-b173-3a00c0f5b253"", ""1c596a8d-dff3-46ca-a684-8eb59b20800c"", ""1e52ca6e-ca19-4585-a66e-f6adc3013a74"", ""3a910f03-4c71-4606-93cd-179056019b11"", ""4667ae96-35b0-435a-87f5-e21af9c1086d"", ""5a036b8e-1546-48ea-a616-2890f9904d4c"", ""74347817-89b5-47e7-9c5d-6c07c69690fa"", ""d766e5b6-9c57-4a3a-92cb-4ff0687ad701"", ""fa3b0d3e-857f-4d3b-839d-3d06a726a986""]","[""Aprendizagem colaborativa"", ""Colaboração profissional"", ""Comunicação"", ""Desenvolvimento Profissional Contínuo (DPC) digital"", ""Envolvimento ativo"", ""Gerenciamento de recursos"", ""Gestão do trabalho em equipe"", ""Liderança eficaz"", ""Resolução de problemas com base em dados"", ""Tomada de decisão""]","[""Capacidade de escutar, indagar e expressar conceitos e ideias nos momentos apropriados e de forma efetiva, garantindo uma dinâmica produtiva das interações internas e externas."", ""Capacidade de idear soluções inovadoras e efetivas para problemas de baixa, média ou elevada complexidade com a utilização de dados (numéricos e não numéricos) e evidências que aumentem a precisão e viabilidade das soluções."", ""Criar e participar de equipes de trabalho para promover um ambiente produtivo e aprimorar habilidades diferenciadas entre as pessoas; compartilhando recursos e informações para alcançar melhores resultados."", ""Decidir sobre as questões sob sua responsabilidade mobilizando critérios de economia, eficácia, eficiência e transparência."", ""Dirigir equipes, otimizando a aplicação de talentos disponíveis e criando um ambiente positivo e comprometido para a obtenção de resultados."", ""Preservar critérios de eficácia e eficiência na administração de recursos materiais, das competências das pessoas e dos ativos de uso da organização."", ""Usar fontes e recursos digitais para desenvolvimento profissional contínuo."", ""Usar tecnologias digitais para colaborar com outros educadores, compartilhar e trocar conhecimento e experiências, bem como para inovar práticas pedagógicas de forma colaborativa."", ""Usar tecnologias digitais para promover e melhorar a colaboração do(a) estudante. Permitir que os(as) estudantes usem tecnologias digitais enquanto parte de tarefas colaborativas, como meio de melhorar a comunicação, a colaboração e a criação colaborativa de conhecimento."", ""Usar tecnologias digitais para promover o envolvimento ativo e criativo dos(as) estudantes com um assunto específico. Usar tecnologias digitais no âmbito de estratégias pedagógicas que fomentem as competências transversais dos(as) estudantes, a reflexão profunda e a expressão criativa. Abrir a aprendizagem a novos contextos do mundo real, que envolvam os(as) próprios(as) estudantes em atividades práticas, investigação científica ou resolução de problemas complexos,\nou que, de outros modos, aumentem o seu envolvimento ativo em temas\ncomplexos.""]","[""27ccdc3f-64d6-4748-960b-171e9c804d23"", ""514d5868-5f15-4ce9-b74a-d14f5310b54e"", ""690c731c-31f8-46f6-94f6-94d952223a08"", ""b47333be-1c80-40a9-a93d-9bbc4d7e4677"", ""c7be7c48-c417-4dec-b203-34ddedba7507"", ""cac54f5d-834c-499c-bf8d-e549fa3828af"", ""e23d3b1c-ee83-4b09-b141-fc0f9dc7ab57""]","[""Capacitação dos(as) Estudantes"", ""Ensino e Aprendizagem"", ""Envolvimento Profissional"", ""Gestão de Relacionamentos"", ""Gestão de Resultados"", ""Processos de Melhoria"", ""Transversais""]","[""6152c8bb-1632-42f0-9599-919b6bf15ecb"", ""7b16819f-cb8a-406d-9ab9-a335a50143cb""]","[""Aplicar"", ""Entender""]","[""Aprendizagem colaborativa"", ""Colaboração profissional"", ""Comunicação"", ""Desenvolvimento Profissional Contínuo (DPC) digital"", ""Envolvimento ativo"", ""Gerenciamento de recursos"", ""Gestão do trabalho em equipe"", ""Liderança eficaz"", ""Resolução de problemas com base em dados"", ""Tomada de decisão""]","Introdução a projetos O curso proporciona ao aluno a aplicação dos conceitos básicos e necessários relativos a projetos, garantindo o entendimento inicial para o sucesso de um projeto. face a carência destes, no que diz respeito aos principais fundamentos associados a projetos."
4d8063ad-3d76-4429-9286-6b40e0cb1587,Metodologias Ativas na Educação,"Esse curso levará você a conhecer o conceito e a funcionalidade das metodologias ativas, identificando quais elementos no uso destas favorecem o aprendizado, estimulando a participação autônoma do estudante.",60,"[""5a036b8e-1546-48ea-a616-2890f9904d4c"", ""b64634ab-e0ca-42a8-a95d-b8670598488b"", ""fa3b0d3e-857f-4d3b-839d-3d06a726a986""]","[""Aprendizagem autorregulada"", ""Aprendizagem colaborativa"", ""Envolvimento ativo""]","[""Usar tecnologias digitais para apoiar a aprendizagem autorregulada dos(as) estudantes, isto é, permitir que planejem, acompanhem e reflitam sobre a sua própria\naprendizagem, forneçam evidências de progresso, compartilhem ideias e encontrem soluções criativas.\n"", ""Usar tecnologias digitais para promover e melhorar a colaboração do(a) estudante. Permitir que os(as) estudantes usem tecnologias digitais enquanto parte de tarefas colaborativas, como meio de melhorar a comunicação, a colaboração e a criação colaborativa de conhecimento."", ""Usar tecnologias digitais para promover o envolvimento ativo e criativo dos(as) estudantes com um assunto específico. Usar tecnologias digitais no âmbito de estratégias pedagógicas que fomentem as competências transversais dos(as) estudantes, a reflexão profunda e a expressão criativa. Abrir a aprendizagem a novos contextos do mundo real, que envolvam os(as) próprios(as) estudantes em atividades práticas, investigação científica ou resolução de problemas complexos,\nou que, de outros modos, aumentem o seu envolvimento ativo em temas\ncomplexos.""]","[""c7be7c48-c417-4dec-b203-34ddedba7507"", ""cac54f5d-834c-499c-bf8d-e549fa3828af""]","[""Capacitação dos(as) Estudantes"", ""Ensino e Aprendizagem""]","[""6152c8bb-1632-42f0-9599-919b6bf15ecb"", ""7b16819f-cb8a-406d-9ab9-a335a50143cb"", ""85f646ca-67c5-439c-8cc1-df4fed9e0ae7""]","[""Aplicar"", ""Entender"", ""Lembrar""]","[""Aprendizagem autorregulada"", ""Aprendizagem colaborativa"", ""Envolvimento ativo""]","Metodologias Ativas na Educação Esse curso levará você a conhecer o conceito e a funcionalidade das metodologias ativas, identificando quais elementos no uso destas favorecem o aprendizado, estimulando a participação autônoma do estudante."
50dc11c8-d44f-495a-9647-5bd782f5953a,Ética e Administração Pública,"Objetivo: Conceituar ética e cidadania e propor uma reflexão sobre a importância dos temas para o indivíduo, o cidadão e a Administração Pública.",40,"[""64680a3e-e14c-4702-8970-00f96284e671""]","[""Orientações por valores éticos""]","[""Capacidade de agir de acordo com princípios e valores morais que norteiam o exercício da função pública, tais como responsabilidade, integridade, retidão, transparência e equidade na gestão da res publica.""]","[""27ccdc3f-64d6-4748-960b-171e9c804d23""]","[""Transversais""]","[""6152c8bb-1632-42f0-9599-919b6bf15ecb"", ""85f646ca-67c5-439c-8cc1-df4fed9e0ae7""]","[""Entender"", ""Lembrar""]","[""Orientações por valores éticos""]","Ética e Administração Pública Objetivo: Conceituar ética e cidadania e propor uma reflexão sobre a importância dos temas para o indivíduo, o cidadão e a Administração Pública."
52c2a7a3-6043-4b55-ba33-b10f3fc9ecac,Curso Básico de Libras no Contexto Educacional,"O curso Curso Básico de Libras no Contexto Educacional tem como objetivo capacitar profissionais da educação e interessados no tema para reconhecer a importância da Língua Brasileira de Sinais (Libras) e utilizá-la como ferramenta de promoção da acessibilidade em ambientes educacionais. Com uma abordagem teórico-prática, o curso abordará os fundamentos da Libras, sua estrutura linguística, expressões básicas e estratégias para comunicação inclusiva com estudantes surdos.
Destinado a professores, pedagogos, gestores escolares e demais profissionais da educação. Ao final, os participantes estarão aptos a estabelecer uma comunicação básica em Libras e aplicar práticas inclusivas no contexto educacional.
Para conclusão, não há pré-requisitos, mas recomenda-se interesse em educação inclusiva e contato prévio com o ambiente escolar.",20,"[""161fd267-d68a-4f88-925c-8082f17fb8b2"", ""bf6ee8ab-b64b-48fb-ad5a-738548fc2302""]","[""Acessibilidade e inclusão - Docente"", ""Diferenciação e personalização""]","["" \n \t\nUsar tecnologias digitais para atender às diversas necessidades de aprendizagem dos(as) estudantes, permitindo que estes progridam a diferentes níveis e velocidades e sigam caminhos e objetivos de aprendizagem individuais."", ""Garantir acessibilidade a recursos e atividades de aprendizagem para todos os(as) estudantes, incluindo os que têm necessidades especiais. Ter em consideração e dar resposta às expetativas, capacidades, usos e conceções errôneas (digitais) dos(as) estudantes, bem como ao uso contextual, físico e cognitivo que fazem das tecnologias digitais.""]","[""c7be7c48-c417-4dec-b203-34ddedba7507""]","[""Capacitação dos(as) Estudantes""]","[""6152c8bb-1632-42f0-9599-919b6bf15ecb"", ""7b16819f-cb8a-406d-9ab9-a335a50143cb"", ""85f646ca-67c5-439c-8cc1-df4fed9e0ae7""]","[""Aplicar"", ""Entender"", ""Lembrar""]","[""Acessibilidade e inclusão - Docente"", ""Diferenciação e personalização""]","Curso Básico de Libras no Contexto Educacional O curso Curso Básico de Libras no Contexto Educacional tem como objetivo capacitar profissionais da educação e interessados no tema para reconhecer a importância da Língua Brasileira de Sinais (Libras) e utilizá-la como ferramenta de promoção da acessibilidade em ambientes educacionais. Com uma abordagem teórico-prática, o curso abordará os fundamentos da Libras, sua estrutura linguística, expressões básicas e estratégias para comunicação inclusiva com estudantes surdos.
Destinado a professores, pedagogos, gestores escolares e demais profissionais da educação. Ao final, os participantes estarão aptos a estabelecer uma comunicação básica em Libras e aplicar práticas inclusivas no contexto educacional.
Para conclusão, não há pré-requisitos, mas recomenda-se interesse em educação inclusiva e contato prévio com o ambiente escolar."
562be90d-b7fb-4e89-ac5a-1f4fbf6f5f86,Lei de Responsabilidade Fiscal (LRF) e Novo Regime Fiscal (NRF),"Os principais pontos da Lei de Responsabilidade Fiscal (LRF) são tratados neste curso com a finalidade de esclarecer aos participantes sobre a aplicabilidade, os fundamentos e os instrumentos que colaboram para a efetividade dessa lei. Além disso, são apresentadas questões importantes trazidas pela Emenda Constitucional n.º 95/2016, conhecida como Novo Regime Fiscal (NRF).",30,"[""0accb9d5-dbd1-483f-ab2a-ee0ca1c22de4"", ""3a910f03-4c71-4606-93cd-179056019b11""]","[""Gerenciamento de recursos"", ""Planejamento""]","[""Identificar problemas prioritários e oportunidades de sua unidade para projetar planos, programas ou projetos que prefixam objetivos, atividades, recursos, custos, cronogramas, responsáveis e indicadores de progresso, resultados e impacto."", ""Preservar critérios de eficácia e eficiência na administração de recursos materiais, das competências das pessoas e dos ativos de uso da organização.""]","[""b47333be-1c80-40a9-a93d-9bbc4d7e4677""]","[""Gestão de Resultados""]","[""6152c8bb-1632-42f0-9599-919b6bf15ecb""]","[""Entender""]","[""Gerenciamento de recursos"", ""Planejamento""]","Lei de Responsabilidade Fiscal (LRF) e Novo Regime Fiscal (NRF) Os principais pontos da Lei de Responsabilidade Fiscal (LRF) são tratados neste curso com a finalidade de esclarecer aos participantes sobre a aplicabilidade, os fundamentos e os instrumentos que colaboram para a efetividade dessa lei. Além disso, são apresentadas questões importantes trazidas pela Emenda Constitucional n.º 95/2016, conhecida como Novo Regime Fiscal (NRF)."
564fb021-97fa-4d80-9c3d-b14660070027,Como Produzir Videoaulas,"Este curso foi pensado para você que deseja conhecer técnicas básicas para produção de videoaulas, compreendendo a importância do planejamento e construção de um bom roteiro na criação de vídeos educacionais.
Unidade 1 - Planejando uma videoaula
O que é videoaula?
Passos para planejar uma videoaula.
Como fazer um roteiro simples para sua videoaula.

Unidade 2 - 1,2,3 Gravando!
Como gravar utilizando Smartphone.
O figurino na produção de videoaulas.
Como se portar diante das câmeras.",25,"[""e4f31519-2fad-4fe8-b476-5da4715a16e9""]","[""Ensino""]","[""Planificar e implementar dispositivos e recursos digitais no processo de ensino, de modo a melhorar a eficácia das intervenções pedagógicas. Gerir e orquestrar  adequadamente estratégias de ensino digital. Experimentar e desenvolver novos formatos e métodos pedagógicos para o ensino.""]","[""cac54f5d-834c-499c-bf8d-e549fa3828af""]","[""Ensino e Aprendizagem""]","[""6152c8bb-1632-42f0-9599-919b6bf15ecb"", ""7b16819f-cb8a-406d-9ab9-a335a50143cb"", ""85f646ca-67c5-439c-8cc1-df4fed9e0ae7""]","[""Aplicar"", ""Entender"", ""Lembrar""]","[""Ensino""]","Como Produzir Videoaulas Este curso foi pensado para você que deseja conhecer técnicas básicas para produção de videoaulas, compreendendo a importância do planejamento e construção de um bom roteiro na criação de vídeos educacionais.
Unidade 1 - Planejando uma videoaula
O que é videoaula?
Passos para planejar uma videoaula.
Como fazer um roteiro simples para sua videoaula.

Unidade 2 - 1,2,3 Gravando!
Como gravar utilizando Smartphone.
O figurino na produção de videoaulas.
Como se portar diante das câmeras."
57a47b80-212c-461c-9d44-9af057227780,Ética no Serviço Público,"O curso Ética no Serviço Público, oferecido pela Rede e-Tec Brasil, foi uma formação de nível básico em português, na área de gestão. O objetivo era que o participante conhecesse os conceitos básicos da ética no serviço público, sendo destinado a interessados em começar a aprender sobre ética que tivessem o ensino fundamental completo. Com 40 horas de carga horária e dividido em 04 módulos, o curso utilizava uma metodologia sem tutoria (""estude no seu ritmo"", sem prazos definidos entre as atividades).",40,"[""64680a3e-e14c-4702-8970-00f96284e671""]","[""Orientações por valores éticos""]","[""Capacidade de agir de acordo com princípios e valores morais que norteiam o exercício da função pública, tais como responsabilidade, integridade, retidão, transparência e equidade na gestão da res publica.""]","[""27ccdc3f-64d6-4748-960b-171e9c804d23""]","[""Transversais""]","[""6152c8bb-1632-42f0-9599-919b6bf15ecb"", ""85f646ca-67c5-439c-8cc1-df4fed9e0ae7""]","[""Entender"", ""Lembrar""]","[""Orientações por valores éticos""]","Ética no Serviço Público O curso Ética no Serviço Público, oferecido pela Rede e-Tec Brasil, foi uma formação de nível básico em português, na área de gestão. O objetivo era que o participante conhecesse os conceitos básicos da ética no serviço público, sendo destinado a interessados em começar a aprender sobre ética que tivessem o ensino fundamental completo. Com 40 horas de carga horária e dividido em 04 módulos, o curso utilizava uma metodologia sem tutoria (""estude no seu ritmo"", sem prazos definidos entre as atividades)."
58057642-d473-45b2-aa6c-11db414645b1,Scratch: introdução à programação para educadores,Conhecer a linguagem de programação Scratch em elaboração de aplicações pedagógicas simples.,10,"[""74347817-89b5-47e7-9c5d-6c07c69690fa""]","[""Desenvolvimento Profissional Contínuo (DPC) digital""]","[""Usar fontes e recursos digitais para desenvolvimento profissional contínuo.""]","[""690c731c-31f8-46f6-94f6-94d952223a08""]","[""Envolvimento Profissional""]","[""6152c8bb-1632-42f0-9599-919b6bf15ecb"", ""7b16819f-cb8a-406d-9ab9-a335a50143cb"", ""85f646ca-67c5-439c-8cc1-df4fed9e0ae7""]","[""Aplicar"", ""Entender"", ""Lembrar""]","[""Desenvolvimento Profissional Contínuo (DPC) digital""]",Scratch: introdução à programação para educadores Conhecer a linguagem de programação Scratch em elaboração de aplicações pedagógicas simples.
59ac5797-7b5d-44af-a6d8-6d6b59da2544,Técnicas de interpretação da Libras,"Este curso apresenta o contexto em que se insere a interpretação da Libras e do Português nos Estudos da Tradução, trazendo conhecimentos teóricos e exemplos práticos da área. Você terá a possibilidade de analisar o uso das técnicas de interpretação, as escolhas tradutórias e o trabalho em dupla a partir de uma reflexão sobre as especificidades do campo para resolver dificuldades e problemas de tradução/interpretação da Libras.",40,"[""45d29970-ecb3-4e4a-b57b-4850c9b6d98f""]","[""Comunicação efetiva""]","[""Estabelecer comunicação efetiva e positiva com superiores hierárquicos, pares e cidadãos, tanto na expressão escrita e verbal quanto corporal.""]","[""4a2cf0b1-98dd-4bff-adc0-898f32e7b857""]","[""Orientação a Resultados""]","[""6152c8bb-1632-42f0-9599-919b6bf15ecb"", ""7b16819f-cb8a-406d-9ab9-a335a50143cb"", ""85f646ca-67c5-439c-8cc1-df4fed9e0ae7""]","[""Aplicar"", ""Entender"", ""Lembrar""]","[""Comunicação efetiva""]","Técnicas de interpretação da Libras Este curso apresenta o contexto em que se insere a interpretação da Libras e do Português nos Estudos da Tradução, trazendo conhecimentos teóricos e exemplos práticos da área. Você terá a possibilidade de analisar o uso das técnicas de interpretação, as escolhas tradutórias e o trabalho em dupla a partir de uma reflexão sobre as especificidades do campo para resolver dificuldades e problemas de tradução/interpretação da Libras."
5b6953a9-7833-494b-b5a5-742b6183a4b8,Moodle Básico para Educadores,Introdução ao Moodle; As ferramentas de interação; Acrescentando recursos; Ativando autoinscrição de estudantes; Como utilizar um Banco de Questões.  ,30,"[""12052eae-22a2-44ce-a8ff-07f5b5a8f816"", ""30521bbb-e702-47d7-a287-b242cf5bf600"", ""3062277b-4218-4f2b-8645-90ba3651fc52"", ""5a036b8e-1546-48ea-a616-2890f9904d4c"", ""b64634ab-e0ca-42a8-a95d-b8670598488b"", ""c6d771e2-d2a0-443d-b615-b0c813965e99"", ""e4f31519-2fad-4fe8-b476-5da4715a16e9""]","[""Análise de evidências"", ""Aprendizagem autorregulada"", ""Aprendizagem colaborativa"", ""Ensino"", ""Estratégias de avaliação"", ""Feedback e planificação"", ""Orientação""]","[""Planificar e implementar dispositivos e recursos digitais no processo de ensino, de modo a melhorar a eficácia das intervenções pedagógicas. Gerir e orquestrar  adequadamente estratégias de ensino digital. Experimentar e desenvolver novos formatos e métodos pedagógicos para o ensino."", ""Produzir, selecionar, analisar criticamente e interpretar evidências digitais sobre a atividade, desempenho e progresso do(a) estudante, de modo a informar o ensino e aprendizagem."", ""Usar tecnologias digitais para a avaliação formativa e sumativa. Melhorar a diversidade e adequação dos formatos e abordagens de avaliação."", ""Usar tecnologias digitais para apoiar a aprendizagem autorregulada dos(as) estudantes, isto é, permitir que planejem, acompanhem e reflitam sobre a sua própria\naprendizagem, forneçam evidências de progresso, compartilhem ideias e encontrem soluções criativas.\n"", ""Usar tecnologias digitais para fornecer feedback oportuno e direcionado aos(às) estudantes. Adaptar estratégias de ensino e proporcionar apoio direcionado,\ncom base nas evidências geradas pelas tecnologias digitais utilizadas. Permitir que estudantes e pais ou responsáveis  compreendam as evidências fornecidas pelas tecnologias digitais e as usem para tomada de decisão."", ""Usar tecnologias digitais para promover e melhorar a colaboração do(a) estudante. Permitir que os(as) estudantes usem tecnologias digitais enquanto parte de tarefas colaborativas, como meio de melhorar a comunicação, a colaboração e a criação colaborativa de conhecimento."", ""Usar tecnologias e serviços digitais para melhorar a interação com os(as) estudantes,individual e coletivamente, dentro e fora da sessão de aprendizagem. Usar tecnologias digitais para proporcionar orientação e assistência oportuna e dirigida. Experimentar e desenvolver novas formas e formatos para oferecer orientação e apoio.""]","[""cac54f5d-834c-499c-bf8d-e549fa3828af"", ""cc76e5f1-476f-48b1-9d32-ccb2de7f2cde""]","[""Avaliação"", ""Ensino e Aprendizagem""]","[""6152c8bb-1632-42f0-9599-919b6bf15ecb"", ""7b16819f-cb8a-406d-9ab9-a335a50143cb"", ""85f646ca-67c5-439c-8cc1-df4fed9e0ae7""]","[""Aplicar"", ""Entender"", ""Lembrar""]","[""Análise de evidências"", ""Aprendizagem autorregulada"", ""Aprendizagem colaborativa"", ""Ensino"", ""Estratégias de avaliação"", ""Feedback e planificação"", ""Orientação""]",Moodle Básico para Educadores Introdução ao Moodle; As ferramentas de interação; Acrescentando recursos; Ativando autoinscrição de estudantes; Como utilizar um Banco de Questões.
5b7e9746-012a-4d82-ad24-31c2434b7816,Diálogos sobre evasão escolar: um problema que persiste,"O curso Diálogos sobre evasão escolar: um problema que persiste, oferecido pelo IFMS (Instituto Federal de Mato Grosso do Sul), é uma formação de nível básico com 20 horas de carga horária. O objetivo é discutir o tema da evasão escolar no tempo e no mundo, e apresentar as principais ações do IFMS no enfrentamento desse problema. O público-alvo são docentes e demais interessados no tema Evasão e permanência. O certificado pode ser obtido após um prazo mínimo de 4 dias a partir da data da inscrição.",20,"[""e4f31519-2fad-4fe8-b476-5da4715a16e9""]","[""Ensino""]","[""Planificar e implementar dispositivos e recursos digitais no processo de ensino, de modo a melhorar a eficácia das intervenções pedagógicas. Gerir e orquestrar  adequadamente estratégias de ensino digital. Experimentar e desenvolver novos formatos e métodos pedagógicos para o ensino.""]","[""cac54f5d-834c-499c-bf8d-e549fa3828af""]","[""Ensino e Aprendizagem""]","[""6152c8bb-1632-42f0-9599-919b6bf15ecb"", ""dcd7e78d-25ed-4a16-9229-39773b4f6b3d"", ""e10b37a4-2e66-4a5b-bd09-815dc7a45fff""]","[""Analisar"", ""Avaliar"", ""Entender""]","[""Ensino""]","Diálogos sobre evasão escolar: um problema que persiste O curso Diálogos sobre evasão escolar: um problema que persiste, oferecido pelo IFMS (Instituto Federal de Mato Grosso do Sul), é uma formação de nível básico com 20 horas de carga horária. O objetivo é discutir o tema da evasão escolar no tempo e no mundo, e apresentar as principais ações do IFMS no enfrentamento desse problema. O público-alvo são docentes e demais interessados no tema Evasão e permanência. O certificado pode ser obtido após um prazo mínimo de 4 dias a partir da data da inscrição."
5b887a2a-7a7d-445c-b349-b594cbff5a80,Produção e edição de vídeo pelo celular,"Neste curso você irá conhecer e aprender a utilizar ferramentas práticas e de baixo custo para produção de vídeos usando apenas o celular como ferramenta de produção de conteúdo para soluções de aprendizagem na modalidade a distância, com enfoque na gravação e edição.
",20,"[""1e52ca6e-ca19-4585-a66e-f6adc3013a74"", ""5bbd2583-9abd-4d05-b7b5-d3eb9d64ebc2"", ""8f9fe3a9-ae88-46cc-a823-6a92c28243f2""]","[""Comunicação"", ""Criatividade"", ""Criação de conteúdo digital""]","[""Aplicar sua experiência e especialização em melhorar o uso de dados para refinar metodologias, processos, produtos e interações em equipe, orientadas para a satisfação do usuário externo/interno."", ""Capacidade de escutar, indagar e expressar conceitos e ideias nos momentos apropriados e de forma efetiva, garantindo uma dinâmica produtiva das interações internas e externas."", ""Incorporar atividades, tarefas e avaliações de aprendizagem que requeiram que os(as) estudantes se expressem através de meios digitais, modifiquem e criem conteúdo digital em diferentes formatos. Ensinar aos(às) estudantes como os direitos de autor e as licenças se aplicam ao conteúdo digital, como referenciar fontes e atribuir licenças.""]","[""05ac4a5c-019d-4ec7-83cc-12ca141322fa"", ""27ccdc3f-64d6-4748-960b-171e9c804d23"", ""e23d3b1c-ee83-4b09-b141-fc0f9dc7ab57""]","[""Processos de Melhoria"", ""Promoção da Competência Digital dos(as) Estudantes"", ""Transversais""]","[""6152c8bb-1632-42f0-9599-919b6bf15ecb"", ""7b16819f-cb8a-406d-9ab9-a335a50143cb""]","[""Aplicar"", ""Entender""]","[""Comunicação"", ""Criação de conteúdo digital""]","Produção e edição de vídeo pelo celular Neste curso você irá conhecer e aprender a utilizar ferramentas práticas e de baixo custo para produção de vídeos usando apenas o celular como ferramenta de produção de conteúdo para soluções de aprendizagem na modalidade a distância, com enfoque na gravação e edição."
5c5bdd9e-ba8b-4595-a4e0-64dd486cd111,Feedback Formativo: aspectos teóricos e boas práticas,"O curso Feedback Formativo: aspectos teóricos e boas práticas tem como objetivo compreender as concepções e características atuais sobre avaliação formativa e o conceito de feedback formativo, que é um aspecto crucial desta avaliação (especialmente no ensino superior). A formação busca capacitar o participante a conhecer as boas práticas de elaboração de feedback efetivo e a relacionar essas práticas aos conceitos de autorregulação da aprendizagem.",10,"[""12052eae-22a2-44ce-a8ff-07f5b5a8f816"", ""c6d771e2-d2a0-443d-b615-b0c813965e99""]","[""Análise de evidências"", ""Feedback e planificação""]","[""Produzir, selecionar, analisar criticamente e interpretar evidências digitais sobre a atividade, desempenho e progresso do(a) estudante, de modo a informar o ensino e aprendizagem."", ""Usar tecnologias digitais para fornecer feedback oportuno e direcionado aos(às) estudantes. Adaptar estratégias de ensino e proporcionar apoio direcionado,\ncom base nas evidências geradas pelas tecnologias digitais utilizadas. Permitir que estudantes e pais ou responsáveis  compreendam as evidências fornecidas pelas tecnologias digitais e as usem para tomada de decisão.""]","[""cc76e5f1-476f-48b1-9d32-ccb2de7f2cde""]","[""Avaliação""]","[""6152c8bb-1632-42f0-9599-919b6bf15ecb"", ""7b16819f-cb8a-406d-9ab9-a335a50143cb"", ""85f646ca-67c5-439c-8cc1-df4fed9e0ae7""]","[""Aplicar"", ""Entender"", ""Lembrar""]","[""Análise de evidências"", ""Feedback e planificação""]","Feedback Formativo: aspectos teóricos e boas práticas O curso Feedback Formativo: aspectos teóricos e boas práticas tem como objetivo compreender as concepções e características atuais sobre avaliação formativa e o conceito de feedback formativo, que é um aspecto crucial desta avaliação (especialmente no ensino superior). A formação busca capacitar o participante a conhecer as boas práticas de elaboração de feedback efetivo e a relacionar essas práticas aos conceitos de autorregulação da aprendizagem."
5f6cda53-61c7-4425-9aeb-997463692ed2,Pesquisa em Sala de Aula na Educação Básica,"Por que pesquisa na educação básica? Projeto de Pesquisa; Problema de pesquisa, objetivos e hipóteses; Abordagem quantitativa; Abordagem qualitativa; Elaboração de perguntas; Análise e apresentação dos dados.",40,"[""3062277b-4218-4f2b-8645-90ba3651fc52"", ""432c5350-bdb8-4e22-b7a4-0417e9cfa8f4"", ""5a036b8e-1546-48ea-a616-2890f9904d4c"", ""b64634ab-e0ca-42a8-a95d-b8670598488b"", ""e4f31519-2fad-4fe8-b476-5da4715a16e9""]","[""Aprendizagem autorregulada"", ""Aprendizagem colaborativa"", ""Ensino"", ""Gestão do desenvolvimento de pessoas"", ""Orientação""]","[""Forjar um ambiente de trabalho em que os interesses de equipes e indivíduos se harmonizem com os objetivos e resultados da organização, gerando oportunidades de aprendizado e desenvolvimento, bem como incentivos para reforçar o desempenho excepcional."", ""Planificar e implementar dispositivos e recursos digitais no processo de ensino, de modo a melhorar a eficácia das intervenções pedagógicas. Gerir e orquestrar  adequadamente estratégias de ensino digital. Experimentar e desenvolver novos formatos e métodos pedagógicos para o ensino."", ""Usar tecnologias digitais para apoiar a aprendizagem autorregulada dos(as) estudantes, isto é, permitir que planejem, acompanhem e reflitam sobre a sua própria\naprendizagem, forneçam evidências de progresso, compartilhem ideias e encontrem soluções criativas.\n"", ""Usar tecnologias digitais para promover e melhorar a colaboração do(a) estudante. Permitir que os(as) estudantes usem tecnologias digitais enquanto parte de tarefas colaborativas, como meio de melhorar a comunicação, a colaboração e a criação colaborativa de conhecimento."", ""Usar tecnologias e serviços digitais para melhorar a interação com os(as) estudantes,individual e coletivamente, dentro e fora da sessão de aprendizagem. Usar tecnologias digitais para proporcionar orientação e assistência oportuna e dirigida. Experimentar e desenvolver novas formas e formatos para oferecer orientação e apoio.""]","[""b47333be-1c80-40a9-a93d-9bbc4d7e4677"", ""cac54f5d-834c-499c-bf8d-e549fa3828af""]","[""Ensino e Aprendizagem"", ""Gestão de Resultados""]","[""6152c8bb-1632-42f0-9599-919b6bf15ecb"", ""85f646ca-67c5-439c-8cc1-df4fed9e0ae7"", ""dcd7e78d-25ed-4a16-9229-39773b4f6b3d""]","[""Analisar"", ""Entender"", ""Lembrar""]","[""Aprendizagem autorregulada"", ""Aprendizagem colaborativa"", ""Ensino"", ""Gestão do desenvolvimento de pessoas"", ""Orientação""]","Pesquisa em Sala de Aula na Educação Básica Por que pesquisa na educação básica? Projeto de Pesquisa; Problema de pesquisa, objetivos e hipóteses; Abordagem quantitativa; Abordagem qualitativa; Elaboração de perguntas; Análise e apresentação dos dados."
62b65419-2ab1-44a5-b35d-c24e5d9a6528,Tecnologia Assistiva no Contexto Educacional,"A Tecnologia Assistiva é uma área ampla e multidisciplinar e, assim como em outras esferas sociais, na educação ela também faz toda a diferença. Neste curso, buscamos apresentar conceitos, recursos e serviços aplicados ao contexto educacional. E, certamente, essa conversa não se esgota aqui. Existe uma gama enorme de recursos e estratégias. Apresentamos aqui algumas delas, mas é na prática, nas trocas com os estudantes com deficiência e com outros profissionais que acabamos descobrindo novas possibilidades. Além disso, a tecnologia muda rapidamente e precisamos estar sempre em busca do que está surgindo. Por fim, buscamos enfatizar o uso de recursos gratuitos ou de baixo custo. Apresentamos, ao longo do curso, possibilidades de confecção de baixo custo de alguns recursos utilizando materiais e métodos diversos. ",60,"[""161fd267-d68a-4f88-925c-8082f17fb8b2"", ""bf6ee8ab-b64b-48fb-ad5a-738548fc2302"", ""fa3b0d3e-857f-4d3b-839d-3d06a726a986""]","[""Acessibilidade e inclusão - Docente"", ""Diferenciação e personalização"", ""Envolvimento ativo""]","["" \n \t\nUsar tecnologias digitais para atender às diversas necessidades de aprendizagem dos(as) estudantes, permitindo que estes progridam a diferentes níveis e velocidades e sigam caminhos e objetivos de aprendizagem individuais."", ""Garantir acessibilidade a recursos e atividades de aprendizagem para todos os(as) estudantes, incluindo os que têm necessidades especiais. Ter em consideração e dar resposta às expetativas, capacidades, usos e conceções errôneas (digitais) dos(as) estudantes, bem como ao uso contextual, físico e cognitivo que fazem das tecnologias digitais."", ""Usar tecnologias digitais para promover o envolvimento ativo e criativo dos(as) estudantes com um assunto específico. Usar tecnologias digitais no âmbito de estratégias pedagógicas que fomentem as competências transversais dos(as) estudantes, a reflexão profunda e a expressão criativa. Abrir a aprendizagem a novos contextos do mundo real, que envolvam os(as) próprios(as) estudantes em atividades práticas, investigação científica ou resolução de problemas complexos,\nou que, de outros modos, aumentem o seu envolvimento ativo em temas\ncomplexos.""]","[""c7be7c48-c417-4dec-b203-34ddedba7507""]","[""Capacitação dos(as) Estudantes""]","[""6152c8bb-1632-42f0-9599-919b6bf15ecb"", ""7b16819f-cb8a-406d-9ab9-a335a50143cb"", ""85f646ca-67c5-439c-8cc1-df4fed9e0ae7"", ""dcd7e78d-25ed-4a16-9229-39773b4f6b3d""]","[""Analisar"", ""Aplicar"", ""Entender"", ""Lembrar""]","[""Acessibilidade e inclusão - Docente"", ""Diferenciação e personalização"", ""Envolvimento ativo""]","Tecnologia Assistiva no Contexto Educacional A Tecnologia Assistiva é uma área ampla e multidisciplinar e, assim como em outras esferas sociais, na educação ela também faz toda a diferença. Neste curso, buscamos apresentar conceitos, recursos e serviços aplicados ao contexto educacional. E, certamente, essa conversa não se esgota aqui. Existe uma gama enorme de recursos e estratégias. Apresentamos aqui algumas delas, mas é na prática, nas trocas com os estudantes com deficiência e com outros profissionais que acabamos descobrindo novas possibilidades. Além disso, a tecnologia muda rapidamente e precisamos estar sempre em busca do que está surgindo. Por fim, buscamos enfatizar o uso de recursos gratuitos ou de baixo custo. Apresentamos, ao longo do curso, possibilidades de confecção de baixo custo de alguns recursos utilizando materiais e métodos diversos."
638f7f71-e566-4e1a-900e-e8506882844a,Educadores e Educandos: Tempos Históricos,"O curso Educadores e Educandos: Tempos Históricos tem como objetivo explorar as relações entre educação e história, desde a Proclamação da República até os dias atuais, contextualizando os processos educacionais nos tempos modernos. Com uma abordagem teórica, o curso abordará as transformações históricas da educação no Brasil, os desafios e avanços do sistema educacional e o papel dos educadores em diferentes períodos.
Destinado a professores, estudantes de pedagogia, historiadores e interessados em educação e história. Ao final, os participantes estarão aptos a compreender a evolução da educação brasileira, refletir criticamente sobre seu contexto histórico e aplicar esses conhecimentos em ambientes educacionais.
Para conclusão, o curso foi produzido pelo IFRS e oferecido pela Plataforma Aprenda Mais (MEC). Não há pré-requisitos para inscrição.",30,"[""3062277b-4218-4f2b-8645-90ba3651fc52"", ""e4f31519-2fad-4fe8-b476-5da4715a16e9""]","[""Ensino"", ""Orientação""]","[""Planificar e implementar dispositivos e recursos digitais no processo de ensino, de modo a melhorar a eficácia das intervenções pedagógicas. Gerir e orquestrar  adequadamente estratégias de ensino digital. Experimentar e desenvolver novos formatos e métodos pedagógicos para o ensino."", ""Usar tecnologias e serviços digitais para melhorar a interação com os(as) estudantes,individual e coletivamente, dentro e fora da sessão de aprendizagem. Usar tecnologias digitais para proporcionar orientação e assistência oportuna e dirigida. Experimentar e desenvolver novas formas e formatos para oferecer orientação e apoio.""]","[""cac54f5d-834c-499c-bf8d-e549fa3828af""]","[""Ensino e Aprendizagem""]","[""6152c8bb-1632-42f0-9599-919b6bf15ecb"", ""7b16819f-cb8a-406d-9ab9-a335a50143cb"", ""85f646ca-67c5-439c-8cc1-df4fed9e0ae7""]","[""Aplicar"", ""Entender"", ""Lembrar""]","[""Ensino"", ""Orientação""]","Educadores e Educandos: Tempos Históricos O curso Educadores e Educandos: Tempos Históricos tem como objetivo explorar as relações entre educação e história, desde a Proclamação da República até os dias atuais, contextualizando os processos educacionais nos tempos modernos. Com uma abordagem teórica, o curso abordará as transformações históricas da educação no Brasil, os desafios e avanços do sistema educacional e o papel dos educadores em diferentes períodos.
Destinado a professores, estudantes de pedagogia, historiadores e interessados em educação e história. Ao final, os participantes estarão aptos a compreender a evolução da educação brasileira, refletir criticamente sobre seu contexto histórico e aplicar esses conhecimentos em ambientes educacionais.
Para conclusão, o curso foi produzido pelo IFRS e oferecido pela Plataforma Aprenda Mais (MEC). Não há pré-requisitos para inscrição."
658c7ee1-bfdf-4666-a1bc-72382ecde307,Elaboração de Indicadores de Desempenho Institucional,"O curso Elaboração de Indicadores de Desempenho Institucional, oferecido pela Enap (Escola Nacional de Administração Pública) como conteudista e certificadora, é uma formação aberta, gratuita e com certificado. Integrante do Programa de Desenvolvimento de Gerentes Operacionais (PDGO), o curso tem como objetivo capacitar os servidores públicos para estruturar sistemas de medição do desempenho institucional, dos pontos de vista estratégico e gerencial. Destina-se a servidores públicos que atuam ou tenham interesse na temática, sendo aberto a qualquer pessoa. Com 25 horas de carga horária em português e 30 dias de disponibilidade, o conteúdo programático inclui: Módulo 1 – Aspectos gerais sobre os indicadores de desempenho institucional; Módulo 2 – Classificação dos indicadores de desempenho institucional; Módulo 3 – Sistema de medição de desempenho institucional; Módulo 4 – Construção de um sistema de medição de desempenho: estudo de caso; e Módulo 5 – Reflexões finais sobre indicadores de desempenho institucional.",25,"[""0accb9d5-dbd1-483f-ab2a-ee0ca1c22de4"", ""1c04b88f-1be5-4ae0-b173-3a00c0f5b253"", ""4667ae96-35b0-435a-87f5-e21af9c1086d"", ""494c1fac-1723-4cfb-b8ee-4e6472ae59c7"", ""7a8fc826-b1a6-4d1a-854d-9782c417ee0f"", ""c2ec6e9a-e945-4168-b151-408d1f929935"", ""c769606e-9f97-4fab-b9c9-51eb99e3bd44"", ""cdbece75-961d-4176-b34b-66e1a530dcf2"", ""e6401337-5058-40be-b0d3-b28d487e43d3""]","[""Comunicação institucional"", ""Gestão da qualidade"", ""Melhoria contínua de processos"", ""Planejamento"", ""Resolução de problemas com base em dados"", ""Tomada de decisão"", ""Tomada de decisão para gestores"", ""Visão Sistêmica"", ""Visão estratégica""]","[""Adotar e informar decisões prévias, explorando alternativas para minimizar custos e aumentar as vantagens para a organização na questão que for decidida."", ""Capacidade de idear soluções inovadoras e efetivas para problemas de baixa, média ou elevada complexidade com a utilização de dados (numéricos e não numéricos) e evidências que aumentem a precisão e viabilidade das soluções."", ""Capacidade de identificar os principais marcos institucionais e as tendências sociais, políticas e econômicas nos cenários local, regional, nacional e internacional. Marcos esses que podem impactar os processos decisórios e a gestão de programas e projetos no âmbito do setor público."", ""Compreender o ambiente político e a as tendências que interferem no estado de coisas; antecipar problemas e oportunidades a médio e longo prazo para a área responsável a fim de que a gestão identifique a alternativa mais adequada a cada situação presente ou eventual, comunicando à equipe a lógica das decisões diretivas."", ""Conduzir a área de gestão encarregada de padronizar boas práticas processuais, no âmbito do paradigma da qualidade; gerando serviços internos ou externos seguros e confiáveis, de acordo com indicadores pré-estabelecidos em termos de legislação vigente e padrões de qualidade aplicáveis."", ""Decidir sobre as questões sob sua responsabilidade mobilizando critérios de economia, eficácia, eficiência e transparência."", ""Identificar problemas prioritários e oportunidades de sua unidade para projetar planos, programas ou projetos que prefixam objetivos, atividades, recursos, custos, cronogramas, responsáveis e indicadores de progresso, resultados e impacto."", ""Propor e introduzir ações para acelerar a melhoria contínua e a produtividade das tarefas sob sua responsabilidade, em atenção aos requisitos de qualidade."", ""Usar tecnologias digitais para melhorar a comunicação institucional com os(as) estudantes, pais ou responsáveis e terceiros. Contribuir colaborativamente para desenvolver e melhorar as estratégias de comunicação institucional.""]","[""27ccdc3f-64d6-4748-960b-171e9c804d23"", ""690c731c-31f8-46f6-94f6-94d952223a08"", ""7d566976-b00c-4aa7-aa67-d94656c8db8c"", ""b47333be-1c80-40a9-a93d-9bbc4d7e4677"", ""e23d3b1c-ee83-4b09-b141-fc0f9dc7ab57""]","[""Envolvimento Profissional"", ""Gestão de Mudanças"", ""Gestão de Resultados"", ""Processos de Melhoria"", ""Transversais""]","[""6152c8bb-1632-42f0-9599-919b6bf15ecb"", ""7b16819f-cb8a-406d-9ab9-a335a50143cb"", ""dcd7e78d-25ed-4a16-9229-39773b4f6b3d""]","[""Analisar"", ""Aplicar"", ""Entender""]","[""Comunicação institucional"", ""Gestão da qualidade"", ""Melhoria contínua de processos"", ""Planejamento"", ""Resolução de problemas com base em dados"", ""Tomada de decisão"", ""Tomada de decisão para gestores"", ""Visão Sistêmica"", ""Visão estratégica""]","Elaboração de Indicadores de Desempenho Institucional O curso Elaboração de Indicadores de Desempenho Institucional, oferecido pela Enap (Escola Nacional de Administração Pública) como conteudista e certificadora, é uma formação aberta, gratuita e com certificado. Integrante do Programa de Desenvolvimento de Gerentes Operacionais (PDGO), o curso tem como objetivo capacitar os servidores públicos para estruturar sistemas de medição do desempenho institucional, dos pontos de vista estratégico e gerencial. Destina-se a servidores públicos que atuam ou tenham interesse na temática, sendo aberto a qualquer pessoa. Com 25 horas de carga horária em português e 30 dias de disponibilidade, o conteúdo programático inclui: Módulo 1 – Aspectos gerais sobre os indicadores de desempenho institucional; Módulo 2 – Classificação dos indicadores de desempenho institucional; Módulo 3 – Sistema de medição de desempenho institucional; Módulo 4 – Construção de um sistema de medição de desempenho: estudo de caso; e Módulo 5 – Reflexões finais sobre indicadores de desempenho institucional."
68e2af1d-c2ba-4ff1-86a8-dc3f2e862440,eMAG Conteudista,"O curso eMAG Conteudista, oferecido pelo Ministério da Fazenda como conteudista e certificado pela Enap (Escola Nacional de Administração Pública), é uma formação aberta, gratuita e com certificado. Baseado no Modelo de Acessibilidade em Governo Eletrônico (e-MAG), que norteia os conteúdos digitais do governo federal, o curso tem como objetivo fornecer noções básicas de acessibilidade na Web para pessoas que trabalham com a inclusão de conteúdos em sites e portais. É destinado prioritariamente a servidores públicos federais que atuam no desenvolvimento de sites, mas está aberto a qualquer interessado. Com 20 horas de carga horária em português e 30 dias de disponibilidade, o conteúdo programático aborda: 1. Acessibilidade na Web (incluindo Tipos de deficiências e Uso de Tecnologias Assistivas); e 2. Diretrizes de acessibilidade (incluindo Desenvolvimento de conteúdos acessíveis, Avaliação de acessibilidade e Apresentação de recursos e ferramentas).",20,"[""6815ce74-37f5-40d0-ac92-285d0c126ee9"", ""8f9fe3a9-ae88-46cc-a823-6a92c28243f2""]","[""Criação de conteúdo digital"", ""Promoção da Inclusão e Acessibilidade""]","[""Incorporar atividades, tarefas e avaliações de aprendizagem que requeiram que os(as) estudantes se expressem através de meios digitais, modifiquem e criem conteúdo digital em diferentes formatos. Ensinar aos(às) estudantes como os direitos de autor e as licenças se aplicam ao conteúdo digital, como referenciar fontes e atribuir licenças."", ""Planejar, implementar e/ou monitorar políticas institucionais, educacionais e administrativas que garantam a inclusão de pessoas com deficiência, assegurando o cumprimento da legislação vigente, especialmente a Lei Brasileira de Inclusão (LBI). Além disso, prestar atendimento adequado, promovendo ambientes e práticas acessíveis, equitativos e livres de barreiras físicas, tecnológicas, pedagógicas, comunicacionais e atitudinais.""]","[""05ac4a5c-019d-4ec7-83cc-12ca141322fa"", ""27ccdc3f-64d6-4748-960b-171e9c804d23""]","[""Promoção da Competência Digital dos(as) Estudantes"", ""Transversais""]","[""7b16819f-cb8a-406d-9ab9-a335a50143cb""]","[""Aplicar""]","[""Criação de conteúdo digital"", ""Promoção da Inclusão e Acessibilidade""]","eMAG Conteudista O curso eMAG Conteudista, oferecido pelo Ministério da Fazenda como conteudista e certificado pela Enap (Escola Nacional de Administração Pública), é uma formação aberta, gratuita e com certificado. Baseado no Modelo de Acessibilidade em Governo Eletrônico (e-MAG), que norteia os conteúdos digitais do governo federal, o curso tem como objetivo fornecer noções básicas de acessibilidade na Web para pessoas que trabalham com a inclusão de conteúdos em sites e portais. É destinado prioritariamente a servidores públicos federais que atuam no desenvolvimento de sites, mas está aberto a qualquer interessado. Com 20 horas de carga horária em português e 30 dias de disponibilidade, o conteúdo programático aborda: 1. Acessibilidade na Web (incluindo Tipos de deficiências e Uso de Tecnologias Assistivas); e 2. Diretrizes de acessibilidade (incluindo Desenvolvimento de conteúdos acessíveis, Avaliação de acessibilidade e Apresentação de recursos e ferramentas)."
6a085c9c-718f-4d57-afc1-024ad0825f13,Audiovisual na Escola,"O curso aborda os seguintes tópicos: O Audiovisual na Sociedade Tecnológica; Introdução à Linguagem Audiovisual; Linguagem Audiovisual; Fotografia, Cinema e Televisão; Audiovisual e Educação no Brasil; Audiovisuais na Escola. Curso produzido pelo IFRS, ofertado pela Plataforma Aprenda Mais (MEC).",60,"[""3062277b-4218-4f2b-8645-90ba3651fc52"", ""e4f31519-2fad-4fe8-b476-5da4715a16e9""]","[""Ensino"", ""Orientação""]","[""Planificar e implementar dispositivos e recursos digitais no processo de ensino, de modo a melhorar a eficácia das intervenções pedagógicas. Gerir e orquestrar  adequadamente estratégias de ensino digital. Experimentar e desenvolver novos formatos e métodos pedagógicos para o ensino."", ""Usar tecnologias e serviços digitais para melhorar a interação com os(as) estudantes,individual e coletivamente, dentro e fora da sessão de aprendizagem. Usar tecnologias digitais para proporcionar orientação e assistência oportuna e dirigida. Experimentar e desenvolver novas formas e formatos para oferecer orientação e apoio.""]","[""cac54f5d-834c-499c-bf8d-e549fa3828af""]","[""Ensino e Aprendizagem""]","[""6152c8bb-1632-42f0-9599-919b6bf15ecb"", ""7b16819f-cb8a-406d-9ab9-a335a50143cb"", ""85f646ca-67c5-439c-8cc1-df4fed9e0ae7""]","[""Aplicar"", ""Entender"", ""Lembrar""]","[""Ensino"", ""Orientação""]","Audiovisual na Escola O curso aborda os seguintes tópicos: O Audiovisual na Sociedade Tecnológica; Introdução à Linguagem Audiovisual; Linguagem Audiovisual; Fotografia, Cinema e Televisão; Audiovisual e Educação no Brasil; Audiovisuais na Escola. Curso produzido pelo IFRS, ofertado pela Plataforma Aprenda Mais (MEC)."
6b721289-4a26-4e3a-b1fa-a072e14a3f34,"Fundamentos em EaD II: mediação, comunicação e avaliação","O curso visa possibilitar a compreensão dos fundamentos da Educação a Distância (EaD) no que tange à mediação, à comunicação e à avaliação nessa modalidade de ensino.
Carga horária: 30h.
Público-alvo: comunidade interna e externa do IFRJ.
Requisitos: conhecimentos básicos em informática e acesso à internet.",30,"[""3062277b-4218-4f2b-8645-90ba3651fc52"", ""e4f31519-2fad-4fe8-b476-5da4715a16e9""]","[""Ensino"", ""Orientação""]","[""Planificar e implementar dispositivos e recursos digitais no processo de ensino, de modo a melhorar a eficácia das intervenções pedagógicas. Gerir e orquestrar  adequadamente estratégias de ensino digital. Experimentar e desenvolver novos formatos e métodos pedagógicos para o ensino."", ""Usar tecnologias e serviços digitais para melhorar a interação com os(as) estudantes,individual e coletivamente, dentro e fora da sessão de aprendizagem. Usar tecnologias digitais para proporcionar orientação e assistência oportuna e dirigida. Experimentar e desenvolver novas formas e formatos para oferecer orientação e apoio.""]","[""cac54f5d-834c-499c-bf8d-e549fa3828af""]","[""Ensino e Aprendizagem""]","[""6152c8bb-1632-42f0-9599-919b6bf15ecb"", ""85f646ca-67c5-439c-8cc1-df4fed9e0ae7""]","[""Entender"", ""Lembrar""]","[""Ensino"", ""Orientação""]","Fundamentos em EaD II: mediação, comunicação e avaliação O curso visa possibilitar a compreensão dos fundamentos da Educação a Distância (EaD) no que tange à mediação, à comunicação e à avaliação nessa modalidade de ensino.
Carga horária: 30h.
Público-alvo: comunidade interna e externa do IFRJ.
Requisitos: conhecimentos básicos em informática e acesso à internet."
6ba87bcf-b53e-41f7-87f8-59f900290d28,Deficiência Auditiva e Surdez,"O curso Deficiência Auditiva e Surdez tem como objetivo capacitar profissionais da educação, saúde e áreas afins a compreender os aspectos históricos, clínicos e socioculturais da surdez, promovendo uma prática inclusiva e alinhada aos direitos das pessoas surdas. Com uma abordagem teórica, o curso abordará os fundamentos da deficiência auditiva, a identidade surda na perspectiva da diferença, as concepções filosóficas da educação de surdos e os marcos legais que garantem seus direitos, como a educação bilíngue.
Destinado a educadores, fonoaudiólogos, psicólogos, assistentes sociais e demais interessados no tema. Ao final, os participantes estarão aptos a reconhecer a diversidade surda, aplicar metodologias educacionais inclusivas e defender os direitos linguísticos e educacionais dessa população.
Para conclusão, não há pré-requisitos, mas recomenda-se interesse em educação inclusiva ou experiência prévia com pessoas surdas.",30,"[""45d29970-ecb3-4e4a-b57b-4850c9b6d98f""]","[""Comunicação efetiva""]","[""Estabelecer comunicação efetiva e positiva com superiores hierárquicos, pares e cidadãos, tanto na expressão escrita e verbal quanto corporal.""]","[""4a2cf0b1-98dd-4bff-adc0-898f32e7b857""]","[""Orientação a Resultados""]","[""6152c8bb-1632-42f0-9599-919b6bf15ecb"", ""85f646ca-67c5-439c-8cc1-df4fed9e0ae7""]","[""Entender"", ""Lembrar""]","[""Comunicação efetiva""]","Deficiência Auditiva e Surdez O curso Deficiência Auditiva e Surdez tem como objetivo capacitar profissionais da educação, saúde e áreas afins a compreender os aspectos históricos, clínicos e socioculturais da surdez, promovendo uma prática inclusiva e alinhada aos direitos das pessoas surdas. Com uma abordagem teórica, o curso abordará os fundamentos da deficiência auditiva, a identidade surda na perspectiva da diferença, as concepções filosóficas da educação de surdos e os marcos legais que garantem seus direitos, como a educação bilíngue.
Destinado a educadores, fonoaudiólogos, psicólogos, assistentes sociais e demais interessados no tema. Ao final, os participantes estarão aptos a reconhecer a diversidade surda, aplicar metodologias educacionais inclusivas e defender os direitos linguísticos e educacionais dessa população.
Para conclusão, não há pré-requisitos, mas recomenda-se interesse em educação inclusiva ou experiência prévia com pessoas surdas."
6bd46752-1212-4df7-be56-3009a9610e34,Francês Básico,"O curso apresenta os seguintes conteúdos:
Pronomes pessoais do caso reto, Verbos em -er (1ª. e 2ª. base), Verbos “être” e “avoir”, Artigos definidos e indefinidos, Negativas, Gênero dos adjetivos, C’est / Il est, Presente dos verbos terminados em -ir(e), -ter, -dre, prendre, venir, pouvoir e verbos terminados em -evoir, e o verbo faire, Plural, Interrogativas, Pronomes tônicos, Possessivos, Futuro (futur proche), Imperativo (afirmativa e negativa, verbos pronominais), Preposições e advérbios de localização, Pretérito (passé récent), Pronome impessoal “on”.

Objetivos gerais:
Possibilitar ao aluno que desenvolva, de forma autônoma e através do material didático autoexplicativo que será disponibilizado, as habilidades de compreensão oral e textual em
Língua Francesa correspondente à primeira parte do nível A1 do Quadro Europeu Comum de Referência para línguas estrangeiras.

Objetivos específicos:
- reconhecer palavras e expressões simples de uso corrente relativas a si próprio, à sua família e aos contextos em que está inserido.
- compreender nomes conhecidos, palavras e frases muito simples, por exemplo em avisos, cartazes ou folhetos.
- será capaz de perguntar e de responder a perguntas simples sobre assuntos relativos a áreas de necessidade imediata.
- utilizar expressões e frases simples para descrever o local onde vive e pessoas que conhece.
- preencher formulários com dados pessoais, por exemplo, uma ficha de registro em um hotel, com nome, nacionalidade e endereço.
- ter maior percepção sobre as diferenças culturais entre o Brasil e a França.",30,"[""e4f31519-2fad-4fe8-b476-5da4715a16e9""]","[""Ensino""]","[""Planificar e implementar dispositivos e recursos digitais no processo de ensino, de modo a melhorar a eficácia das intervenções pedagógicas. Gerir e orquestrar  adequadamente estratégias de ensino digital. Experimentar e desenvolver novos formatos e métodos pedagógicos para o ensino.""]","[""cac54f5d-834c-499c-bf8d-e549fa3828af""]","[""Ensino e Aprendizagem""]","[""6152c8bb-1632-42f0-9599-919b6bf15ecb"", ""85f646ca-67c5-439c-8cc1-df4fed9e0ae7""]","[""Entender"", ""Lembrar""]","[""Ensino""]","Francês Básico O curso apresenta os seguintes conteúdos:
Pronomes pessoais do caso reto, Verbos em -er (1ª. e 2ª. base), Verbos “être” e “avoir”, Artigos definidos e indefinidos, Negativas, Gênero dos adjetivos, C’est / Il est, Presente dos verbos terminados em -ir(e), -ter, -dre, prendre, venir, pouvoir e verbos terminados em -evoir, e o verbo faire, Plural, Interrogativas, Pronomes tônicos, Possessivos, Futuro (futur proche), Imperativo (afirmativa e negativa, verbos pronominais), Preposições e advérbios de localização, Pretérito (passé récent), Pronome impessoal “on”.

Objetivos gerais:
Possibilitar ao aluno que desenvolva, de forma autônoma e através do material didático autoexplicativo que será disponibilizado, as habilidades de compreensão oral e textual em
Língua Francesa correspondente à primeira parte do nível A1 do Quadro Europeu Comum de Referência para línguas estrangeiras.

Objetivos específicos:
- reconhecer palavras e expressões simples de uso corrente relativas a si próprio, à sua família e aos contextos em que está inserido.
- compreender nomes conhecidos, palavras e frases muito simples, por exemplo em avisos, cartazes ou folhetos.
- será capaz de perguntar e de responder a perguntas simples sobre assuntos relativos a áreas de necessidade imediata.
- utilizar expressões e frases simples para descrever o local onde vive e pessoas que conhece.
- preencher formulários com dados pessoais, por exemplo, uma ficha de registro em um hotel, com nome, nacionalidade e endereço.
- ter maior percepção sobre as diferenças culturais entre o Brasil e a França."
6c005d28-61f1-4c6c-9425-1954c7949bd3,Sistema de Monitoramento- Setec,"Tem como objetivo orientar as áreas responsáveis pelo Plano de Desenvolvimento Institucional da instituição a cadastrar e manter atualizada as informações básicas sobre o PDI, variáveis e indicadores.",10,"[""0accb9d5-dbd1-483f-ab2a-ee0ca1c22de4"", ""1c04b88f-1be5-4ae0-b173-3a00c0f5b253"", ""20e05dca-55d6-4609-ade9-a774c1362b62"", ""494c1fac-1723-4cfb-b8ee-4e6472ae59c7"", ""49c18cc9-d9c1-4c6c-a72b-a064e0e6e3eb"", ""b30f6b99-0189-4c80-8977-bd7cf269ab8e"", ""c2ec6e9a-e945-4168-b151-408d1f929935"", ""c769606e-9f97-4fab-b9c9-51eb99e3bd44"", ""e6401337-5058-40be-b0d3-b28d487e43d3""]","[""Foco nos resultados para os cidadãos"", ""Melhoria contínua de processos"", ""Mentalidade Digital"", ""Planejamento"", ""Tomada de decisão"", ""Tomada de decisão para gestores"", ""Uso de TIC"", ""Visão Sistêmica"", ""Visão estratégica""]","[""Adotar e informar decisões prévias, explorando alternativas para minimizar custos e aumentar as vantagens para a organização na questão que for decidida."", ""Capacidade de identificar os principais marcos institucionais e as tendências sociais, políticas e econômicas nos cenários local, regional, nacional e internacional. Marcos esses que podem impactar os processos decisórios e a gestão de programas e projetos no âmbito do setor público."", ""Capacidade de integrar as tecnologias digitais com: os modelos de gestão; os processos de tomada de decisão e geração de produtos e serviços; e os\nmeios de comunicação interna, externa e de relacionamento com usuários."", ""Capacidade de superar o desempenho padrão e apresentar soluções alinhadas\nao cumprimento de metas e ao alcance dos objetivos estratégicos das organizações públicas para garantir o atendimento das necessidades dos usuários e dos cidadãos."", ""Compreender o ambiente político e a as tendências que interferem no estado de coisas; antecipar problemas e oportunidades a médio e longo prazo para a área responsável a fim de que a gestão identifique a alternativa mais adequada a cada situação presente ou eventual, comunicando à equipe a lógica das decisões diretivas."", ""Decidir sobre as questões sob sua responsabilidade mobilizando critérios de economia, eficácia, eficiência e transparência."", ""Identificar problemas prioritários e oportunidades de sua unidade para projetar planos, programas ou projetos que prefixam objetivos, atividades, recursos, custos, cronogramas, responsáveis e indicadores de progresso, resultados e impacto."", ""Otimizar o uso das tecnologias de informação e comunicação disponíveis, em seu efetivo potencial, para melhorar seu desempenho."", ""Propor e introduzir ações para acelerar a melhoria contínua e a produtividade das tarefas sob sua responsabilidade, em atenção aos requisitos de qualidade.""]","[""27ccdc3f-64d6-4748-960b-171e9c804d23"", ""4a2cf0b1-98dd-4bff-adc0-898f32e7b857"", ""7d566976-b00c-4aa7-aa67-d94656c8db8c"", ""b47333be-1c80-40a9-a93d-9bbc4d7e4677"", ""e23d3b1c-ee83-4b09-b141-fc0f9dc7ab57""]","[""Gestão de Mudanças"", ""Gestão de Resultados"", ""Orientação a Resultados"", ""Processos de Melhoria"", ""Transversais""]","[""6152c8bb-1632-42f0-9599-919b6bf15ecb"", ""7b16819f-cb8a-406d-9ab9-a335a50143cb"", ""dcd7e78d-25ed-4a16-9229-39773b4f6b3d""]","[""Analisar"", ""Aplicar"", ""Entender""]","[""Foco nos resultados para os cidadãos"", ""Melhoria contínua de processos"", ""Mentalidade Digital"", ""Planejamento"", ""Tomada de decisão"", ""Tomada de decisão para gestores"", ""Uso de TIC"", ""Visão Sistêmica"", ""Visão estratégica""]","Sistema de Monitoramento- Setec Tem como objetivo orientar as áreas responsáveis pelo Plano de Desenvolvimento Institucional da instituição a cadastrar e manter atualizada as informações básicas sobre o PDI, variáveis e indicadores."
6cacb12a-4a42-4b7a-bef6-30fe250c824e,Moodle Basico para Professores,"O curso aborda elementos para o planejamento das aulas no MOODLE, inserção de conteúdos e atividades.",20,"[""5a036b8e-1546-48ea-a616-2890f9904d4c"", ""6461c25c-1491-4610-8ee0-2029d77fa61d"", ""6a6c1fb3-6126-406e-80b1-fd587d3b5a25"", ""8f9fe3a9-ae88-46cc-a823-6a92c28243f2"", ""b30f6b99-0189-4c80-8977-bd7cf269ab8e"", ""e4f31519-2fad-4fe8-b476-5da4715a16e9""]","[""Aprendizagem colaborativa"", ""Comunicação e colaboração digital"", ""Criação de conteúdo digital"", ""Ensino"", ""Gerenciamento digital"", ""Uso de TIC""]","[""Incorporar atividades, tarefas e avaliações de aprendizagem que requeiram que os(as) estudantes se expressem através de meios digitais, modifiquem e criem conteúdo digital em diferentes formatos. Ensinar aos(às) estudantes como os direitos de autor e as licenças se aplicam ao conteúdo digital, como referenciar fontes e atribuir licenças."", ""Incorporar atividades, tarefas e avaliações de aprendizagem que requeiram que os(as) estudantes usem, eficaz e responsavelmente, tecnologias digitais para comunicação, colaboração e participação cívica."", ""Otimizar o uso das tecnologias de informação e comunicação disponíveis, em seu efetivo potencial, para melhorar seu desempenho."", ""Planificar e implementar dispositivos e recursos digitais no processo de ensino, de modo a melhorar a eficácia das intervenções pedagógicas. Gerir e orquestrar  adequadamente estratégias de ensino digital. Experimentar e desenvolver novos formatos e métodos pedagógicos para o ensino."", ""Reconhecer efetivamente o direito dos cidadãos à informação pública e à interação com serviços no ambiente digital, garantindo canais efetivos para requisição de serviços, pedidos, consultas, procedimentos, acompanhamento e resolução remotos."", ""Usar tecnologias digitais para promover e melhorar a colaboração do(a) estudante. Permitir que os(as) estudantes usem tecnologias digitais enquanto parte de tarefas colaborativas, como meio de melhorar a comunicação, a colaboração e a criação colaborativa de conhecimento.""]","[""05ac4a5c-019d-4ec7-83cc-12ca141322fa"", ""4a2cf0b1-98dd-4bff-adc0-898f32e7b857"", ""7d566976-b00c-4aa7-aa67-d94656c8db8c"", ""cac54f5d-834c-499c-bf8d-e549fa3828af""]","[""Ensino e Aprendizagem"", ""Gestão de Mudanças"", ""Orientação a Resultados"", ""Promoção da Competência Digital dos(as) Estudantes""]","[""6152c8bb-1632-42f0-9599-919b6bf15ecb"", ""7b16819f-cb8a-406d-9ab9-a335a50143cb"", ""85f646ca-67c5-439c-8cc1-df4fed9e0ae7""]","[""Aplicar"", ""Entender"", ""Lembrar""]","[""Aprendizagem colaborativa"", ""Comunicação e colaboração digital"", ""Criação de conteúdo digital"", ""Ensino"", ""Gerenciamento digital"", ""Uso de TIC""]","Moodle Basico para Professores O curso aborda elementos para o planejamento das aulas no MOODLE, inserção de conteúdos e atividades."
6d78de36-7d86-40a4-81d5-11b1eecf5464,Análise e melhoria de processos,"O curso tem como objetivo oferecer aos participantes  uma visão geral e abrangente da gestão da qualidade no serviço público, aprofundando um de seus aspectos: a análise e melhoria de processos.
Público Alvo:
Servidores públicos que queiram conhecer a análise e a melhoria de processos em sua área de trabalho. Curso aberto, gratuito e com certificado, qualquer pessoa pode se inscrever.
Conteúdo Programático:
Módulo 1 – Visão geral sobre análise e melhoria de processos.
Módulo 2 – Fundamentos da Gestão por Processos.
Módulo 3 – Gestão de Processos.
Módulo 4 – Planejamento e ferramentas para Análise e Melhoria.
Módulo 5 – Método de Análise e Solução de Problemas.",20,"[""0accb9d5-dbd1-483f-ab2a-ee0ca1c22de4"", ""1c04b88f-1be5-4ae0-b173-3a00c0f5b253"", ""4667ae96-35b0-435a-87f5-e21af9c1086d"", ""494c1fac-1723-4cfb-b8ee-4e6472ae59c7"", ""c2ec6e9a-e945-4168-b151-408d1f929935"", ""c769606e-9f97-4fab-b9c9-51eb99e3bd44"", ""e6401337-5058-40be-b0d3-b28d487e43d3""]","[""Melhoria contínua de processos"", ""Planejamento"", ""Resolução de problemas com base em dados"", ""Tomada de decisão"", ""Tomada de decisão para gestores"", ""Visão Sistêmica"", ""Visão estratégica""]","[""Adotar e informar decisões prévias, explorando alternativas para minimizar custos e aumentar as vantagens para a organização na questão que for decidida."", ""Capacidade de idear soluções inovadoras e efetivas para problemas de baixa, média ou elevada complexidade com a utilização de dados (numéricos e não numéricos) e evidências que aumentem a precisão e viabilidade das soluções."", ""Capacidade de identificar os principais marcos institucionais e as tendências sociais, políticas e econômicas nos cenários local, regional, nacional e internacional. Marcos esses que podem impactar os processos decisórios e a gestão de programas e projetos no âmbito do setor público."", ""Compreender o ambiente político e a as tendências que interferem no estado de coisas; antecipar problemas e oportunidades a médio e longo prazo para a área responsável a fim de que a gestão identifique a alternativa mais adequada a cada situação presente ou eventual, comunicando à equipe a lógica das decisões diretivas."", ""Decidir sobre as questões sob sua responsabilidade mobilizando critérios de economia, eficácia, eficiência e transparência."", ""Identificar problemas prioritários e oportunidades de sua unidade para projetar planos, programas ou projetos que prefixam objetivos, atividades, recursos, custos, cronogramas, responsáveis e indicadores de progresso, resultados e impacto."", ""Propor e introduzir ações para acelerar a melhoria contínua e a produtividade das tarefas sob sua responsabilidade, em atenção aos requisitos de qualidade.""]","[""27ccdc3f-64d6-4748-960b-171e9c804d23"", ""7d566976-b00c-4aa7-aa67-d94656c8db8c"", ""b47333be-1c80-40a9-a93d-9bbc4d7e4677"", ""e23d3b1c-ee83-4b09-b141-fc0f9dc7ab57""]","[""Gestão de Mudanças"", ""Gestão de Resultados"", ""Processos de Melhoria"", ""Transversais""]","[""6152c8bb-1632-42f0-9599-919b6bf15ecb"", ""7b16819f-cb8a-406d-9ab9-a335a50143cb"", ""dcd7e78d-25ed-4a16-9229-39773b4f6b3d""]","[""Analisar"", ""Aplicar"", ""Entender""]","[""Melhoria contínua de processos"", ""Planejamento"", ""Resolução de problemas com base em dados"", ""Tomada de decisão"", ""Tomada de decisão para gestores"", ""Visão Sistêmica"", ""Visão estratégica""]","Análise e melhoria de processos O curso tem como objetivo oferecer aos participantes  uma visão geral e abrangente da gestão da qualidade no serviço público, aprofundando um de seus aspectos: a análise e melhoria de processos.
Público Alvo:
Servidores públicos que queiram conhecer a análise e a melhoria de processos em sua área de trabalho. Curso aberto, gratuito e com certificado, qualquer pessoa pode se inscrever.
Conteúdo Programático:
Módulo 1 – Visão geral sobre análise e melhoria de processos.
Módulo 2 – Fundamentos da Gestão por Processos.
Módulo 3 – Gestão de Processos.
Módulo 4 – Planejamento e ferramentas para Análise e Melhoria.
Módulo 5 – Método de Análise e Solução de Problemas."
6df06e3b-de96-4e28-94cd-0b94de5e9c48,Ambiente de Capacitação PNP,"O curso foi organizado para os três perfis de usuários da Plataforma Nilo Peçanha, são eles: o pesquisador institucional (PI), o responsável pelo registro acadêmico (RA) e o responsável pela gestão de pessoas (GP). De acordo com o seu papel, acesse as seções correspondentes. Esta formação foi estruturada com a mesma lógica da plataforma, de forma que, em cada seção, além de textos, você encontra vídeos tutoriais explicativos das atividades que deverão ser realizadas.
Esta capacitação é autodirigida, ou seja, você não terá um professor acompanhando suas ações no ambiente! Assim, para realizar esta formação, você só precisa acessar as seções, ler os materiais disponíveis e assistir aos vídeos tutoriais. Para finalizar, realize a atividade obrigatória para obter a certificação da Capacitação 2025 da Plataforma Nilo Peçanha. ",20,"[""4667ae96-35b0-435a-87f5-e21af9c1086d"", ""494c1fac-1723-4cfb-b8ee-4e6472ae59c7""]","[""Melhoria contínua de processos"", ""Resolução de problemas com base em dados""]","[""Capacidade de idear soluções inovadoras e efetivas para problemas de baixa, média ou elevada complexidade com a utilização de dados (numéricos e não numéricos) e evidências que aumentem a precisão e viabilidade das soluções."", ""Propor e introduzir ações para acelerar a melhoria contínua e a produtividade das tarefas sob sua responsabilidade, em atenção aos requisitos de qualidade.""]","[""27ccdc3f-64d6-4748-960b-171e9c804d23"", ""e23d3b1c-ee83-4b09-b141-fc0f9dc7ab57""]","[""Processos de Melhoria"", ""Transversais""]","[""6152c8bb-1632-42f0-9599-919b6bf15ecb"", ""7b16819f-cb8a-406d-9ab9-a335a50143cb"", ""85f646ca-67c5-439c-8cc1-df4fed9e0ae7""]","[""Aplicar"", ""Entender"", ""Lembrar""]","[""Melhoria contínua de processos"", ""Resolução de problemas com base em dados""]","Ambiente de Capacitação PNP O curso foi organizado para os três perfis de usuários da Plataforma Nilo Peçanha, são eles: o pesquisador institucional (PI), o responsável pelo registro acadêmico (RA) e o responsável pela gestão de pessoas (GP). De acordo com o seu papel, acesse as seções correspondentes. Esta formação foi estruturada com a mesma lógica da plataforma, de forma que, em cada seção, além de textos, você encontra vídeos tutoriais explicativos das atividades que deverão ser realizadas.
Esta capacitação é autodirigida, ou seja, você não terá um professor acompanhando suas ações no ambiente! Assim, para realizar esta formação, você só precisa acessar as seções, ler os materiais disponíveis e assistir aos vídeos tutoriais. Para finalizar, realize a atividade obrigatória para obter a certificação da Capacitação 2025 da Plataforma Nilo Peçanha."
6e73d625-ea96-4e5a-a0c7-76ee1ba5ff59,"Inovação, Criatividade e Tecnologias Digitais na Educação",Este curso tem por objetivo auxiliar profissionais da educação apresentando ferramentas tecnológicas capazes de apoiar o dia a dia sobre o uso inovador e/ ou criativo de tecnologias digitais no planejamento das atividades pedagógicas não presenciais e de aulas online referente ao ensino híbrido.,60,"[""84b2a6b0-c670-4a34-a04f-594a0b4c1d4a"", ""8f9fe3a9-ae88-46cc-a823-6a92c28243f2""]","[""Criação de conteúdo digital"", ""Criação e modificação""]","[""Incorporar atividades, tarefas e avaliações de aprendizagem que requeiram que os(as) estudantes se expressem através de meios digitais, modifiquem e criem conteúdo digital em diferentes formatos. Ensinar aos(às) estudantes como os direitos de autor e as licenças se aplicam ao conteúdo digital, como referenciar fontes e atribuir licenças."", ""Modificar e desenvolver recursos existentes com licença aberta e outros recursos onde tal é permitido. Criar ou cocriar novos recursos educacionais digitais. Ter em\nconsideração o objetivo específico de aprendizagem, o contexto, a abordagem pedagógica e o grupo de estudantes, ao selecionar recursos digitais e planificar a sua utilização.""]","[""05ac4a5c-019d-4ec7-83cc-12ca141322fa"", ""5a224ac7-f165-4900-971c-f82f2684f779""]","[""Promoção da Competência Digital dos(as) Estudantes"", ""Recursos Digitais""]","[""6152c8bb-1632-42f0-9599-919b6bf15ecb"", ""7b16819f-cb8a-406d-9ab9-a335a50143cb"", ""85f646ca-67c5-439c-8cc1-df4fed9e0ae7""]","[""Aplicar"", ""Entender"", ""Lembrar""]","[""Criação de conteúdo digital"", ""Criação e modificação""]","Inovação, Criatividade e Tecnologias Digitais na Educação Este curso tem por objetivo auxiliar profissionais da educação apresentando ferramentas tecnológicas capazes de apoiar o dia a dia sobre o uso inovador e/ ou criativo de tecnologias digitais no planejamento das atividades pedagógicas não presenciais e de aulas online referente ao ensino híbrido."
6ef36985-8b88-450a-b15d-cbca7958e0c9,Estilos de Aprendizagem,"O curso Estilos de Aprendizagem tem como objetivo capacitar educadores, tutores e profissionais da área de educação a distância a identificar e aplicar estratégias pedagógicas alinhadas aos diferentes estilos de aprendizagem. Com uma abordagem teórica, o curso abordará os conceitos fundamentais dos estilos de aprendizagem, métodos de diagnóstico e técnicas para adaptação de recursos didáticos em ambientes virtuais.
Destinado a professores, tutores EaD, designers instrucionais e interessados em metodologias de ensino. Ao final, os participantes estarão aptos a selecionar e aplicar estratégias personalizadas para otimizar a aprendizagem em diferentes contextos educacionais.
Para conclusão, não há pré-requisitos, mas recomenda-se experiência básica em educação ou ensino.",30,"[""3062277b-4218-4f2b-8645-90ba3651fc52"", ""e4f31519-2fad-4fe8-b476-5da4715a16e9""]","[""Ensino"", ""Orientação""]","[""Planificar e implementar dispositivos e recursos digitais no processo de ensino, de modo a melhorar a eficácia das intervenções pedagógicas. Gerir e orquestrar  adequadamente estratégias de ensino digital. Experimentar e desenvolver novos formatos e métodos pedagógicos para o ensino."", ""Usar tecnologias e serviços digitais para melhorar a interação com os(as) estudantes,individual e coletivamente, dentro e fora da sessão de aprendizagem. Usar tecnologias digitais para proporcionar orientação e assistência oportuna e dirigida. Experimentar e desenvolver novas formas e formatos para oferecer orientação e apoio.""]","[""cac54f5d-834c-499c-bf8d-e549fa3828af""]","[""Ensino e Aprendizagem""]","[""6152c8bb-1632-42f0-9599-919b6bf15ecb"", ""85f646ca-67c5-439c-8cc1-df4fed9e0ae7"", ""dcd7e78d-25ed-4a16-9229-39773b4f6b3d""]","[""Analisar"", ""Entender"", ""Lembrar""]","[""Ensino"", ""Orientação""]","Estilos de Aprendizagem O curso Estilos de Aprendizagem tem como objetivo capacitar educadores, tutores e profissionais da área de educação a distância a identificar e aplicar estratégias pedagógicas alinhadas aos diferentes estilos de aprendizagem. Com uma abordagem teórica, o curso abordará os conceitos fundamentais dos estilos de aprendizagem, métodos de diagnóstico e técnicas para adaptação de recursos didáticos em ambientes virtuais.
Destinado a professores, tutores EaD, designers instrucionais e interessados em metodologias de ensino. Ao final, os participantes estarão aptos a selecionar e aplicar estratégias personalizadas para otimizar a aprendizagem em diferentes contextos educacionais.
Para conclusão, não há pré-requisitos, mas recomenda-se experiência básica em educação ou ensino."
7069534c-c71a-4998-8f6a-05c2c83887f2,Multimeios Didáticos Utilizando o Linux Educacional,"Ementa:

Apresentação do Linux Educacional 6.1. Instalação do Linux Educacional 6.1. Ferramentas básicas do Linux Educacional 6.1. O menu de aplicativos. Barras de aplicativos. Ferramentas de escritório LibreOffice 6.1. Ferramentas de acesso à Internet Firefox. Utilização de Aplicativos Educacionais no Linux Educacional 6.1.



Objetivos gerais:

Capacitar no uso da multimídia e suas tecnologias para atuação na área da educação. Apresentar ferramentas tecnológicas que permitem o armazenamento e o compartilhamento de recursos e informações na internet.",30,"[""8f9fe3a9-ae88-46cc-a823-6a92c28243f2"", ""b30f6b99-0189-4c80-8977-bd7cf269ab8e"", ""d8065c73-647c-467c-999c-454dafd7f1b9"", ""e4f31519-2fad-4fe8-b476-5da4715a16e9""]","[""Construção de Redes"", ""Criação de conteúdo digital"", ""Ensino"", ""Uso de TIC""]","[""Incorporar atividades, tarefas e avaliações de aprendizagem que requeiram que os(as) estudantes se expressem através de meios digitais, modifiquem e criem conteúdo digital em diferentes formatos. Ensinar aos(às) estudantes como os direitos de autor e as licenças se aplicam ao conteúdo digital, como referenciar fontes e atribuir licenças."", ""Otimizar o uso das tecnologias de informação e comunicação disponíveis, em seu efetivo potencial, para melhorar seu desempenho."", ""Planificar e implementar dispositivos e recursos digitais no processo de ensino, de modo a melhorar a eficácia das intervenções pedagógicas. Gerir e orquestrar  adequadamente estratégias de ensino digital. Experimentar e desenvolver novos formatos e métodos pedagógicos para o ensino."", ""Promover o autodesenvolvimento e o desenvolvimento profissional de suas equipes de colaboradores, integrando, criando ou incentivando a participação em redes e fóruns para troca de experiências, novidades, documentos, cases, soluções criativas e problemas compartilhados.""]","[""05ac4a5c-019d-4ec7-83cc-12ca141322fa"", ""4a2cf0b1-98dd-4bff-adc0-898f32e7b857"", ""7d566976-b00c-4aa7-aa67-d94656c8db8c"", ""cac54f5d-834c-499c-bf8d-e549fa3828af""]","[""Ensino e Aprendizagem"", ""Gestão de Mudanças"", ""Orientação a Resultados"", ""Promoção da Competência Digital dos(as) Estudantes""]",[],[],"[""Criação de conteúdo digital"", ""Ensino"", ""Uso de TIC""]","Multimeios Didáticos Utilizando o Linux Educacional Ementa:

Apresentação do Linux Educacional 6.1. Instalação do Linux Educacional 6.1. Ferramentas básicas do Linux Educacional 6.1. O menu de aplicativos. Barras de aplicativos. Ferramentas de escritório LibreOffice 6.1. Ferramentas de acesso à Internet Firefox. Utilização de Aplicativos Educacionais no Linux Educacional 6.1.



Objetivos gerais:

Capacitar no uso da multimídia e suas tecnologias para atuação na área da educação. Apresentar ferramentas tecnológicas que permitem o armazenamento e o compartilhamento de recursos e informações na internet."
71cc8832-0dd3-4dd2-896d-6a160c1cd678,Assinatura Digital,"O processo da transformação digital oportunizou no cenário atual a oferta de certificados e assinaturas digitais como soluções seguras e viáveis à realização de transações e de validação de documentos de forma segura e ágil. Este curso oferece conhecimento teórico e prático a respeito da aplicabilidade das assinaturas digitais e dos procedimentos para sua adoção.
Conteúdo Programático:
Módulo 1 - Introdução
Módulo 2 - Primeiro Contato com a Assinatura Digital
Módulo 3 - Assinaturas, Coassinaturas e Carimbo de Tempo
Módulo 4 - Selo da Assinatura Digital
Módulo 5 - Token como Ferramenta de Trabalho
Módulo 6 - Assinatura ou Certificado Digital em Nuvem?",15,"[""49c18cc9-d9c1-4c6c-a72b-a064e0e6e3eb"", ""4be87cc2-7a58-4885-8970-8f49249d43d5"", ""b30f6b99-0189-4c80-8977-bd7cf269ab8e""]","[""Foco nos resultados para os cidadãos"", ""Inovação"", ""Uso de TIC""]","[""Capacidade de superar o desempenho padrão e apresentar soluções alinhadas\nao cumprimento de metas e ao alcance dos objetivos estratégicos das organizações públicas para garantir o atendimento das necessidades dos usuários e dos cidadãos."", ""Forjar um clima de interesse para soluções inovadoras que melhorem a eficiência das respostas aos cidadãos em termos de informações, processos, tecnologias, resultados e impactos da gestão pública."", ""Otimizar o uso das tecnologias de informação e comunicação disponíveis, em seu efetivo potencial, para melhorar seu desempenho.""]","[""27ccdc3f-64d6-4748-960b-171e9c804d23"", ""4a2cf0b1-98dd-4bff-adc0-898f32e7b857"", ""7d566976-b00c-4aa7-aa67-d94656c8db8c""]","[""Gestão de Mudanças"", ""Orientação a Resultados"", ""Transversais""]","[""6152c8bb-1632-42f0-9599-919b6bf15ecb"", ""7b16819f-cb8a-406d-9ab9-a335a50143cb""]","[""Aplicar"", ""Entender""]","[""Foco nos resultados para os cidadãos"", ""Inovação"", ""Uso de TIC""]","Assinatura Digital O processo da transformação digital oportunizou no cenário atual a oferta de certificados e assinaturas digitais como soluções seguras e viáveis à realização de transações e de validação de documentos de forma segura e ágil. Este curso oferece conhecimento teórico e prático a respeito da aplicabilidade das assinaturas digitais e dos procedimentos para sua adoção.
Conteúdo Programático:
Módulo 1 - Introdução
Módulo 2 - Primeiro Contato com a Assinatura Digital
Módulo 3 - Assinaturas, Coassinaturas e Carimbo de Tempo
Módulo 4 - Selo da Assinatura Digital
Módulo 5 - Token como Ferramenta de Trabalho
Módulo 6 - Assinatura ou Certificado Digital em Nuvem?"
720d9762-c353-41d1-8933-fe490951e189,Deficiência Intelectual,"O curso Deficiência Intelectual tem como objetivo capacitar educadores, profissionais da saúde e demais interessados a compreender as características, causas e estratégias pedagógicas para o atendimento educacional especializado de pessoas com deficiência intelectual, promovendo sua inclusão e desenvolvimento. Com uma abordagem teórica, o curso abordará os conceitos fundamentais da deficiência intelectual, suas possíveis causas, a organização de práticas pedagógicas inclusivas e a eliminação de barreiras educacionais.
Destinado a professores, psicólogos, terapeutas, assistentes sociais e estudantes de áreas afins. Ao final, os participantes estarão aptos a identificar as necessidades educacionais específicas, elaborar planos de aula inclusivos e promover estratégias que favoreçam a autonomia e a aprendizagem de pessoas com deficiência intelectual.
Para conclusão, não há pré-requisitos obrigatórios, mas recomenda-se interesse ou experiência prévia em educação especial ou inclusiva.",20,"[""45d29970-ecb3-4e4a-b57b-4850c9b6d98f""]","[""Comunicação efetiva""]","[""Estabelecer comunicação efetiva e positiva com superiores hierárquicos, pares e cidadãos, tanto na expressão escrita e verbal quanto corporal.""]","[""4a2cf0b1-98dd-4bff-adc0-898f32e7b857""]","[""Orientação a Resultados""]","[""6152c8bb-1632-42f0-9599-919b6bf15ecb"", ""85f646ca-67c5-439c-8cc1-df4fed9e0ae7""]","[""Entender"", ""Lembrar""]","[""Comunicação efetiva""]","Deficiência Intelectual O curso Deficiência Intelectual tem como objetivo capacitar educadores, profissionais da saúde e demais interessados a compreender as características, causas e estratégias pedagógicas para o atendimento educacional especializado de pessoas com deficiência intelectual, promovendo sua inclusão e desenvolvimento. Com uma abordagem teórica, o curso abordará os conceitos fundamentais da deficiência intelectual, suas possíveis causas, a organização de práticas pedagógicas inclusivas e a eliminação de barreiras educacionais.
Destinado a professores, psicólogos, terapeutas, assistentes sociais e estudantes de áreas afins. Ao final, os participantes estarão aptos a identificar as necessidades educacionais específicas, elaborar planos de aula inclusivos e promover estratégias que favoreçam a autonomia e a aprendizagem de pessoas com deficiência intelectual.
Para conclusão, não há pré-requisitos obrigatórios, mas recomenda-se interesse ou experiência prévia em educação especial ou inclusiva."
728e394b-83b1-4af6-a140-56d3ceb8faf9,Cursos Regulares Presenciais com Carga Horária a Distância,"O curso Cursos Regulares Presenciais com Carga Horária a Distância tem como objetivo capacitar profissionais e educadores na elaboração e implementação de projetos pedagógicos de cursos (PPC) que integrem componentes presenciais e a distância, em conformidade com as diretrizes educacionais vigentes. Com uma abordagem teórica, o curso abordará contextualização da modalidade, planejamento de carga horária híbrida, estruturação do PPC e estratégias para implantação eficaz.
Destinado a gestores educacionais, coordenadores de curso, professores e interessados em desenho curricular. Ao final, os participantes estarão aptos a desenvolver PPCs adequados à legislação, alinhar metodologias às necessidades institucionais e implementar cursos com carga horária mista de forma eficiente.
Para conclusão, não há pré-requisitos, mas recomenda-se experiência básica em educação ou gestão acadêmica.",20,"[""3062277b-4218-4f2b-8645-90ba3651fc52"", ""e4f31519-2fad-4fe8-b476-5da4715a16e9""]","[""Ensino"", ""Orientação""]","[""Planificar e implementar dispositivos e recursos digitais no processo de ensino, de modo a melhorar a eficácia das intervenções pedagógicas. Gerir e orquestrar  adequadamente estratégias de ensino digital. Experimentar e desenvolver novos formatos e métodos pedagógicos para o ensino."", ""Usar tecnologias e serviços digitais para melhorar a interação com os(as) estudantes,individual e coletivamente, dentro e fora da sessão de aprendizagem. Usar tecnologias digitais para proporcionar orientação e assistência oportuna e dirigida. Experimentar e desenvolver novas formas e formatos para oferecer orientação e apoio.""]","[""cac54f5d-834c-499c-bf8d-e549fa3828af""]","[""Ensino e Aprendizagem""]","[""6152c8bb-1632-42f0-9599-919b6bf15ecb"", ""7b16819f-cb8a-406d-9ab9-a335a50143cb"", ""85f646ca-67c5-439c-8cc1-df4fed9e0ae7""]","[""Aplicar"", ""Entender"", ""Lembrar""]","[""Ensino"", ""Orientação""]","Cursos Regulares Presenciais com Carga Horária a Distância O curso Cursos Regulares Presenciais com Carga Horária a Distância tem como objetivo capacitar profissionais e educadores na elaboração e implementação de projetos pedagógicos de cursos (PPC) que integrem componentes presenciais e a distância, em conformidade com as diretrizes educacionais vigentes. Com uma abordagem teórica, o curso abordará contextualização da modalidade, planejamento de carga horária híbrida, estruturação do PPC e estratégias para implantação eficaz.
Destinado a gestores educacionais, coordenadores de curso, professores e interessados em desenho curricular. Ao final, os participantes estarão aptos a desenvolver PPCs adequados à legislação, alinhar metodologias às necessidades institucionais e implementar cursos com carga horária mista de forma eficiente.
Para conclusão, não há pré-requisitos, mas recomenda-se experiência básica em educação ou gestão acadêmica."
731075c7-f089-4f97-a1c8-33bf8a02ac8c,Metodologias Ativas de Aprendizagem,"O curso tem o objetivo de apresentar os principais conceitos das Metodologias Ativas de Aprendizagem, bem como fornecer subsídios para aplicação de seus principais métodos. ",30,"[""3062277b-4218-4f2b-8645-90ba3651fc52"", ""e4f31519-2fad-4fe8-b476-5da4715a16e9""]","[""Ensino"", ""Orientação""]","[""Planificar e implementar dispositivos e recursos digitais no processo de ensino, de modo a melhorar a eficácia das intervenções pedagógicas. Gerir e orquestrar  adequadamente estratégias de ensino digital. Experimentar e desenvolver novos formatos e métodos pedagógicos para o ensino."", ""Usar tecnologias e serviços digitais para melhorar a interação com os(as) estudantes,individual e coletivamente, dentro e fora da sessão de aprendizagem. Usar tecnologias digitais para proporcionar orientação e assistência oportuna e dirigida. Experimentar e desenvolver novas formas e formatos para oferecer orientação e apoio.""]","[""cac54f5d-834c-499c-bf8d-e549fa3828af""]","[""Ensino e Aprendizagem""]","[""6152c8bb-1632-42f0-9599-919b6bf15ecb"", ""7b16819f-cb8a-406d-9ab9-a335a50143cb"", ""85f646ca-67c5-439c-8cc1-df4fed9e0ae7""]","[""Aplicar"", ""Entender"", ""Lembrar""]","[""Ensino"", ""Orientação""]","Metodologias Ativas de Aprendizagem O curso tem o objetivo de apresentar os principais conceitos das Metodologias Ativas de Aprendizagem, bem como fornecer subsídios para aplicação de seus principais métodos."
73f6f490-f4ed-4644-b8d3-5b947751d9c8,Libras III,"Trata a Libras de forma contextualizada, aproximando-a do seu dia a dia e do contato com o surdo. Abordaremos questões que tenham ênfase na comunicação, em que você terá que utilizar a língua e/ou outras estratégias para conversar com surdos, focando em assuntos que comumente surgem ao longo de um diálogo.",40,"[""45d29970-ecb3-4e4a-b57b-4850c9b6d98f""]","[""Comunicação efetiva""]","[""Estabelecer comunicação efetiva e positiva com superiores hierárquicos, pares e cidadãos, tanto na expressão escrita e verbal quanto corporal.""]","[""4a2cf0b1-98dd-4bff-adc0-898f32e7b857""]","[""Orientação a Resultados""]","[""6152c8bb-1632-42f0-9599-919b6bf15ecb"", ""7b16819f-cb8a-406d-9ab9-a335a50143cb"", ""85f646ca-67c5-439c-8cc1-df4fed9e0ae7""]","[""Aplicar"", ""Entender"", ""Lembrar""]","[""Comunicação efetiva""]","Libras III Trata a Libras de forma contextualizada, aproximando-a do seu dia a dia e do contato com o surdo. Abordaremos questões que tenham ênfase na comunicação, em que você terá que utilizar a língua e/ou outras estratégias para conversar com surdos, focando em assuntos que comumente surgem ao longo de um diálogo."
74fe45e7-774b-4f37-beb8-803fb0892fc2,Recursos Educacionais Abertos,O curso visa possibilitar ao estudante o conhecimento do que são Recursos Educacionais Abertos (REA) e de quais são seus principais repositórios e as vantagens de utilizá-los de modo adequado e ético.,30,"[""3062277b-4218-4f2b-8645-90ba3651fc52"", ""e4f31519-2fad-4fe8-b476-5da4715a16e9""]","[""Ensino"", ""Orientação""]","[""Planificar e implementar dispositivos e recursos digitais no processo de ensino, de modo a melhorar a eficácia das intervenções pedagógicas. Gerir e orquestrar  adequadamente estratégias de ensino digital. Experimentar e desenvolver novos formatos e métodos pedagógicos para o ensino."", ""Usar tecnologias e serviços digitais para melhorar a interação com os(as) estudantes,individual e coletivamente, dentro e fora da sessão de aprendizagem. Usar tecnologias digitais para proporcionar orientação e assistência oportuna e dirigida. Experimentar e desenvolver novas formas e formatos para oferecer orientação e apoio.""]","[""cac54f5d-834c-499c-bf8d-e549fa3828af""]","[""Ensino e Aprendizagem""]","[""6152c8bb-1632-42f0-9599-919b6bf15ecb"", ""7b16819f-cb8a-406d-9ab9-a335a50143cb"", ""85f646ca-67c5-439c-8cc1-df4fed9e0ae7""]","[""Aplicar"", ""Entender"", ""Lembrar""]","[""Ensino"", ""Orientação""]",Recursos Educacionais Abertos O curso visa possibilitar ao estudante o conhecimento do que são Recursos Educacionais Abertos (REA) e de quais são seus principais repositórios e as vantagens de utilizá-los de modo adequado e ético.
775dd45d-a96e-407b-9ea9-34f961b46c4e,Como Criar um MOOC?,"O curso visa orientar professores e demais profissionais interessados a compreender o que são os cursos MOOC, a plataforma de cursos abertos do Ifes, e como criar os cursos MOOC nesta plataforma, desde sua concepção, planejamento, desenvolvimento, implementação até a avaliação.
Conteúdos: 
Introdução ao MOOC.
Processo de criação de um curso MOOC.
Análise (Analysis) - Elaborando o projeto do curso.
Projeto (Design) - Planejando o curso.
Desenvolvimento (Development) - Produzindo o curso.
Implementação (Implement) - Configurando o curso.
Avaliação (Evaluate) - Avaliando o curso.",60,"[""e4f31519-2fad-4fe8-b476-5da4715a16e9""]","[""Ensino""]","[""Planificar e implementar dispositivos e recursos digitais no processo de ensino, de modo a melhorar a eficácia das intervenções pedagógicas. Gerir e orquestrar  adequadamente estratégias de ensino digital. Experimentar e desenvolver novos formatos e métodos pedagógicos para o ensino.""]","[""cac54f5d-834c-499c-bf8d-e549fa3828af""]","[""Ensino e Aprendizagem""]","[""6152c8bb-1632-42f0-9599-919b6bf15ecb"", ""85f646ca-67c5-439c-8cc1-df4fed9e0ae7"", ""dcd7e78d-25ed-4a16-9229-39773b4f6b3d""]","[""Analisar"", ""Entender"", ""Lembrar""]","[""Ensino""]","Como Criar um MOOC? O curso visa orientar professores e demais profissionais interessados a compreender o que são os cursos MOOC, a plataforma de cursos abertos do Ifes, e como criar os cursos MOOC nesta plataforma, desde sua concepção, planejamento, desenvolvimento, implementação até a avaliação.
Conteúdos: 
Introdução ao MOOC.
Processo de criação de um curso MOOC.
Análise (Analysis) - Elaborando o projeto do curso.
Projeto (Design) - Planejando o curso.
Desenvolvimento (Development) - Produzindo o curso.
Implementação (Implement) - Configurando o curso.
Avaliação (Evaluate) - Avaliando o curso."
77dba24b-1de0-43e7-b6f0-61514876b051,Libras: compreensão básica,"Introdução ao estudo da Libras; Datilologia e números; Saudações e calendário; Pronomes e pessoas; Casa e objetos; Cores e alimentos; Roupas, ambiente educacional e lugares; Verbos; e Classificadores e derivação.",90,"[""161fd267-d68a-4f88-925c-8082f17fb8b2"", ""bf6ee8ab-b64b-48fb-ad5a-738548fc2302""]","[""Acessibilidade e inclusão - Docente"", ""Diferenciação e personalização""]","["" \n \t\nUsar tecnologias digitais para atender às diversas necessidades de aprendizagem dos(as) estudantes, permitindo que estes progridam a diferentes níveis e velocidades e sigam caminhos e objetivos de aprendizagem individuais."", ""Garantir acessibilidade a recursos e atividades de aprendizagem para todos os(as) estudantes, incluindo os que têm necessidades especiais. Ter em consideração e dar resposta às expetativas, capacidades, usos e conceções errôneas (digitais) dos(as) estudantes, bem como ao uso contextual, físico e cognitivo que fazem das tecnologias digitais.""]","[""c7be7c48-c417-4dec-b203-34ddedba7507""]","[""Capacitação dos(as) Estudantes""]","[""6152c8bb-1632-42f0-9599-919b6bf15ecb"", ""7b16819f-cb8a-406d-9ab9-a335a50143cb"", ""85f646ca-67c5-439c-8cc1-df4fed9e0ae7""]","[""Aplicar"", ""Entender"", ""Lembrar""]","[""Acessibilidade e inclusão - Docente"", ""Diferenciação e personalização""]","Libras: compreensão básica Introdução ao estudo da Libras; Datilologia e números; Saudações e calendário; Pronomes e pessoas; Casa e objetos; Cores e alimentos; Roupas, ambiente educacional e lugares; Verbos; e Classificadores e derivação."
78d530ac-3db2-44b1-97ee-f87030fb2484,Libras para interpretação,Um convite para aprender sobre a Interpretação e Libras através de exemplos práticos e contextos variados.,40,"[""45d29970-ecb3-4e4a-b57b-4850c9b6d98f""]","[""Comunicação efetiva""]","[""Estabelecer comunicação efetiva e positiva com superiores hierárquicos, pares e cidadãos, tanto na expressão escrita e verbal quanto corporal.""]","[""4a2cf0b1-98dd-4bff-adc0-898f32e7b857""]","[""Orientação a Resultados""]","[""6152c8bb-1632-42f0-9599-919b6bf15ecb"", ""7b16819f-cb8a-406d-9ab9-a335a50143cb"", ""85f646ca-67c5-439c-8cc1-df4fed9e0ae7""]","[""Aplicar"", ""Entender"", ""Lembrar""]","[""Comunicação efetiva""]",Libras para interpretação Um convite para aprender sobre a Interpretação e Libras através de exemplos práticos e contextos variados.
7ab7c22a-548d-4c57-92d4-36d1297ed9cd,"Alfabetização, Letramento e Tecnologias Digitais","O curso trata da alfabetização na perspectiva do letramento, à luz da Pedagogia Histórico-Crítica, incluindo uma análise sobre letramento digital dos professores alfabetizadores.",60,"[""30db1816-b75d-4364-855e-f1d09b0b6016""]","[""Prática reflexiva""]","[""Refletir individualmente e coletivamente, avaliar criticamente e desenvolver ativamente sua prática pedagógica digital e a da sua comunidade educativa.""]","[""690c731c-31f8-46f6-94f6-94d952223a08""]","[""Envolvimento Profissional""]","[""6152c8bb-1632-42f0-9599-919b6bf15ecb"", ""85f646ca-67c5-439c-8cc1-df4fed9e0ae7""]","[""Entender"", ""Lembrar""]","[""Prática reflexiva""]","Alfabetização, Letramento e Tecnologias Digitais O curso trata da alfabetização na perspectiva do letramento, à luz da Pedagogia Histórico-Crítica, incluindo uma análise sobre letramento digital dos professores alfabetizadores."
7c2b03a1-800c-4e0c-ad0b-72511e6b0242,Aspectos legais da Inclusão,"Neste curso imergimos no universo dos instrumentos legais que conduzem, ratificam e alicerçam as Políticas Educacionais Inclusivas, tanto no panorama internacional quanto nacional, assim como no contexto da Educação Profissional Tecnológica e no Ensino Superior.
Módulo 1 - Aspectos legais da Inclusão
Unidade 1: O percurso histórico: da segregação à inclusão.
Unidade 2: A educação inclusiva - documentos internacionais.
Unidade 3: Marcos Normativos e Históricos da Educação Especial e Inclusiva no Brasil.
Unidade 4: Educação inclusiva: O que é? Para quem?
Unidade 5: Decreto Nº 7611/2011.

Módulo 2 - Educação inclusiva nos diferentes níveis
Unidade 1: O que é o Atendimento Educacional Especializado (AEE)
Unidade 2: AEE para quem? E quem faz?
Unidade 3: Flexibilizações e Adaptações curriculares: mudanças na organização pedagógica da escola.
Unidade 4: Contexto da Educação profissional e Tecnológica e do Ensino superior.
Unidade 5: Formação de professores para a escola inclusiva.",20,"[""161fd267-d68a-4f88-925c-8082f17fb8b2"", ""6815ce74-37f5-40d0-ac92-285d0c126ee9""]","[""Acessibilidade e inclusão - Docente"", ""Promoção da Inclusão e Acessibilidade""]","[""Garantir acessibilidade a recursos e atividades de aprendizagem para todos os(as) estudantes, incluindo os que têm necessidades especiais. Ter em consideração e dar resposta às expetativas, capacidades, usos e conceções errôneas (digitais) dos(as) estudantes, bem como ao uso contextual, físico e cognitivo que fazem das tecnologias digitais."", ""Planejar, implementar e/ou monitorar políticas institucionais, educacionais e administrativas que garantam a inclusão de pessoas com deficiência, assegurando o cumprimento da legislação vigente, especialmente a Lei Brasileira de Inclusão (LBI). Além disso, prestar atendimento adequado, promovendo ambientes e práticas acessíveis, equitativos e livres de barreiras físicas, tecnológicas, pedagógicas, comunicacionais e atitudinais.""]","[""27ccdc3f-64d6-4748-960b-171e9c804d23"", ""c7be7c48-c417-4dec-b203-34ddedba7507""]","[""Capacitação dos(as) Estudantes"", ""Transversais""]","[""6152c8bb-1632-42f0-9599-919b6bf15ecb"", ""dcd7e78d-25ed-4a16-9229-39773b4f6b3d"", ""e10b37a4-2e66-4a5b-bd09-815dc7a45fff""]","[""Analisar"", ""Avaliar"", ""Entender""]","[""Acessibilidade e inclusão - Docente"", ""Promoção da Inclusão e Acessibilidade""]","Aspectos legais da Inclusão Neste curso imergimos no universo dos instrumentos legais que conduzem, ratificam e alicerçam as Políticas Educacionais Inclusivas, tanto no panorama internacional quanto nacional, assim como no contexto da Educação Profissional Tecnológica e no Ensino Superior.
Módulo 1 - Aspectos legais da Inclusão
Unidade 1: O percurso histórico: da segregação à inclusão.
Unidade 2: A educação inclusiva - documentos internacionais.
Unidade 3: Marcos Normativos e Históricos da Educação Especial e Inclusiva no Brasil.
Unidade 4: Educação inclusiva: O que é? Para quem?
Unidade 5: Decreto Nº 7611/2011.

Módulo 2 - Educação inclusiva nos diferentes níveis
Unidade 1: O que é o Atendimento Educacional Especializado (AEE)
Unidade 2: AEE para quem? E quem faz?
Unidade 3: Flexibilizações e Adaptações curriculares: mudanças na organização pedagógica da escola.
Unidade 4: Contexto da Educação profissional e Tecnológica e do Ensino superior.
Unidade 5: Formação de professores para a escola inclusiva."
7c8b5c40-e5fb-4782-8c90-e1f6ebe7be7b,Possibilidades para a fabricação digital de recursos de Tecnologia Assistiva de Baixo Custo na educação,"O objetivo dessa formação é apresentar conceitos essenciais sobre movimento maker e fabricação digital, descrevendo possibilidades de seu uso para a prototipagem de recursos de Tecnologia Assistiva de Baixo Custo na educação.",40,"[""161fd267-d68a-4f88-925c-8082f17fb8b2"", ""bf6ee8ab-b64b-48fb-ad5a-738548fc2302""]","[""Acessibilidade e inclusão - Docente"", ""Diferenciação e personalização""]","["" \n \t\nUsar tecnologias digitais para atender às diversas necessidades de aprendizagem dos(as) estudantes, permitindo que estes progridam a diferentes níveis e velocidades e sigam caminhos e objetivos de aprendizagem individuais."", ""Garantir acessibilidade a recursos e atividades de aprendizagem para todos os(as) estudantes, incluindo os que têm necessidades especiais. Ter em consideração e dar resposta às expetativas, capacidades, usos e conceções errôneas (digitais) dos(as) estudantes, bem como ao uso contextual, físico e cognitivo que fazem das tecnologias digitais.""]","[""c7be7c48-c417-4dec-b203-34ddedba7507""]","[""Capacitação dos(as) Estudantes""]","[""6152c8bb-1632-42f0-9599-919b6bf15ecb"", ""7b16819f-cb8a-406d-9ab9-a335a50143cb"", ""85f646ca-67c5-439c-8cc1-df4fed9e0ae7""]","[""Aplicar"", ""Entender"", ""Lembrar""]","[""Acessibilidade e inclusão - Docente"", ""Diferenciação e personalização""]","Possibilidades para a fabricação digital de recursos de Tecnologia Assistiva de Baixo Custo na educação O objetivo dessa formação é apresentar conceitos essenciais sobre movimento maker e fabricação digital, descrevendo possibilidades de seu uso para a prototipagem de recursos de Tecnologia Assistiva de Baixo Custo na educação."
7da0aebb-e114-410f-aa76-2c1878f6ee3c,Edição de Videoaulas Chave de i,"O curso Edição de Videoaulas Chave de i tem como objetivo capacitar os participantes nos fundamentos e técnicas de edição audiovisual, com foco na criação de videoaulas dinâmicas e profissionais. Com uma abordagem prática, o curso abordará os princípios da edição, ferramentas essenciais, recursos de finalização e publicação de videoaulas online. Destinado a estudantes, educadores e interessados em produção audiovisual. Ao final, os participantes estarão aptos a editar e finalizar videoaulas com qualidade, aplicando técnicas de cortes, transições, inserção de elementos visuais e adaptação do material para plataformas digitais. Para conclusão, recomenda-se conhecimentos básicos de gravação de vídeos, conforme abordado no curso de Produção de Videoaulas, mas não é obrigatório.",40,"[""84b2a6b0-c670-4a34-a04f-594a0b4c1d4a"", ""8f9fe3a9-ae88-46cc-a823-6a92c28243f2""]","[""Criação de conteúdo digital"", ""Criação e modificação""]","[""Incorporar atividades, tarefas e avaliações de aprendizagem que requeiram que os(as) estudantes se expressem através de meios digitais, modifiquem e criem conteúdo digital em diferentes formatos. Ensinar aos(às) estudantes como os direitos de autor e as licenças se aplicam ao conteúdo digital, como referenciar fontes e atribuir licenças."", ""Modificar e desenvolver recursos existentes com licença aberta e outros recursos onde tal é permitido. Criar ou cocriar novos recursos educacionais digitais. Ter em\nconsideração o objetivo específico de aprendizagem, o contexto, a abordagem pedagógica e o grupo de estudantes, ao selecionar recursos digitais e planificar a sua utilização.""]","[""05ac4a5c-019d-4ec7-83cc-12ca141322fa"", ""5a224ac7-f165-4900-971c-f82f2684f779""]","[""Promoção da Competência Digital dos(as) Estudantes"", ""Recursos Digitais""]","[""6152c8bb-1632-42f0-9599-919b6bf15ecb"", ""7b16819f-cb8a-406d-9ab9-a335a50143cb"", ""85f646ca-67c5-439c-8cc1-df4fed9e0ae7""]","[""Aplicar"", ""Entender"", ""Lembrar""]","[""Criação de conteúdo digital"", ""Criação e modificação""]","Edição de Videoaulas Chave de i O curso Edição de Videoaulas Chave de i tem como objetivo capacitar os participantes nos fundamentos e técnicas de edição audiovisual, com foco na criação de videoaulas dinâmicas e profissionais. Com uma abordagem prática, o curso abordará os princípios da edição, ferramentas essenciais, recursos de finalização e publicação de videoaulas online. Destinado a estudantes, educadores e interessados em produção audiovisual. Ao final, os participantes estarão aptos a editar e finalizar videoaulas com qualidade, aplicando técnicas de cortes, transições, inserção de elementos visuais e adaptação do material para plataformas digitais. Para conclusão, recomenda-se conhecimentos básicos de gravação de vídeos, conforme abordado no curso de Produção de Videoaulas, mas não é obrigatório."
7e1a57e3-6c91-48f2-8924-2a1e814c49b3,Educação Profissional e o Novo Ensino Médio,"O curso Educação Profissional e o Novo Ensino Médio tem como objetivo capacitar educadores, gestores e profissionais da área pedagógica a compreender e implementar as mudanças trazidas pelo Novo Ensino Médio, com foco na integração entre formação geral e educação profissional. Com uma abordagem teórica, o curso abordará as bases legais e estrutura do Novo Ensino Médio, os itinerários formativos, a articulação entre educação profissional e ensino médio, e estratégias para o desenvolvimento de competências socioemocionais e técnicas.
Destinado a professores, coordenadores pedagógicos, diretores escolares e profissionais envolvidos na reformulação do ensino médio. Ao final, os participantes estarão aptos a elaborar propostas pedagógicas alinhadas ao Novo Ensino Médio, orientar estudantes na escolha de itinerários formativos e promover uma educação mais flexível e conectada ao mundo do trabalho.
Para conclusão, não há pré-requisitos formais, mas recomenda-se experiência ou interesse em educação básica e políticas educacionais.",25,"[""3062277b-4218-4f2b-8645-90ba3651fc52"", ""e4f31519-2fad-4fe8-b476-5da4715a16e9""]","[""Ensino"", ""Orientação""]","[""Planificar e implementar dispositivos e recursos digitais no processo de ensino, de modo a melhorar a eficácia das intervenções pedagógicas. Gerir e orquestrar  adequadamente estratégias de ensino digital. Experimentar e desenvolver novos formatos e métodos pedagógicos para o ensino."", ""Usar tecnologias e serviços digitais para melhorar a interação com os(as) estudantes,individual e coletivamente, dentro e fora da sessão de aprendizagem. Usar tecnologias digitais para proporcionar orientação e assistência oportuna e dirigida. Experimentar e desenvolver novas formas e formatos para oferecer orientação e apoio.""]","[""cac54f5d-834c-499c-bf8d-e549fa3828af""]","[""Ensino e Aprendizagem""]","[""6152c8bb-1632-42f0-9599-919b6bf15ecb"", ""7b16819f-cb8a-406d-9ab9-a335a50143cb"", ""85f646ca-67c5-439c-8cc1-df4fed9e0ae7""]","[""Aplicar"", ""Entender"", ""Lembrar""]","[""Ensino"", ""Orientação""]","Educação Profissional e o Novo Ensino Médio O curso Educação Profissional e o Novo Ensino Médio tem como objetivo capacitar educadores, gestores e profissionais da área pedagógica a compreender e implementar as mudanças trazidas pelo Novo Ensino Médio, com foco na integração entre formação geral e educação profissional. Com uma abordagem teórica, o curso abordará as bases legais e estrutura do Novo Ensino Médio, os itinerários formativos, a articulação entre educação profissional e ensino médio, e estratégias para o desenvolvimento de competências socioemocionais e técnicas.
Destinado a professores, coordenadores pedagógicos, diretores escolares e profissionais envolvidos na reformulação do ensino médio. Ao final, os participantes estarão aptos a elaborar propostas pedagógicas alinhadas ao Novo Ensino Médio, orientar estudantes na escolha de itinerários formativos e promover uma educação mais flexível e conectada ao mundo do trabalho.
Para conclusão, não há pré-requisitos formais, mas recomenda-se experiência ou interesse em educação básica e políticas educacionais."
7e389c1d-5215-401e-baa8-2f1a976c520d,Conhecer para incluir: TEA no contexto escolar,"Este curso introdutório aborda o Transtorno do Espectro Autista (TEA) em uma perspectiva histórica e conceitual, incluindo etiologia, mitos e terapias. A formação explora os conceitos de inclusão e práticas educativas inclusivas para pessoas com autismo no ambiente escolar.
Carga-horária: 20 horas
Público-alvo: Interessados em aprender conceitos sobre o TEA na perspectiva da Educação Inclusiva.
Conclusão do curso: O prazo para conclusão do curso é até 17 de dezembro de 2025.
Certificação: O certificado estará disponível a partir de 4 dias da data de inscrição.
Nível: Básico",20,"[""161fd267-d68a-4f88-925c-8082f17fb8b2"", ""bf6ee8ab-b64b-48fb-ad5a-738548fc2302""]","[""Acessibilidade e inclusão - Docente"", ""Diferenciação e personalização""]","["" \n \t\nUsar tecnologias digitais para atender às diversas necessidades de aprendizagem dos(as) estudantes, permitindo que estes progridam a diferentes níveis e velocidades e sigam caminhos e objetivos de aprendizagem individuais."", ""Garantir acessibilidade a recursos e atividades de aprendizagem para todos os(as) estudantes, incluindo os que têm necessidades especiais. Ter em consideração e dar resposta às expetativas, capacidades, usos e conceções errôneas (digitais) dos(as) estudantes, bem como ao uso contextual, físico e cognitivo que fazem das tecnologias digitais.""]","[""c7be7c48-c417-4dec-b203-34ddedba7507""]","[""Capacitação dos(as) Estudantes""]","[""6152c8bb-1632-42f0-9599-919b6bf15ecb"", ""85f646ca-67c5-439c-8cc1-df4fed9e0ae7""]","[""Entender"", ""Lembrar""]","[""Acessibilidade e inclusão - Docente"", ""Diferenciação e personalização""]","Conhecer para incluir: TEA no contexto escolar Este curso introdutório aborda o Transtorno do Espectro Autista (TEA) em uma perspectiva histórica e conceitual, incluindo etiologia, mitos e terapias. A formação explora os conceitos de inclusão e práticas educativas inclusivas para pessoas com autismo no ambiente escolar.
Carga-horária: 20 horas
Público-alvo: Interessados em aprender conceitos sobre o TEA na perspectiva da Educação Inclusiva.
Conclusão do curso: O prazo para conclusão do curso é até 17 de dezembro de 2025.
Certificação: O certificado estará disponível a partir de 4 dias da data de inscrição.
Nível: Básico"
7e9f4d46-b131-40dc-8556-e2cae8f0788e,Planejamento Estratégico para Organizações Públicas,"Você sabe como uma organização plaforedu_schema_deva funciona? Para ajudar no entendimento desse tema este curso busca apresentar os processos de planejamento estratégico aplicados a essas organizações, demonstrando, desde como analisar o contexto externo e interno da organização, até como alcançar as metas da mesma, tendo como referência as práticas e as ferramentas orientadas para a Administração Pública Federal.
",25,"[""0accb9d5-dbd1-483f-ab2a-ee0ca1c22de4"", ""4c081af1-b613-4465-b989-2a4b09d76e0e"", ""c2ec6e9a-e945-4168-b151-408d1f929935""]","[""Gestão para resultados"", ""Planejamento"", ""Visão estratégica""]","[""Compreender o ambiente político e a as tendências que interferem no estado de coisas; antecipar problemas e oportunidades a médio e longo prazo para a área responsável a fim de que a gestão identifique a alternativa mais adequada a cada situação presente ou eventual, comunicando à equipe a lógica das decisões diretivas."", ""Identificar problemas prioritários e oportunidades de sua unidade para projetar planos, programas ou projetos que prefixam objetivos, atividades, recursos, custos, cronogramas, responsáveis e indicadores de progresso, resultados e impacto.""]","[""2537d1c9-05a8-469c-9f2e-39ca7a5ca85e"", ""27ccdc3f-64d6-4748-960b-171e9c804d23"", ""2ee0fd18-5e3b-4fa1-b293-5b39634f0430"", ""7d566976-b00c-4aa7-aa67-d94656c8db8c"", ""b47333be-1c80-40a9-a93d-9bbc4d7e4677""]","[""Competência de Liderança - Estratégia"", ""Competências de Liderança - Resultados"", ""Gestão de Mudanças"", ""Gestão de Resultados"", ""Transversais""]","[""0f4140d5-313e-48ae-a953-f88e8e798a29"", ""6152c8bb-1632-42f0-9599-919b6bf15ecb"", ""dcd7e78d-25ed-4a16-9229-39773b4f6b3d""]","[""Analisar"", ""Criar"", ""Entender""]","[""Gestão para resultados"", ""Planejamento"", ""Visão estratégica""]","Planejamento Estratégico para Organizações Públicas Você sabe como uma organização plaforedu_schema_deva funciona? Para ajudar no entendimento desse tema este curso busca apresentar os processos de planejamento estratégico aplicados a essas organizações, demonstrando, desde como analisar o contexto externo e interno da organização, até como alcançar as metas da mesma, tendo como referência as práticas e as ferramentas orientadas para a Administração Pública Federal."
7ed55854-9ef5-4561-bd90-bb7824055385,Governança de dados,"Em tempo de economia digital, onde o volume de dados produzidos é imenso, as instituições precisam lidar com este cenário a fim de disponibilizar a informação correta em tempo hábil para a tomada de decisões. A boa governança de dados é o caminho para superar este desafio! Inscreva-se e conheça os fundamentos relacionados à importância da governança de dados especialmente na Administração Pública Federal.
Público Alvo:
Servidores públicos de qualquer esfera e Poder, principalmente aqueles que atuam em áreas correlatas à governança, gestão e o gerenciamento de dados. Curso aberto, gratuito e com certificado, qualquer pessoa pode se inscrever.
Conteúdo Programático:
Módulo 1 - Contexto da Governança de Dados na Administração Pública
Módulo 2 - Princípios, importância e desafios do Gerenciamento de Dados
Módulo 3 - Gestão inteligente de Dados
Módulo 4 - Gerenciamento de Metadados e da Qualidade dos Dados",30,"[""20e05dca-55d6-4609-ade9-a774c1362b62"", ""4667ae96-35b0-435a-87f5-e21af9c1086d"", ""e6401337-5058-40be-b0d3-b28d487e43d3""]","[""Mentalidade Digital"", ""Resolução de problemas com base em dados"", ""Visão Sistêmica""]","[""Capacidade de idear soluções inovadoras e efetivas para problemas de baixa, média ou elevada complexidade com a utilização de dados (numéricos e não numéricos) e evidências que aumentem a precisão e viabilidade das soluções."", ""Capacidade de identificar os principais marcos institucionais e as tendências sociais, políticas e econômicas nos cenários local, regional, nacional e internacional. Marcos esses que podem impactar os processos decisórios e a gestão de programas e projetos no âmbito do setor público."", ""Capacidade de integrar as tecnologias digitais com: os modelos de gestão; os processos de tomada de decisão e geração de produtos e serviços; e os\nmeios de comunicação interna, externa e de relacionamento com usuários.""]","[""27ccdc3f-64d6-4748-960b-171e9c804d23""]","[""Transversais""]","[""6152c8bb-1632-42f0-9599-919b6bf15ecb"", ""dcd7e78d-25ed-4a16-9229-39773b4f6b3d""]","[""Analisar"", ""Entender""]","[""Mentalidade Digital"", ""Resolução de problemas com base em dados"", ""Visão Sistêmica""]","Governança de dados Em tempo de economia digital, onde o volume de dados produzidos é imenso, as instituições precisam lidar com este cenário a fim de disponibilizar a informação correta em tempo hábil para a tomada de decisões. A boa governança de dados é o caminho para superar este desafio! Inscreva-se e conheça os fundamentos relacionados à importância da governança de dados especialmente na Administração Pública Federal.
Público Alvo:
Servidores públicos de qualquer esfera e Poder, principalmente aqueles que atuam em áreas correlatas à governança, gestão e o gerenciamento de dados. Curso aberto, gratuito e com certificado, qualquer pessoa pode se inscrever.
Conteúdo Programático:
Módulo 1 - Contexto da Governança de Dados na Administração Pública
Módulo 2 - Princípios, importância e desafios do Gerenciamento de Dados
Módulo 3 - Gestão inteligente de Dados
Módulo 4 - Gerenciamento de Metadados e da Qualidade dos Dados"
7fa3ac5d-0518-404d-a62b-223285829106,Edição de Videoaulas,"O curso Edição de Videoaulas tem como objetivo capacitar educadores, produtores de conteúdo e profissionais de EaD a dominar as técnicas de edição audiovisual para criar videoaulas profissionais e engajadoras. Com uma abordagem predominantemente prática, o curso abordará:
Fundamentos da edição de vídeos educacionais
Fluxo de trabalho em editores profissionais (como Adobe Premiere, DaVinci Resolve ou similares)
Técnicas de corte, transição e ritmo narrativo
Inserção de elementos gráficos, legendas e efeitos
Padronização e finalização para publicação online
Destinado a professores, tutores EaD, youtubers educacionais e produtores de conteúdo, 
Ao final do curso, os participantes estarão aptos a:
Editar videoaulas com qualidade profissional
Aplicar técnicas de narrativa audiovisual na educação
Otimizar vídeos para diferentes plataformas de aprendizagem
Solucionar problemas comuns na pós-produção
Pré-requisitos:
Conhecimento básico em produção de videoaulas (equivalente ao curso anterior)
Acesso a computador com software de edição de vídeo
Diferenciais do curso:
Foco específico em videoaulas (não apenas edição genérica)
Abordagem de softwares profissionais com versões gratuitas
Ênfase na didática audiovisual
Certificação reconhecida na área educacional.",40,"[""b64634ab-e0ca-42a8-a95d-b8670598488b""]","[""Aprendizagem autorregulada""]","[""Usar tecnologias digitais para apoiar a aprendizagem autorregulada dos(as) estudantes, isto é, permitir que planejem, acompanhem e reflitam sobre a sua própria\naprendizagem, forneçam evidências de progresso, compartilhem ideias e encontrem soluções criativas.\n""]","[""cac54f5d-834c-499c-bf8d-e549fa3828af""]","[""Ensino e Aprendizagem""]","[""6152c8bb-1632-42f0-9599-919b6bf15ecb"", ""7b16819f-cb8a-406d-9ab9-a335a50143cb"", ""85f646ca-67c5-439c-8cc1-df4fed9e0ae7""]","[""Aplicar"", ""Entender"", ""Lembrar""]","[""Aprendizagem autorregulada""]","Edição de Videoaulas O curso Edição de Videoaulas tem como objetivo capacitar educadores, produtores de conteúdo e profissionais de EaD a dominar as técnicas de edição audiovisual para criar videoaulas profissionais e engajadoras. Com uma abordagem predominantemente prática, o curso abordará:
Fundamentos da edição de vídeos educacionais
Fluxo de trabalho em editores profissionais (como Adobe Premiere, DaVinci Resolve ou similares)
Técnicas de corte, transição e ritmo narrativo
Inserção de elementos gráficos, legendas e efeitos
Padronização e finalização para publicação online
Destinado a professores, tutores EaD, youtubers educacionais e produtores de conteúdo, 
Ao final do curso, os participantes estarão aptos a:
Editar videoaulas com qualidade profissional
Aplicar técnicas de narrativa audiovisual na educação
Otimizar vídeos para diferentes plataformas de aprendizagem
Solucionar problemas comuns na pós-produção
Pré-requisitos:
Conhecimento básico em produção de videoaulas (equivalente ao curso anterior)
Acesso a computador com software de edição de vídeo
Diferenciais do curso:
Foco específico em videoaulas (não apenas edição genérica)
Abordagem de softwares profissionais com versões gratuitas
Ênfase na didática audiovisual
Certificação reconhecida na área educacional."
7fe09bd7-8e9f-4f02-a8fd-5e436113db59,Libras,"Este curso oportuniza o aprendizado da Língua Brasileira de Sinais de forma contextualizada, a fim de auxiliá-lo na aquisição de vocabulário básico para utilizá-lo, adequadamente, na interação comunicativa com pessoas surdas.",60,"[""161fd267-d68a-4f88-925c-8082f17fb8b2"", ""bf6ee8ab-b64b-48fb-ad5a-738548fc2302""]","[""Acessibilidade e inclusão - Docente"", ""Diferenciação e personalização""]","["" \n \t\nUsar tecnologias digitais para atender às diversas necessidades de aprendizagem dos(as) estudantes, permitindo que estes progridam a diferentes níveis e velocidades e sigam caminhos e objetivos de aprendizagem individuais."", ""Garantir acessibilidade a recursos e atividades de aprendizagem para todos os(as) estudantes, incluindo os que têm necessidades especiais. Ter em consideração e dar resposta às expetativas, capacidades, usos e conceções errôneas (digitais) dos(as) estudantes, bem como ao uso contextual, físico e cognitivo que fazem das tecnologias digitais.""]","[""c7be7c48-c417-4dec-b203-34ddedba7507""]","[""Capacitação dos(as) Estudantes""]","[""6152c8bb-1632-42f0-9599-919b6bf15ecb"", ""7b16819f-cb8a-406d-9ab9-a335a50143cb"", ""85f646ca-67c5-439c-8cc1-df4fed9e0ae7""]","[""Aplicar"", ""Entender"", ""Lembrar""]","[""Acessibilidade e inclusão - Docente"", ""Diferenciação e personalização""]","Libras Este curso oportuniza o aprendizado da Língua Brasileira de Sinais de forma contextualizada, a fim de auxiliá-lo na aquisição de vocabulário básico para utilizá-lo, adequadamente, na interação comunicativa com pessoas surdas."
80025e18-b913-4f35-8f46-da42eff37c37,Introdução a Gestão de Projetos,"Este curso foi feito com o objetivo de apresentar os conceitos fundamentais referentes ao tema gestão de projetos, com destaque para a definição e caracterização do termo “projeto” e da apresentação do ciclo de vida dos projetos e das dez áreas do conhecimento, definidas pelo Project Management Institute (PMI), instituição internacional que se dedica ao estudo e à disseminação dos melhores métodos e técnicas de gerenciamento de projetos.

Objetivos gerais:
Apresentar os conceitos da gestão de projetos com o intuito de apoiar uma melhor organização, de forma consciente a estruturada, dos processos sociais e profissionais para os participantes do curso.

Objetivos específicos:
Os conceitos de gestão aplicadas à projetos que serão apresentadas terão como objetivos específicos, desenvolver nos participantes habilidades de utilizarem melhores práticas relacionadas à:
·       Apresentar os conceitos fundamentais referentes ao tema gestão de projetos.
·       Elaboração de metodologias de gestão de projetos.
·       Realizar trabalhos que envolvem gestão de pessoas, prazos, recursos e escopo.
·       Desenvolver estratégias mais completas.
·       Solucionar problemas mais complexos nas áreas administrativa, financeira, comercial, entre outras.",30,"[""0accb9d5-dbd1-483f-ab2a-ee0ca1c22de4"", ""f3b6f7b4-9434-4fd4-a2af-5ce9bb4b2743""]","[""Contribuição técnico-profissional"", ""Planejamento""]","[""Disponibilizar à Administração seu conhecimento profissional específico e suas experiências anteriores, gerenciando a  atualização de seus conhecimentos especializados."", ""Identificar problemas prioritários e oportunidades de sua unidade para projetar planos, programas ou projetos que prefixam objetivos, atividades, recursos, custos, cronogramas, responsáveis e indicadores de progresso, resultados e impacto.""]","[""4a2cf0b1-98dd-4bff-adc0-898f32e7b857"", ""b47333be-1c80-40a9-a93d-9bbc4d7e4677""]","[""Gestão de Resultados"", ""Orientação a Resultados""]","[""6152c8bb-1632-42f0-9599-919b6bf15ecb"", ""85f646ca-67c5-439c-8cc1-df4fed9e0ae7"", ""dcd7e78d-25ed-4a16-9229-39773b4f6b3d""]","[""Analisar"", ""Entender"", ""Lembrar""]","[""Contribuição técnico-profissional"", ""Planejamento""]","Introdução a Gestão de Projetos Este curso foi feito com o objetivo de apresentar os conceitos fundamentais referentes ao tema gestão de projetos, com destaque para a definição e caracterização do termo “projeto” e da apresentação do ciclo de vida dos projetos e das dez áreas do conhecimento, definidas pelo Project Management Institute (PMI), instituição internacional que se dedica ao estudo e à disseminação dos melhores métodos e técnicas de gerenciamento de projetos.

Objetivos gerais:
Apresentar os conceitos da gestão de projetos com o intuito de apoiar uma melhor organização, de forma consciente a estruturada, dos processos sociais e profissionais para os participantes do curso.

Objetivos específicos:
Os conceitos de gestão aplicadas à projetos que serão apresentadas terão como objetivos específicos, desenvolver nos participantes habilidades de utilizarem melhores práticas relacionadas à:
·       Apresentar os conceitos fundamentais referentes ao tema gestão de projetos.
·       Elaboração de metodologias de gestão de projetos.
·       Realizar trabalhos que envolvem gestão de pessoas, prazos, recursos e escopo.
·       Desenvolver estratégias mais completas.
·       Solucionar problemas mais complexos nas áreas administrativa, financeira, comercial, entre outras."
81314f17-acf2-48b6-8eb8-dbb86642dbe7,Cursos Online Abertos e Massivos: teoria e prática,"O curso Cursos Online Abertos e Massivos: teoria e prática tem como objetivo capacitar profissionais e educadores para compreender, desenvolver e implementar MOOCs (Massive Open Online Courses), integrando fundamentos teóricos e aplicações práticas. Com uma abordagem teórica, o curso abordará a contextualização dos MOOCs, o funcionamento de plataformas digitais, estratégias de design instrucional e a experiência do IFRS na produção desses cursos.
Destinado a professores, designers educacionais, gestores de EaD e interessados em educação digital,  Ao final, os participantes estarão aptos a planejar, estruturar e disponibilizar cursos online massivos, alinhados às melhores práticas de educação aberta e acessível.
Para conclusão, não há pré-requisitos obrigatórios, mas recomenda-se familiaridade com conceitos básicos de educação a distância e ferramentas digitais.",30,"[""3062277b-4218-4f2b-8645-90ba3651fc52"", ""e4f31519-2fad-4fe8-b476-5da4715a16e9""]","[""Ensino"", ""Orientação""]","[""Planificar e implementar dispositivos e recursos digitais no processo de ensino, de modo a melhorar a eficácia das intervenções pedagógicas. Gerir e orquestrar  adequadamente estratégias de ensino digital. Experimentar e desenvolver novos formatos e métodos pedagógicos para o ensino."", ""Usar tecnologias e serviços digitais para melhorar a interação com os(as) estudantes,individual e coletivamente, dentro e fora da sessão de aprendizagem. Usar tecnologias digitais para proporcionar orientação e assistência oportuna e dirigida. Experimentar e desenvolver novas formas e formatos para oferecer orientação e apoio.""]","[""cac54f5d-834c-499c-bf8d-e549fa3828af""]","[""Ensino e Aprendizagem""]","[""6152c8bb-1632-42f0-9599-919b6bf15ecb"", ""7b16819f-cb8a-406d-9ab9-a335a50143cb"", ""85f646ca-67c5-439c-8cc1-df4fed9e0ae7""]","[""Aplicar"", ""Entender"", ""Lembrar""]","[""Ensino"", ""Orientação""]","Cursos Online Abertos e Massivos: teoria e prática O curso Cursos Online Abertos e Massivos: teoria e prática tem como objetivo capacitar profissionais e educadores para compreender, desenvolver e implementar MOOCs (Massive Open Online Courses), integrando fundamentos teóricos e aplicações práticas. Com uma abordagem teórica, o curso abordará a contextualização dos MOOCs, o funcionamento de plataformas digitais, estratégias de design instrucional e a experiência do IFRS na produção desses cursos.
Destinado a professores, designers educacionais, gestores de EaD e interessados em educação digital,  Ao final, os participantes estarão aptos a planejar, estruturar e disponibilizar cursos online massivos, alinhados às melhores práticas de educação aberta e acessível.
Para conclusão, não há pré-requisitos obrigatórios, mas recomenda-se familiaridade com conceitos básicos de educação a distância e ferramentas digitais."
8148d515-1fec-4ad9-9c49-c7ab59e3892c,Produção de Videoaulas com Celulares,"O curso aborda, de forma integrada, teoria e prática na produção de videoaulas.",20,"[""84b2a6b0-c670-4a34-a04f-594a0b4c1d4a"", ""8f9fe3a9-ae88-46cc-a823-6a92c28243f2""]","[""Criação de conteúdo digital"", ""Criação e modificação""]","[""Incorporar atividades, tarefas e avaliações de aprendizagem que requeiram que os(as) estudantes se expressem através de meios digitais, modifiquem e criem conteúdo digital em diferentes formatos. Ensinar aos(às) estudantes como os direitos de autor e as licenças se aplicam ao conteúdo digital, como referenciar fontes e atribuir licenças."", ""Modificar e desenvolver recursos existentes com licença aberta e outros recursos onde tal é permitido. Criar ou cocriar novos recursos educacionais digitais. Ter em\nconsideração o objetivo específico de aprendizagem, o contexto, a abordagem pedagógica e o grupo de estudantes, ao selecionar recursos digitais e planificar a sua utilização.""]","[""05ac4a5c-019d-4ec7-83cc-12ca141322fa"", ""5a224ac7-f165-4900-971c-f82f2684f779""]","[""Promoção da Competência Digital dos(as) Estudantes"", ""Recursos Digitais""]","[""0f4140d5-313e-48ae-a953-f88e8e798a29"", ""6152c8bb-1632-42f0-9599-919b6bf15ecb"", ""7b16819f-cb8a-406d-9ab9-a335a50143cb"", ""85f646ca-67c5-439c-8cc1-df4fed9e0ae7""]","[""Aplicar"", ""Criar"", ""Entender"", ""Lembrar""]","[""Criação de conteúdo digital"", ""Criação e modificação""]","Produção de Videoaulas com Celulares O curso aborda, de forma integrada, teoria e prática na produção de videoaulas."
8153e4a8-c7d2-43b1-a447-78a42fc2c5f7,Abordagens Pedagógicas Modernas na Educação a Distância,O curso apresenta e discute abordagens pedagógicas modernas que podem auxiliar na concepção de cursos EaD. Conheça novas possibilidades de organizar suas aulas e lecionar de forma mais ativa a inovadora.,20,"[""e4f31519-2fad-4fe8-b476-5da4715a16e9""]","[""Ensino""]","[""Planificar e implementar dispositivos e recursos digitais no processo de ensino, de modo a melhorar a eficácia das intervenções pedagógicas. Gerir e orquestrar  adequadamente estratégias de ensino digital. Experimentar e desenvolver novos formatos e métodos pedagógicos para o ensino.""]","[""cac54f5d-834c-499c-bf8d-e549fa3828af""]","[""Ensino e Aprendizagem""]","[""6152c8bb-1632-42f0-9599-919b6bf15ecb"", ""85f646ca-67c5-439c-8cc1-df4fed9e0ae7""]","[""Entender"", ""Lembrar""]","[""Ensino""]",Abordagens Pedagógicas Modernas na Educação a Distância O curso apresenta e discute abordagens pedagógicas modernas que podem auxiliar na concepção de cursos EaD. Conheça novas possibilidades de organizar suas aulas e lecionar de forma mais ativa a inovadora.
81b07a6a-d13d-4352-9363-5e784c025796,Introdução à Produção de Áudio e Vídeo,Funcionamento da câmera fotográfica. Triângulo de Exposição. Fotômetro. Histograma. Profundidade de campo. Distância focal. Luz dura e luz difusa. Iluminação de três pontos. Temperatura de cor. Resolução. Proporção. Quadros por segundo. Características do som. Captação de som. Tipos de microfone. Gravação e Edição. Tratamento de Áudio. Captura de tela.,30,"[""e4f31519-2fad-4fe8-b476-5da4715a16e9""]","[""Ensino""]","[""Planificar e implementar dispositivos e recursos digitais no processo de ensino, de modo a melhorar a eficácia das intervenções pedagógicas. Gerir e orquestrar  adequadamente estratégias de ensino digital. Experimentar e desenvolver novos formatos e métodos pedagógicos para o ensino.""]","[""cac54f5d-834c-499c-bf8d-e549fa3828af""]","[""Ensino e Aprendizagem""]","[""6152c8bb-1632-42f0-9599-919b6bf15ecb"", ""7b16819f-cb8a-406d-9ab9-a335a50143cb"", ""85f646ca-67c5-439c-8cc1-df4fed9e0ae7""]","[""Aplicar"", ""Entender"", ""Lembrar""]","[""Ensino""]",Introdução à Produção de Áudio e Vídeo Funcionamento da câmera fotográfica. Triângulo de Exposição. Fotômetro. Histograma. Profundidade de campo. Distância focal. Luz dura e luz difusa. Iluminação de três pontos. Temperatura de cor. Resolução. Proporção. Quadros por segundo. Características do som. Captação de som. Tipos de microfone. Gravação e Edição. Tratamento de Áudio. Captura de tela.
826822c3-441b-4eb6-8a0b-7d0d73ff2dba,Design Thinking Aplicado à Educação,"O curso Design Thinking Aplicado à Educação, desenvolvido pela Enap (Escola Nacional de Administração Pública) em 2021, que atua como conteudista e certificadora, é uma formação aberta, gratuita e com certificado. O objetivo é apresentar os conceitos, características principais, exemplos, técnicas e ferramentas da abordagem do Design Thinking (DT) que podem ser utilizadas na aplicação prática na educação. O público-alvo prioritário são servidores públicos que atuam na concepção, no desenvolvimento, na execução e na avaliação de soluções de capacitação, embora qualquer pessoa possa se inscrever. Com 25 horas de carga horária e 30 dias de disponibilidade, o curso em português aborda os seguintes tópicos: Módulo 1 - O contexto do Design Thinking na educação; Módulo 2 - Etapas do Design Thinking; e Módulo 3 - Eventos colaborativos e imersivos de inovação.",25,"[""0accb9d5-dbd1-483f-ab2a-ee0ca1c22de4"", ""2e82da93-1754-4c16-8932-4ecd7695c246"", ""30521bbb-e702-47d7-a287-b242cf5bf600"", ""4667ae96-35b0-435a-87f5-e21af9c1086d"", ""5a036b8e-1546-48ea-a616-2890f9904d4c"", ""bf6ee8ab-b64b-48fb-ad5a-738548fc2302"", ""c769606e-9f97-4fab-b9c9-51eb99e3bd44"", ""e4f31519-2fad-4fe8-b476-5da4715a16e9"", ""fa3b0d3e-857f-4d3b-839d-3d06a726a986""]","[""Aprendizagem colaborativa"", ""Diferenciação e personalização"", ""Ensino"", ""Envolvimento ativo"", ""Estratégias de avaliação"", ""Planejamento"", ""Resolução de problemas com base em dados"", ""Resolução de problemas digitais"", ""Tomada de decisão para gestores""]","["" \n \t\nUsar tecnologias digitais para atender às diversas necessidades de aprendizagem dos(as) estudantes, permitindo que estes progridam a diferentes níveis e velocidades e sigam caminhos e objetivos de aprendizagem individuais."", ""Adotar e informar decisões prévias, explorando alternativas para minimizar custos e aumentar as vantagens para a organização na questão que for decidida."", ""Capacidade de idear soluções inovadoras e efetivas para problemas de baixa, média ou elevada complexidade com a utilização de dados (numéricos e não numéricos) e evidências que aumentem a precisão e viabilidade das soluções."", ""Identificar problemas prioritários e oportunidades de sua unidade para projetar planos, programas ou projetos que prefixam objetivos, atividades, recursos, custos, cronogramas, responsáveis e indicadores de progresso, resultados e impacto."", ""Incorporar atividades, tarefas e avaliações de aprendizagem que requeiram que os(as) estudantes identifiquem e resolvam problemas técnicos ou transfiram criativamente conhecimento tecnológico para novas situações."", ""Planificar e implementar dispositivos e recursos digitais no processo de ensino, de modo a melhorar a eficácia das intervenções pedagógicas. Gerir e orquestrar  adequadamente estratégias de ensino digital. Experimentar e desenvolver novos formatos e métodos pedagógicos para o ensino."", ""Usar tecnologias digitais para a avaliação formativa e sumativa. Melhorar a diversidade e adequação dos formatos e abordagens de avaliação."", ""Usar tecnologias digitais para promover e melhorar a colaboração do(a) estudante. Permitir que os(as) estudantes usem tecnologias digitais enquanto parte de tarefas colaborativas, como meio de melhorar a comunicação, a colaboração e a criação colaborativa de conhecimento."", ""Usar tecnologias digitais para promover o envolvimento ativo e criativo dos(as) estudantes com um assunto específico. Usar tecnologias digitais no âmbito de estratégias pedagógicas que fomentem as competências transversais dos(as) estudantes, a reflexão profunda e a expressão criativa. Abrir a aprendizagem a novos contextos do mundo real, que envolvam os(as) próprios(as) estudantes em atividades práticas, investigação científica ou resolução de problemas complexos,\nou que, de outros modos, aumentem o seu envolvimento ativo em temas\ncomplexos.""]","[""05ac4a5c-019d-4ec7-83cc-12ca141322fa"", ""27ccdc3f-64d6-4748-960b-171e9c804d23"", ""b47333be-1c80-40a9-a93d-9bbc4d7e4677"", ""c7be7c48-c417-4dec-b203-34ddedba7507"", ""cac54f5d-834c-499c-bf8d-e549fa3828af"", ""cc76e5f1-476f-48b1-9d32-ccb2de7f2cde""]","[""Avaliação"", ""Capacitação dos(as) Estudantes"", ""Ensino e Aprendizagem"", ""Gestão de Resultados"", ""Promoção da Competência Digital dos(as) Estudantes"", ""Transversais""]","[""6152c8bb-1632-42f0-9599-919b6bf15ecb"", ""7b16819f-cb8a-406d-9ab9-a335a50143cb"", ""85f646ca-67c5-439c-8cc1-df4fed9e0ae7"", ""dcd7e78d-25ed-4a16-9229-39773b4f6b3d""]","[""Analisar"", ""Aplicar"", ""Entender"", ""Lembrar""]","[""Aprendizagem colaborativa"", ""Diferenciação e personalização"", ""Ensino"", ""Envolvimento ativo"", ""Estratégias de avaliação"", ""Planejamento"", ""Resolução de problemas com base em dados"", ""Resolução de problemas digitais"", ""Tomada de decisão para gestores""]","Design Thinking Aplicado à Educação O curso Design Thinking Aplicado à Educação, desenvolvido pela Enap (Escola Nacional de Administração Pública) em 2021, que atua como conteudista e certificadora, é uma formação aberta, gratuita e com certificado. O objetivo é apresentar os conceitos, características principais, exemplos, técnicas e ferramentas da abordagem do Design Thinking (DT) que podem ser utilizadas na aplicação prática na educação. O público-alvo prioritário são servidores públicos que atuam na concepção, no desenvolvimento, na execução e na avaliação de soluções de capacitação, embora qualquer pessoa possa se inscrever. Com 25 horas de carga horária e 30 dias de disponibilidade, o curso em português aborda os seguintes tópicos: Módulo 1 - O contexto do Design Thinking na educação; Módulo 2 - Etapas do Design Thinking; e Módulo 3 - Eventos colaborativos e imersivos de inovação."
84a952ff-42d7-44b9-8e28-598657593193,Educação Digital Humanizada,"O curso Educação Digital Humanizada tem como objetivo capacitar estudantes, professores e demais interessados a aprender e ensinar com tecnologias digitais, em especial a internet, de forma ética, inclusiva e humanizada. Com uma abordagem teórico-prática, o curso abordará conceitos fundamentais da educação digital, estratégias pedagógicas inovadoras, ferramentas tecnológicas e práticas de ensino que valorizam a interação humana. Destinado a educadores, estudantes e profissionais que desejam integrar a tecnologia de maneira significativa em processos educativos. Ao final, os participantes estarão aptos a aplicar metodologias digitais humanizadas em contextos educacionais, promover a inclusão digital e utilizar ferramentas tecnológicas de forma crítica e reflexiva. Para conclusão, não há pré-requisitos, mas recomenda-se familiaridade com o uso básico de dispositivos digitais e internet.
",30,"[""3062277b-4218-4f2b-8645-90ba3651fc52"", ""e4f31519-2fad-4fe8-b476-5da4715a16e9""]","[""Ensino"", ""Orientação""]","[""Planificar e implementar dispositivos e recursos digitais no processo de ensino, de modo a melhorar a eficácia das intervenções pedagógicas. Gerir e orquestrar  adequadamente estratégias de ensino digital. Experimentar e desenvolver novos formatos e métodos pedagógicos para o ensino."", ""Usar tecnologias e serviços digitais para melhorar a interação com os(as) estudantes,individual e coletivamente, dentro e fora da sessão de aprendizagem. Usar tecnologias digitais para proporcionar orientação e assistência oportuna e dirigida. Experimentar e desenvolver novas formas e formatos para oferecer orientação e apoio.""]","[""cac54f5d-834c-499c-bf8d-e549fa3828af""]","[""Ensino e Aprendizagem""]","[""6152c8bb-1632-42f0-9599-919b6bf15ecb"", ""7b16819f-cb8a-406d-9ab9-a335a50143cb"", ""85f646ca-67c5-439c-8cc1-df4fed9e0ae7""]","[""Aplicar"", ""Entender"", ""Lembrar""]","[""Ensino"", ""Orientação""]","Educação Digital Humanizada O curso Educação Digital Humanizada tem como objetivo capacitar estudantes, professores e demais interessados a aprender e ensinar com tecnologias digitais, em especial a internet, de forma ética, inclusiva e humanizada. Com uma abordagem teórico-prática, o curso abordará conceitos fundamentais da educação digital, estratégias pedagógicas inovadoras, ferramentas tecnológicas e práticas de ensino que valorizam a interação humana. Destinado a educadores, estudantes e profissionais que desejam integrar a tecnologia de maneira significativa em processos educativos. Ao final, os participantes estarão aptos a aplicar metodologias digitais humanizadas em contextos educacionais, promover a inclusão digital e utilizar ferramentas tecnológicas de forma crítica e reflexiva. Para conclusão, não há pré-requisitos, mas recomenda-se familiaridade com o uso básico de dispositivos digitais e internet."
854ab1a6-1a0d-4ed0-8660-d7298d45ccab,Repositórios de Materiais Didáticos Digitais e Direitos de Uso,"Este curso é oferecido gratuitamente pelo Instituto Federal de Educação Ciência e Tecnologia do Rio Grande do Sul. Este curso contém a carga horária total de 20 horas, tendo como objetivo conhecer, coletar e utilizar recursos didáticos digitais a partir de repositórios. Ainda, traz conhecimentos sobre o uso adequado destes recursos.

O curso é organizado em 3 módulos e foi todo construído de forma que você realize as atividades no seu tempo. A cada módulo do curso que você conclui você recebe uma faixa de conclusão. Você também recebe faixas adicionais ao concluir as missões e desafios do curso.",20,"[""694f836a-0a94-4039-b309-1ff7b55da325"", ""6a6c1fb3-6126-406e-80b1-fd587d3b5a25"", ""93a78bdb-6f5f-4a1a-a012-82eb8b9db4d8"", ""b30f6b99-0189-4c80-8977-bd7cf269ab8e"", ""bb6db702-1fd8-40b5-abeb-e067768c5def"", ""c384e3a1-5506-4ceb-a72e-b3c73a105ae1""]","[""Gerenciamento digital"", ""Gestão, proteção e compartilhamento"", ""Literacia da informação e das mídias"", ""Seleção"", ""Uso de TIC"", ""Uso responsável""]","[""Identificar, avaliar e selecionar recursos digitais para o ensino e aprendizagem. \nTer em consideração o objetivo específico de aprendizagem, o contexto, a abordagem pedagógica e o grupo de estudantes, ao selecionar recursos digitais e planificar a sua utilização."", ""Incorporar atividades, tarefas e avaliações de aprendizagem que requeiram que os(as) estudantes articulem necessidades de informação; encontrem informação e recursos em ambientes digitais; organizem, processem, analisem e interpretem informação; e comparem e avaliem criticamente a credibilidade e a fiabilidade da informação e das suas fontes."", ""Organizar conteúdo digital e disponibilizá-lo aos(às) estudantes, pais ou responsáveis e outros educadores. Proteger eficazmente conteúdo digital sensível. Respeitar e aplicar corretamente regras de privacidade e de direitos de autor. Compreender a utilização e criação de licenças abertas e de recursos educacionais abertos, incluindo a sua atribuição apropriada."", ""Otimizar o uso das tecnologias de informação e comunicação disponíveis, em seu efetivo potencial, para melhorar seu desempenho."", ""Reconhecer efetivamente o direito dos cidadãos à informação pública e à interação com serviços no ambiente digital, garantindo canais efetivos para requisição de serviços, pedidos, consultas, procedimentos, acompanhamento e resolução remotos."", ""Tomar medidas que garantam o bem-estar físico, psicológico e social dos(as) estudantes enquanto usam tecnologias digitais. Capacitar os(as) estudantes para gerir\nriscos e usar tecnologias digitais de forma segura e responsável.""]","[""05ac4a5c-019d-4ec7-83cc-12ca141322fa"", ""4a2cf0b1-98dd-4bff-adc0-898f32e7b857"", ""5a224ac7-f165-4900-971c-f82f2684f779"", ""7d566976-b00c-4aa7-aa67-d94656c8db8c""]","[""Gestão de Mudanças"", ""Orientação a Resultados"", ""Promoção da Competência Digital dos(as) Estudantes"", ""Recursos Digitais""]","[""6152c8bb-1632-42f0-9599-919b6bf15ecb"", ""85f646ca-67c5-439c-8cc1-df4fed9e0ae7""]","[""Entender"", ""Lembrar""]","[""Gerenciamento digital"", ""Gestão, proteção e compartilhamento"", ""Literacia da informação e das mídias"", ""Seleção"", ""Uso de TIC"", ""Uso responsável""]","Repositórios de Materiais Didáticos Digitais e Direitos de Uso Este curso é oferecido gratuitamente pelo Instituto Federal de Educação Ciência e Tecnologia do Rio Grande do Sul. Este curso contém a carga horária total de 20 horas, tendo como objetivo conhecer, coletar e utilizar recursos didáticos digitais a partir de repositórios. Ainda, traz conhecimentos sobre o uso adequado destes recursos.

O curso é organizado em 3 módulos e foi todo construído de forma que você realize as atividades no seu tempo. A cada módulo do curso que você conclui você recebe uma faixa de conclusão. Você também recebe faixas adicionais ao concluir as missões e desafios do curso."
8687a886-eef2-48ea-a182-cb907fbfa53b,Aspectos socioemocionais na aposentadoria,"Este curso apresenta a importância dos aspectos socioemocionais na vida e no período da aposentadoria. Você irá conhecer algumas competências emocionais que estão presentes e se desenvolvem desde o nascimento.
Conteúdo programático:
Módulo 1 - Aposentadoria e competências socioemocionais
Unidade 1: Sentir a aposentadoria.
Unidade 2: Teorias da Gerontologia.
Unidade 3: Competências Socioemocionais.

Módulo 2 - Aspectos importantes para o desenvolvimento socioemociona
Unidade 1: Inteligência Emocional.
Unidade 2: Conhecendo a si mesmo.
Unidade 3: Preparação para o período da aposentadoria.
Unidade 4: A aposentadoria como o começo de uma nova etapa.",20,"[""0accb9d5-dbd1-483f-ab2a-ee0ca1c22de4""]","[""Planejamento""]","[""Identificar problemas prioritários e oportunidades de sua unidade para projetar planos, programas ou projetos que prefixam objetivos, atividades, recursos, custos, cronogramas, responsáveis e indicadores de progresso, resultados e impacto.""]","[""b47333be-1c80-40a9-a93d-9bbc4d7e4677""]","[""Gestão de Resultados""]","[""6152c8bb-1632-42f0-9599-919b6bf15ecb""]","[""Entender""]","[""Planejamento""]","Aspectos socioemocionais na aposentadoria Este curso apresenta a importância dos aspectos socioemocionais na vida e no período da aposentadoria. Você irá conhecer algumas competências emocionais que estão presentes e se desenvolvem desde o nascimento.
Conteúdo programático:
Módulo 1 - Aposentadoria e competências socioemocionais
Unidade 1: Sentir a aposentadoria.
Unidade 2: Teorias da Gerontologia.
Unidade 3: Competências Socioemocionais.

Módulo 2 - Aspectos importantes para o desenvolvimento socioemociona
Unidade 1: Inteligência Emocional.
Unidade 2: Conhecendo a si mesmo.
Unidade 3: Preparação para o período da aposentadoria.
Unidade 4: A aposentadoria como o começo de uma nova etapa."
86e80a2a-8588-4f2f-ba32-6cb43ca8f876,Multimeios em Educação,"O curso Multimeios em Educação apresenta as possibilidades que os multimeios oferecem na construção de estratégias de aprendizagem para diferentes contextos e públicos da educação. Você vai aprender por meio de situações de aprendizagem envolvendo comunicação, engajamento e curadoria, elementos do ato de planejar com as tecnologias digitais mais utilizadas no contexto educacional.",60,"[""bb6db702-1fd8-40b5-abeb-e067768c5def""]","[""Seleção""]","[""Identificar, avaliar e selecionar recursos digitais para o ensino e aprendizagem. \nTer em consideração o objetivo específico de aprendizagem, o contexto, a abordagem pedagógica e o grupo de estudantes, ao selecionar recursos digitais e planificar a sua utilização.""]","[""5a224ac7-f165-4900-971c-f82f2684f779""]","[""Recursos Digitais""]","[""6152c8bb-1632-42f0-9599-919b6bf15ecb"", ""7b16819f-cb8a-406d-9ab9-a335a50143cb"", ""85f646ca-67c5-439c-8cc1-df4fed9e0ae7""]","[""Aplicar"", ""Entender"", ""Lembrar""]","[""Seleção""]","Multimeios em Educação O curso Multimeios em Educação apresenta as possibilidades que os multimeios oferecem na construção de estratégias de aprendizagem para diferentes contextos e públicos da educação. Você vai aprender por meio de situações de aprendizagem envolvendo comunicação, engajamento e curadoria, elementos do ato de planejar com as tecnologias digitais mais utilizadas no contexto educacional."
8724762a-fe49-49c8-90d0-132947e5a792,"Educação Especial: histórico, políticas e práticas","O curso busca proporcionar um conhecimento introdutório acerca dos aspectos historicos, políticos e práticos da Educação Especial. Do mesmo modo, tem a intenção de desconstruir alguns aspectos relacionados a preconceitos prévios a pessoas com deficiências, transtorno do espectro do autismo, altas habilidades/ superdotação para tentar reconhecer as suas diferenças e suas potencialidades.",40,"[""161fd267-d68a-4f88-925c-8082f17fb8b2"", ""bf6ee8ab-b64b-48fb-ad5a-738548fc2302""]","[""Acessibilidade e inclusão - Docente"", ""Diferenciação e personalização""]","["" \n \t\nUsar tecnologias digitais para atender às diversas necessidades de aprendizagem dos(as) estudantes, permitindo que estes progridam a diferentes níveis e velocidades e sigam caminhos e objetivos de aprendizagem individuais."", ""Garantir acessibilidade a recursos e atividades de aprendizagem para todos os(as) estudantes, incluindo os que têm necessidades especiais. Ter em consideração e dar resposta às expetativas, capacidades, usos e conceções errôneas (digitais) dos(as) estudantes, bem como ao uso contextual, físico e cognitivo que fazem das tecnologias digitais.""]","[""c7be7c48-c417-4dec-b203-34ddedba7507""]","[""Capacitação dos(as) Estudantes""]","[""6152c8bb-1632-42f0-9599-919b6bf15ecb"", ""7b16819f-cb8a-406d-9ab9-a335a50143cb"", ""85f646ca-67c5-439c-8cc1-df4fed9e0ae7""]","[""Aplicar"", ""Entender"", ""Lembrar""]","[""Acessibilidade e inclusão - Docente"", ""Diferenciação e personalização""]","Educação Especial: histórico, políticas e práticas O curso busca proporcionar um conhecimento introdutório acerca dos aspectos historicos, políticos e práticos da Educação Especial. Do mesmo modo, tem a intenção de desconstruir alguns aspectos relacionados a preconceitos prévios a pessoas com deficiências, transtorno do espectro do autismo, altas habilidades/ superdotação para tentar reconhecer as suas diferenças e suas potencialidades."
878d39ff-b839-4eb4-8afe-f2e00bcdd288,Logística e Administração de Materiais,"Este curso apresenta os conceitos e fundamentos de logística, não só para o aprimoramento dos processos bem como para a compreensão dos conceitos básicos e de sua importância no cenário atual. Dá ênfase para a apresentação dos principais conceitos, técnicas e ferramentas para gestão de compras, distribuição, armazenagem e transportes na cadeia de suprimentos. Pretende-se não só entender a utilização correta de embalagens bem como mostrar o ciclo de materiais e estoques dos produtos necessários para atender à demanda produtiva.",20,"[""3a910f03-4c71-4606-93cd-179056019b11""]","[""Gerenciamento de recursos""]","[""Preservar critérios de eficácia e eficiência na administração de recursos materiais, das competências das pessoas e dos ativos de uso da organização.""]","[""b47333be-1c80-40a9-a93d-9bbc4d7e4677""]","[""Gestão de Resultados""]","[""6152c8bb-1632-42f0-9599-919b6bf15ecb""]","[""Entender""]","[""Gerenciamento de recursos""]","Logística e Administração de Materiais Este curso apresenta os conceitos e fundamentos de logística, não só para o aprimoramento dos processos bem como para a compreensão dos conceitos básicos e de sua importância no cenário atual. Dá ênfase para a apresentação dos principais conceitos, técnicas e ferramentas para gestão de compras, distribuição, armazenagem e transportes na cadeia de suprimentos. Pretende-se não só entender a utilização correta de embalagens bem como mostrar o ciclo de materiais e estoques dos produtos necessários para atender à demanda produtiva."
888ca8da-0ef1-4eff-812e-01544b42302a,Como Produzir Vídeos com Celulares e Tablets,"Você gostaria de aprender a produzir vídeos com celulares e tablets? Não importa sua profissão ou área de interesse, este curso foi pensado para qualquer perfil de pessoa.",20,"[""b30f6b99-0189-4c80-8977-bd7cf269ab8e""]","[""Uso de TIC""]","[""Otimizar o uso das tecnologias de informação e comunicação disponíveis, em seu efetivo potencial, para melhorar seu desempenho.""]","[""4a2cf0b1-98dd-4bff-adc0-898f32e7b857""]","[""Orientação a Resultados""]","[""6152c8bb-1632-42f0-9599-919b6bf15ecb"", ""7b16819f-cb8a-406d-9ab9-a335a50143cb"", ""85f646ca-67c5-439c-8cc1-df4fed9e0ae7""]","[""Aplicar"", ""Entender"", ""Lembrar""]","[""Uso de TIC""]","Como Produzir Vídeos com Celulares e Tablets Você gostaria de aprender a produzir vídeos com celulares e tablets? Não importa sua profissão ou área de interesse, este curso foi pensado para qualquer perfil de pessoa."
88f6db3b-d914-45fa-93d4-84ab9cb6eb51,Formas Alternativas de Resolução de Conflitos,"Ementa:
Noções preliminares. O que é conflito? O que é processo? (Processo Autocompositivo e Heterocompositivo). Métodos alternativos de resolução de conflitos. Negociação. Mediação. Conciliação. Arbitragem. Med-árb. Resolução adequada de conflitos e a resolução 125 de 2010 do CNJ. A resolução 125 e o novo acesso à justiça. A resolução 125 e os novos processos. O judiciário como efetivo centro de harmonização social. Acesso às formas alternativas de resolução de conflitos. Teoria do conflito. Teoria dos jogos.

Objetivos gerais:
De maneira geral, se torna necessário incentivar os conhecimentos das matérias de direito ao público externo democratizando o acesso ao ensino em consonância com os objetivos do IFMG na sociedade.",40,"[""1c596a8d-dff3-46ca-a684-8eb59b20800c"", ""432c5350-bdb8-4e22-b7a4-0417e9cfa8f4"", ""a549fa72-ae42-433f-85bd-29badf2851c0"", ""e2b3c5ad-e0a6-4433-9ffd-ca78825a2e4d""]","[""Análise de problemas"", ""Gerenciamento da mudança"", ""Gestão do desenvolvimento de pessoas"", ""Liderança eficaz""]","[""Antecipar e promover mudanças estratégicas/operacionais para responder às mudanças do contexto. Redesenhar/modernizar abordagens, processos, tarefas e competências requeridos pelo novo contexto, distribuindo responsabilidades e perseguindo resultados."", ""Dirigir equipes, otimizando a aplicação de talentos disponíveis e criando um ambiente positivo e comprometido para a obtenção de resultados."", ""Forjar um ambiente de trabalho em que os interesses de equipes e indivíduos se harmonizem com os objetivos e resultados da organização, gerando oportunidades de aprendizado e desenvolvimento, bem como incentivos para reforçar o desempenho excepcional."", ""Identificar tempestivamente os problemas a serem resolvidos, os recursos para enfrentá-los, as alternativas possíveis, seus custos e riscos, antes de tomar a decisão no nível que lhes corresponde.""]","[""7d566976-b00c-4aa7-aa67-d94656c8db8c"", ""b47333be-1c80-40a9-a93d-9bbc4d7e4677"", ""e23d3b1c-ee83-4b09-b141-fc0f9dc7ab57""]","[""Gestão de Mudanças"", ""Gestão de Resultados"", ""Processos de Melhoria""]","[""6152c8bb-1632-42f0-9599-919b6bf15ecb"", ""dcd7e78d-25ed-4a16-9229-39773b4f6b3d""]","[""Analisar"", ""Entender""]","[""Análise de problemas"", ""Gerenciamento da mudança"", ""Gestão do desenvolvimento de pessoas"", ""Liderança eficaz""]","Formas Alternativas de Resolução de Conflitos Ementa:
Noções preliminares. O que é conflito? O que é processo? (Processo Autocompositivo e Heterocompositivo). Métodos alternativos de resolução de conflitos. Negociação. Mediação. Conciliação. Arbitragem. Med-árb. Resolução adequada de conflitos e a resolução 125 de 2010 do CNJ. A resolução 125 e o novo acesso à justiça. A resolução 125 e os novos processos. O judiciário como efetivo centro de harmonização social. Acesso às formas alternativas de resolução de conflitos. Teoria do conflito. Teoria dos jogos.

Objetivos gerais:
De maneira geral, se torna necessário incentivar os conhecimentos das matérias de direito ao público externo democratizando o acesso ao ensino em consonância com os objetivos do IFMG na sociedade."
89a8258b-e4e1-477f-b4b3-cf76951c9bb9,Introdução à Aplicação do Plano de Contratação Anual,O Plano de Contratações Anual (PCA) é uma ferramenta de governança que consolida todas as contratações que um Órgão pretende realizar no ano subsequente. O PCA possibilita ter uma visão sistêmica sobre todas as demandas de compras do Governo. ,20,"[""0accb9d5-dbd1-483f-ab2a-ee0ca1c22de4"", ""49c18cc9-d9c1-4c6c-a72b-a064e0e6e3eb"", ""4c081af1-b613-4465-b989-2a4b09d76e0e"", ""b30f6b99-0189-4c80-8977-bd7cf269ab8e""]","[""Foco nos resultados para os cidadãos"", ""Gestão para resultados"", ""Planejamento"", ""Uso de TIC""]","[""Capacidade de superar o desempenho padrão e apresentar soluções alinhadas\nao cumprimento de metas e ao alcance dos objetivos estratégicos das organizações públicas para garantir o atendimento das necessidades dos usuários e dos cidadãos."", ""Identificar problemas prioritários e oportunidades de sua unidade para projetar planos, programas ou projetos que prefixam objetivos, atividades, recursos, custos, cronogramas, responsáveis e indicadores de progresso, resultados e impacto."", ""Otimizar o uso das tecnologias de informação e comunicação disponíveis, em seu efetivo potencial, para melhorar seu desempenho.""]","[""2537d1c9-05a8-469c-9f2e-39ca7a5ca85e"", ""27ccdc3f-64d6-4748-960b-171e9c804d23"", ""2ee0fd18-5e3b-4fa1-b293-5b39634f0430"", ""4a2cf0b1-98dd-4bff-adc0-898f32e7b857"", ""b47333be-1c80-40a9-a93d-9bbc4d7e4677""]","[""Competência de Liderança - Estratégia"", ""Competências de Liderança - Resultados"", ""Gestão de Resultados"", ""Orientação a Resultados"", ""Transversais""]","[""6152c8bb-1632-42f0-9599-919b6bf15ecb"", ""7b16819f-cb8a-406d-9ab9-a335a50143cb""]","[""Aplicar"", ""Entender""]","[""Foco nos resultados para os cidadãos"", ""Gestão para resultados"", ""Planejamento"", ""Uso de TIC""]",Introdução à Aplicação do Plano de Contratação Anual O Plano de Contratações Anual (PCA) é uma ferramenta de governança que consolida todas as contratações que um Órgão pretende realizar no ano subsequente. O PCA possibilita ter uma visão sistêmica sobre todas as demandas de compras do Governo.
8a5b501d-4c05-46a6-bd20-09c088d803f1,Introdução à Audiodescrição,"A audiodescrição é um recurso de acessibilidade comunicacional que aumenta a compreensão de pessoas com deficiência visual, englobando e ampliando a acessibilidade para o entendimento de pessoas com deficiência intelectual, idosos e disléxicos, colaborando com a construção de uma sociedade inclusiva. O curso apresenta recursos de audiodescrição, especialmente em sites, redes sociais e ações.",40,"[""161fd267-d68a-4f88-925c-8082f17fb8b2"", ""1e52ca6e-ca19-4585-a66e-f6adc3013a74"", ""bf6ee8ab-b64b-48fb-ad5a-738548fc2302"", ""c384e3a1-5506-4ceb-a72e-b3c73a105ae1"", ""fa3b0d3e-857f-4d3b-839d-3d06a726a986""]","[""Acessibilidade e inclusão - Docente"", ""Comunicação"", ""Diferenciação e personalização"", ""Envolvimento ativo"", ""Literacia da informação e das mídias""]","["" \n \t\nUsar tecnologias digitais para atender às diversas necessidades de aprendizagem dos(as) estudantes, permitindo que estes progridam a diferentes níveis e velocidades e sigam caminhos e objetivos de aprendizagem individuais."", ""Capacidade de escutar, indagar e expressar conceitos e ideias nos momentos apropriados e de forma efetiva, garantindo uma dinâmica produtiva das interações internas e externas."", ""Garantir acessibilidade a recursos e atividades de aprendizagem para todos os(as) estudantes, incluindo os que têm necessidades especiais. Ter em consideração e dar resposta às expetativas, capacidades, usos e conceções errôneas (digitais) dos(as) estudantes, bem como ao uso contextual, físico e cognitivo que fazem das tecnologias digitais."", ""Incorporar atividades, tarefas e avaliações de aprendizagem que requeiram que os(as) estudantes articulem necessidades de informação; encontrem informação e recursos em ambientes digitais; organizem, processem, analisem e interpretem informação; e comparem e avaliem criticamente a credibilidade e a fiabilidade da informação e das suas fontes."", ""Usar tecnologias digitais para promover o envolvimento ativo e criativo dos(as) estudantes com um assunto específico. Usar tecnologias digitais no âmbito de estratégias pedagógicas que fomentem as competências transversais dos(as) estudantes, a reflexão profunda e a expressão criativa. Abrir a aprendizagem a novos contextos do mundo real, que envolvam os(as) próprios(as) estudantes em atividades práticas, investigação científica ou resolução de problemas complexos,\nou que, de outros modos, aumentem o seu envolvimento ativo em temas\ncomplexos.""]","[""05ac4a5c-019d-4ec7-83cc-12ca141322fa"", ""27ccdc3f-64d6-4748-960b-171e9c804d23"", ""c7be7c48-c417-4dec-b203-34ddedba7507""]","[""Capacitação dos(as) Estudantes"", ""Promoção da Competência Digital dos(as) Estudantes"", ""Transversais""]","[""6152c8bb-1632-42f0-9599-919b6bf15ecb"", ""7b16819f-cb8a-406d-9ab9-a335a50143cb"", ""85f646ca-67c5-439c-8cc1-df4fed9e0ae7""]","[""Aplicar"", ""Entender"", ""Lembrar""]","[""Acessibilidade e inclusão - Docente"", ""Comunicação"", ""Diferenciação e personalização"", ""Envolvimento ativo"", ""Literacia da informação e das mídias""]","Introdução à Audiodescrição A audiodescrição é um recurso de acessibilidade comunicacional que aumenta a compreensão de pessoas com deficiência visual, englobando e ampliando a acessibilidade para o entendimento de pessoas com deficiência intelectual, idosos e disléxicos, colaborando com a construção de uma sociedade inclusiva. O curso apresenta recursos de audiodescrição, especialmente em sites, redes sociais e ações."
8a755be8-4447-40d8-a4dc-570cfac283a3,Criação de Cursos MOOC,"O curso Criação de Cursos MOOC tem como objetivo capacitar educadores, designers instrucionais e profissionais de diversas áreas a desenvolver cursos online massivos e abertos (MOOC) com qualidade, utilizando metodologias e ferramentas eficazes.
Com uma abordagem teórico-prática, o curso abordará:
Conceitos fundamentais sobre MOOCs (características, vantagens e desafios);
Planejamento e design instrucional para cursos online;
Seleção de ferramentas e plataformas para criação e hospedagem;
Produção de conteúdo engajador (videoaulas, materiais interativos e avaliações);
Estratégias de divulgação e engajamento de alunos.
Destinado a professores, profissionais de educação corporativa, produtores de conteúdo e interessados em educação a distância. 
Ao final, os participantes estarão aptos a:
Estruturar um projeto de curso MOOC do zero, alinhado às necessidades do público-alvo;
Utilizar ferramentas digitais para produção e gestão de cursos online;
Aplicar técnicas de design instrucional para criar experiências de aprendizagem eficazes.
Para conclusão, não há pré-requisitos, mas recomenda-se familiaridade básica com ambientes virtuais de aprendizagem.",20,"[""161fd267-d68a-4f88-925c-8082f17fb8b2"", ""e4f31519-2fad-4fe8-b476-5da4715a16e9""]","[""Acessibilidade e inclusão - Docente"", ""Ensino""]","[""Garantir acessibilidade a recursos e atividades de aprendizagem para todos os(as) estudantes, incluindo os que têm necessidades especiais. Ter em consideração e dar resposta às expetativas, capacidades, usos e conceções errôneas (digitais) dos(as) estudantes, bem como ao uso contextual, físico e cognitivo que fazem das tecnologias digitais."", ""Planificar e implementar dispositivos e recursos digitais no processo de ensino, de modo a melhorar a eficácia das intervenções pedagógicas. Gerir e orquestrar  adequadamente estratégias de ensino digital. Experimentar e desenvolver novos formatos e métodos pedagógicos para o ensino.""]","[""c7be7c48-c417-4dec-b203-34ddedba7507"", ""cac54f5d-834c-499c-bf8d-e549fa3828af""]","[""Capacitação dos(as) Estudantes"", ""Ensino e Aprendizagem""]","[""7b16819f-cb8a-406d-9ab9-a335a50143cb"", ""85f646ca-67c5-439c-8cc1-df4fed9e0ae7"", ""dcd7e78d-25ed-4a16-9229-39773b4f6b3d""]","[""Analisar"", ""Aplicar"", ""Lembrar""]","[""Acessibilidade e inclusão - Docente"", ""Ensino""]","Criação de Cursos MOOC O curso Criação de Cursos MOOC tem como objetivo capacitar educadores, designers instrucionais e profissionais de diversas áreas a desenvolver cursos online massivos e abertos (MOOC) com qualidade, utilizando metodologias e ferramentas eficazes.
Com uma abordagem teórico-prática, o curso abordará:
Conceitos fundamentais sobre MOOCs (características, vantagens e desafios);
Planejamento e design instrucional para cursos online;
Seleção de ferramentas e plataformas para criação e hospedagem;
Produção de conteúdo engajador (videoaulas, materiais interativos e avaliações);
Estratégias de divulgação e engajamento de alunos.
Destinado a professores, profissionais de educação corporativa, produtores de conteúdo e interessados em educação a distância. 
Ao final, os participantes estarão aptos a:
Estruturar um projeto de curso MOOC do zero, alinhado às necessidades do público-alvo;
Utilizar ferramentas digitais para produção e gestão de cursos online;
Aplicar técnicas de design instrucional para criar experiências de aprendizagem eficazes.
Para conclusão, não há pré-requisitos, mas recomenda-se familiaridade básica com ambientes virtuais de aprendizagem."
8bcf379b-8f24-4e25-ad0b-be84c7792922,Legislação Escolar,"Educação e as constituições; LDB, PNE e marcos normativos. Curso produzido pelo IFRS, ofertado pela Plataforma Aprenda Mais (MEC).",20,"[""3062277b-4218-4f2b-8645-90ba3651fc52"", ""e4f31519-2fad-4fe8-b476-5da4715a16e9""]","[""Ensino"", ""Orientação""]","[""Planificar e implementar dispositivos e recursos digitais no processo de ensino, de modo a melhorar a eficácia das intervenções pedagógicas. Gerir e orquestrar  adequadamente estratégias de ensino digital. Experimentar e desenvolver novos formatos e métodos pedagógicos para o ensino."", ""Usar tecnologias e serviços digitais para melhorar a interação com os(as) estudantes,individual e coletivamente, dentro e fora da sessão de aprendizagem. Usar tecnologias digitais para proporcionar orientação e assistência oportuna e dirigida. Experimentar e desenvolver novas formas e formatos para oferecer orientação e apoio.""]","[""cac54f5d-834c-499c-bf8d-e549fa3828af""]","[""Ensino e Aprendizagem""]","[""6152c8bb-1632-42f0-9599-919b6bf15ecb"", ""85f646ca-67c5-439c-8cc1-df4fed9e0ae7"", ""dcd7e78d-25ed-4a16-9229-39773b4f6b3d""]","[""Analisar"", ""Entender"", ""Lembrar""]","[""Ensino"", ""Orientação""]","Legislação Escolar Educação e as constituições; LDB, PNE e marcos normativos. Curso produzido pelo IFRS, ofertado pela Plataforma Aprenda Mais (MEC)."
8c4b185d-70b8-4429-a3bb-bc3482fe16c2,Bem-Estar e Substâncias Psicoativas: uma questão de saúde pública,"O curso ""Bem-Estar e Substâncias Psicoativas: uma questão de saúde pública"" do Itinerário Formativo ""Ensino de Ciências, Saúde e Ambiente (ENCISA)"" visa preparar profissionais da educação para promover debates sobre questões que envolvem a Educação em Saúde e Saúde na família, incluindo as noções de bem-estar, a História da Saúde Pública no Brasil e o panorama do Sistema Único de Saúde (SUS).  Trata-se de uma abordagem temática articulada ao ensino de ciências naturais na perspectiva da educação Ciência, Tecnologia, Sociedade e Ambiente (CTS/CTSA) associada à Práxis Educativa Freireana. Tem como objetivo também apresentar a Metodologia da Mediação Dialética (MMD), que aliada aos pressupostos da Formação de Professores, visa operacionalizar a maneira como o conteúdo pode ser abordado pelo docente. O curso faz parte de uma trilha de cursos MOOC para Formação de Professores em Ciências, Saúde e Ambiente quem visam contextualizar os temas de maneira transversal e transdisciplinar envolvendo questões tecnológicas, políticas, culturais, sociais, saúde e ambientais para potencializar o despertar para novas formas de abordagens em espaços escolares e não escolares.",20,"[""a3a55daf-faf9-41e2-81eb-613b8c94fad1"", ""e4f31519-2fad-4fe8-b476-5da4715a16e9""]","[""Ensino"", ""Gerenciamento de políticas""]","[""Contribuir para a coerência estratégica da gestão de políticas, articulando e complementando os objetivos e resultados das organizações; desempenhar o papel de liderança no âmbito das políticas públicas promovidas pelo Alto Governo."", ""Planificar e implementar dispositivos e recursos digitais no processo de ensino, de modo a melhorar a eficácia das intervenções pedagógicas. Gerir e orquestrar  adequadamente estratégias de ensino digital. Experimentar e desenvolver novos formatos e métodos pedagógicos para o ensino.""]","[""7d566976-b00c-4aa7-aa67-d94656c8db8c"", ""cac54f5d-834c-499c-bf8d-e549fa3828af""]","[""Ensino e Aprendizagem"", ""Gestão de Mudanças""]","[""6152c8bb-1632-42f0-9599-919b6bf15ecb""]","[""Entender""]","[""Ensino"", ""Gerenciamento de políticas""]","Bem-Estar e Substâncias Psicoativas: uma questão de saúde pública O curso ""Bem-Estar e Substâncias Psicoativas: uma questão de saúde pública"" do Itinerário Formativo ""Ensino de Ciências, Saúde e Ambiente (ENCISA)"" visa preparar profissionais da educação para promover debates sobre questões que envolvem a Educação em Saúde e Saúde na família, incluindo as noções de bem-estar, a História da Saúde Pública no Brasil e o panorama do Sistema Único de Saúde (SUS).  Trata-se de uma abordagem temática articulada ao ensino de ciências naturais na perspectiva da educação Ciência, Tecnologia, Sociedade e Ambiente (CTS/CTSA) associada à Práxis Educativa Freireana. Tem como objetivo também apresentar a Metodologia da Mediação Dialética (MMD), que aliada aos pressupostos da Formação de Professores, visa operacionalizar a maneira como o conteúdo pode ser abordado pelo docente. O curso faz parte de uma trilha de cursos MOOC para Formação de Professores em Ciências, Saúde e Ambiente quem visam contextualizar os temas de maneira transversal e transdisciplinar envolvendo questões tecnológicas, políticas, culturais, sociais, saúde e ambientais para potencializar o despertar para novas formas de abordagens em espaços escolares e não escolares."
8c575ea4-ab86-4fed-8019-bd2e8bbcbb0b,Noções Básicas em Previdência Complementar,"Como uma das formas de divulgar, informar, orientar e esclarecer o público em geral sobre o Regime, foi elaborado Curso de Noções Básicas em Previdência Complementar, com o intuito de prestar informações, instruções e orientações acerca da Previdência Complementar.",25,"[""3062277b-4218-4f2b-8645-90ba3651fc52"", ""4d216e43-4edf-4a2d-8648-b89378e76dad"", ""695225ec-a661-4546-95e8-9266e50775d8""]","[""Aprendizado Contínuo"", ""Autogestão"", ""Orientação""]","[""Usar tecnologias e serviços digitais para melhorar a interação com os(as) estudantes,individual e coletivamente, dentro e fora da sessão de aprendizagem. Usar tecnologias digitais para proporcionar orientação e assistência oportuna e dirigida. Experimentar e desenvolver novas formas e formatos para oferecer orientação e apoio.""]","[""05ac4a5c-019d-4ec7-83cc-12ca141322fa"", ""514d5868-5f15-4ce9-b74a-d14f5310b54e"", ""afeb1766-d31e-4f99-818d-a15313e66d01"", ""b47333be-1c80-40a9-a93d-9bbc4d7e4677"", ""cac54f5d-834c-499c-bf8d-e549fa3828af""]","[""Ensino e Aprendizagem"", ""Gestão de Relacionamentos"", ""Gestão de Resultados"", ""Não especificado"", ""Promoção da Competência Digital dos(as) Estudantes""]","[""6152c8bb-1632-42f0-9599-919b6bf15ecb""]","[""Entender""]","[""Orientação""]","Noções Básicas em Previdência Complementar Como uma das formas de divulgar, informar, orientar e esclarecer o público em geral sobre o Regime, foi elaborado Curso de Noções Básicas em Previdência Complementar, com o intuito de prestar informações, instruções e orientações acerca da Previdência Complementar."
8dbe8524-6fbe-4a38-8311-f3d99f988f78,Acessibilidade em Processos Seletivos Discentes,Formação oferecida gratuitamente pelo Instituto Federal do Espírito Santo com o objetivo de promover o conhecimento necessário assim como o compartilhamento de saberes e experiências profissionais tendo em vista os direitos das pessoas com deficiência e a garantia de sua participação em conformidade com o paradigma da inclusão nos processos seletivos discentes.,60,"[""161fd267-d68a-4f88-925c-8082f17fb8b2"", ""6815ce74-37f5-40d0-ac92-285d0c126ee9"", ""bf6ee8ab-b64b-48fb-ad5a-738548fc2302""]","[""Acessibilidade e inclusão - Docente"", ""Diferenciação e personalização"", ""Promoção da Inclusão e Acessibilidade""]","["" \n \t\nUsar tecnologias digitais para atender às diversas necessidades de aprendizagem dos(as) estudantes, permitindo que estes progridam a diferentes níveis e velocidades e sigam caminhos e objetivos de aprendizagem individuais."", ""Garantir acessibilidade a recursos e atividades de aprendizagem para todos os(as) estudantes, incluindo os que têm necessidades especiais. Ter em consideração e dar resposta às expetativas, capacidades, usos e conceções errôneas (digitais) dos(as) estudantes, bem como ao uso contextual, físico e cognitivo que fazem das tecnologias digitais."", ""Planejar, implementar e/ou monitorar políticas institucionais, educacionais e administrativas que garantam a inclusão de pessoas com deficiência, assegurando o cumprimento da legislação vigente, especialmente a Lei Brasileira de Inclusão (LBI). Além disso, prestar atendimento adequado, promovendo ambientes e práticas acessíveis, equitativos e livres de barreiras físicas, tecnológicas, pedagógicas, comunicacionais e atitudinais.""]","[""27ccdc3f-64d6-4748-960b-171e9c804d23"", ""c7be7c48-c417-4dec-b203-34ddedba7507""]","[""Capacitação dos(as) Estudantes"", ""Transversais""]","[""6152c8bb-1632-42f0-9599-919b6bf15ecb"", ""7b16819f-cb8a-406d-9ab9-a335a50143cb"", ""85f646ca-67c5-439c-8cc1-df4fed9e0ae7"", ""dcd7e78d-25ed-4a16-9229-39773b4f6b3d""]","[""Analisar"", ""Aplicar"", ""Entender"", ""Lembrar""]","[""Acessibilidade e inclusão - Docente"", ""Diferenciação e personalização"", ""Promoção da Inclusão e Acessibilidade""]",Acessibilidade em Processos Seletivos Discentes Formação oferecida gratuitamente pelo Instituto Federal do Espírito Santo com o objetivo de promover o conhecimento necessário assim como o compartilhamento de saberes e experiências profissionais tendo em vista os direitos das pessoas com deficiência e a garantia de sua participação em conformidade com o paradigma da inclusão nos processos seletivos discentes.
8f158e3c-fe94-400c-a03b-e2c049a9d401,Equipamentos e Materiais Didáticos,"O curso Equipamentos e Materiais Didáticos tem como objetivo capacitar educadores para a seleção, utilização e criação de recursos didáticos adequados a diferentes níveis de ensino e contextos educacionais. Com uma abordagem teórica, o curso abordará os fundamentos da didática aplicada a materiais educacionais, características dos equipamentos didáticos por nível de ensino (Educação Infantil, Fundamental, Médio, EJA e Educação Especial) e estratégias para otimizar o uso desses recursos em sala de aula.
Destinado a professores, pedagogos, estudantes de licenciatura e profissionais da educação básica. Ao final, os participantes estarão aptos a identificar os materiais mais adequados para cada faixa etária e contexto educacional, criar recursos didáticos eficazes e aplicar metodologias de ensino que potencializam o uso desses materiais.
Para conclusão, o curso foi produzido pelo IFRS e oferecido pela Plataforma Aprenda Mais (MEC). Não há pré-requisitos para participação.",40,"[""3062277b-4218-4f2b-8645-90ba3651fc52"", ""e4f31519-2fad-4fe8-b476-5da4715a16e9""]","[""Ensino"", ""Orientação""]","[""Planificar e implementar dispositivos e recursos digitais no processo de ensino, de modo a melhorar a eficácia das intervenções pedagógicas. Gerir e orquestrar  adequadamente estratégias de ensino digital. Experimentar e desenvolver novos formatos e métodos pedagógicos para o ensino."", ""Usar tecnologias e serviços digitais para melhorar a interação com os(as) estudantes,individual e coletivamente, dentro e fora da sessão de aprendizagem. Usar tecnologias digitais para proporcionar orientação e assistência oportuna e dirigida. Experimentar e desenvolver novas formas e formatos para oferecer orientação e apoio.""]","[""cac54f5d-834c-499c-bf8d-e549fa3828af""]","[""Ensino e Aprendizagem""]","[""6152c8bb-1632-42f0-9599-919b6bf15ecb"", ""85f646ca-67c5-439c-8cc1-df4fed9e0ae7"", ""dcd7e78d-25ed-4a16-9229-39773b4f6b3d""]","[""Analisar"", ""Entender"", ""Lembrar""]","[""Ensino"", ""Orientação""]","Equipamentos e Materiais Didáticos O curso Equipamentos e Materiais Didáticos tem como objetivo capacitar educadores para a seleção, utilização e criação de recursos didáticos adequados a diferentes níveis de ensino e contextos educacionais. Com uma abordagem teórica, o curso abordará os fundamentos da didática aplicada a materiais educacionais, características dos equipamentos didáticos por nível de ensino (Educação Infantil, Fundamental, Médio, EJA e Educação Especial) e estratégias para otimizar o uso desses recursos em sala de aula.
Destinado a professores, pedagogos, estudantes de licenciatura e profissionais da educação básica. Ao final, os participantes estarão aptos a identificar os materiais mais adequados para cada faixa etária e contexto educacional, criar recursos didáticos eficazes e aplicar metodologias de ensino que potencializam o uso desses materiais.
Para conclusão, o curso foi produzido pelo IFRS e oferecido pela Plataforma Aprenda Mais (MEC). Não há pré-requisitos para participação."
90df9fe4-6be8-4c7b-9362-ea24aebe8f59,Francês Básico,"Conteúdo: Cumprimentos, alfabeto, números, apresentação pessoal, gostos e preferências, os contatos, descrição física e psicológica, a família e os amigos, as horas e a data, o clima, as atividades cotidianas e hábitos e frequência da rotina do dia a dia.
Carga-horária: 45 horas
Público-alvo: Interessados em aprender as bases da língua e cultura francesas. ",45,"[""3418004f-90fd-4a64-bb7c-fab6c1f8f6cc""]","[""Comunicação interpessoal""]","[""Iniciar e manter comunicações respeitosas e cordiais; transmitir de forma transparente e comportamento estável, informações e gestos, mensagens orais e de texto claros, concisos, fiáveis e apropriados para o destinatário. Atender ativamente informações, consultas, divergências e mensagens de terceiros com uma atitude construtiva e empática.""]","[""514d5868-5f15-4ce9-b74a-d14f5310b54e""]","[""Gestão de Relacionamentos""]","[""6152c8bb-1632-42f0-9599-919b6bf15ecb"", ""7b16819f-cb8a-406d-9ab9-a335a50143cb""]","[""Aplicar"", ""Entender""]","[""Comunicação interpessoal""]","Francês Básico Conteúdo: Cumprimentos, alfabeto, números, apresentação pessoal, gostos e preferências, os contatos, descrição física e psicológica, a família e os amigos, as horas e a data, o clima, as atividades cotidianas e hábitos e frequência da rotina do dia a dia.
Carga-horária: 45 horas
Público-alvo: Interessados em aprender as bases da língua e cultura francesas."
929312b9-217e-48d3-9b99-37e69ab894f9,Introdução ao Orçamento Público,O curso apresenta noções de orçamento público para uma compreensão básica do processo orçamentário e seus principais instrumentos legais. ,40,"[""3a910f03-4c71-4606-93cd-179056019b11""]","[""Gerenciamento de recursos""]","[""Preservar critérios de eficácia e eficiência na administração de recursos materiais, das competências das pessoas e dos ativos de uso da organização.""]","[""b47333be-1c80-40a9-a93d-9bbc4d7e4677""]","[""Gestão de Resultados""]","[""6152c8bb-1632-42f0-9599-919b6bf15ecb"", ""85f646ca-67c5-439c-8cc1-df4fed9e0ae7""]","[""Entender"", ""Lembrar""]","[""Gerenciamento de recursos""]",Introdução ao Orçamento Público O curso apresenta noções de orçamento público para uma compreensão básica do processo orçamentário e seus principais instrumentos legais.
92ce448b-2a99-42d9-ad24-279b004f36a1,História das Ciências e o Método Científico: Bases Para a Educação Científica,"Ementa:
Abordagem da história da humanidade, os primórdios, as primeiras revoluções científicas humanas. Entendimento dos principais acontecimentos, autores e construção da ciência durante a antiguidade, idade média e moderna. Discussão do método científico na contemporaneidade, os feitos científicos, a difusão da ciência para o entendimento dos termos e aceitação/entendimento social da ciência. 

Objetivos gerais:
Objetivo geral do curso é promover educação científica, preparando os cursistas para entenderem melhor o mundo que vivem e como a ciência permitiu sua construção e seus avanços, através do conhecimento do pensamento e método científico.

Objetivos específicos:
Entender e discutir a história da humanidade, os primórdios, as primeiras revoluções científicas humanas, que nos permitiram avançar rumo à modernidade e aos conceitos e métodos da ciência moderna e pós-moderna.

Entender os principais acontecimentos, autores e construção da ciência durante a antiguidade, média e moderna. Entenderemos o método científico e como fundamentou a ciência moderna e pós-moderna.

Discutir os feitos científicos, a difusão da ciência, a importância do entendimento básico como foi feito em metas anteriores para o entendimento dos termos e aceitação/entendimento social da ciência. Faremos discussões de artigos e produções científicas modernas que guiam o mundo. Falaremos sobre o ensino de ciência para formação de cidadãos críticos e imunes à negacionismos e relativismos quanto a produção de ciência consolidada, sempre remetendo à sistemática e métodos complexos para produção dos conteúdos científicos.",30,"[""e4f31519-2fad-4fe8-b476-5da4715a16e9""]","[""Ensino""]","[""Planificar e implementar dispositivos e recursos digitais no processo de ensino, de modo a melhorar a eficácia das intervenções pedagógicas. Gerir e orquestrar  adequadamente estratégias de ensino digital. Experimentar e desenvolver novos formatos e métodos pedagógicos para o ensino.""]","[""cac54f5d-834c-499c-bf8d-e549fa3828af""]","[""Ensino e Aprendizagem""]","[""6152c8bb-1632-42f0-9599-919b6bf15ecb"", ""85f646ca-67c5-439c-8cc1-df4fed9e0ae7"", ""dcd7e78d-25ed-4a16-9229-39773b4f6b3d""]","[""Analisar"", ""Entender"", ""Lembrar""]","[""Ensino""]","História das Ciências e o Método Científico: Bases Para a Educação Científica Ementa:
Abordagem da história da humanidade, os primórdios, as primeiras revoluções científicas humanas. Entendimento dos principais acontecimentos, autores e construção da ciência durante a antiguidade, idade média e moderna. Discussão do método científico na contemporaneidade, os feitos científicos, a difusão da ciência para o entendimento dos termos e aceitação/entendimento social da ciência. 

Objetivos gerais:
Objetivo geral do curso é promover educação científica, preparando os cursistas para entenderem melhor o mundo que vivem e como a ciência permitiu sua construção e seus avanços, através do conhecimento do pensamento e método científico.

Objetivos específicos:
Entender e discutir a história da humanidade, os primórdios, as primeiras revoluções científicas humanas, que nos permitiram avançar rumo à modernidade e aos conceitos e métodos da ciência moderna e pós-moderna.

Entender os principais acontecimentos, autores e construção da ciência durante a antiguidade, média e moderna. Entenderemos o método científico e como fundamentou a ciência moderna e pós-moderna.

Discutir os feitos científicos, a difusão da ciência, a importância do entendimento básico como foi feito em metas anteriores para o entendimento dos termos e aceitação/entendimento social da ciência. Faremos discussões de artigos e produções científicas modernas que guiam o mundo. Falaremos sobre o ensino de ciência para formação de cidadãos críticos e imunes à negacionismos e relativismos quanto a produção de ciência consolidada, sempre remetendo à sistemática e métodos complexos para produção dos conteúdos científicos."
930e22e8-8ed7-426a-970b-74d31bfacbd8,Técnicas e Dinâmicas de Trabalho em Grupo,"Modalidades e dinâmicas; sistemática de um grupo; avaliação e tipos de grupos. Curso produzido pelo IFRS, ofertado pela Plataforma Aprenda Mais (MEC).",20,"[""3062277b-4218-4f2b-8645-90ba3651fc52"", ""e4f31519-2fad-4fe8-b476-5da4715a16e9""]","[""Ensino"", ""Orientação""]","[""Planificar e implementar dispositivos e recursos digitais no processo de ensino, de modo a melhorar a eficácia das intervenções pedagógicas. Gerir e orquestrar  adequadamente estratégias de ensino digital. Experimentar e desenvolver novos formatos e métodos pedagógicos para o ensino."", ""Usar tecnologias e serviços digitais para melhorar a interação com os(as) estudantes,individual e coletivamente, dentro e fora da sessão de aprendizagem. Usar tecnologias digitais para proporcionar orientação e assistência oportuna e dirigida. Experimentar e desenvolver novas formas e formatos para oferecer orientação e apoio.""]","[""cac54f5d-834c-499c-bf8d-e549fa3828af""]","[""Ensino e Aprendizagem""]","[""6152c8bb-1632-42f0-9599-919b6bf15ecb"", ""85f646ca-67c5-439c-8cc1-df4fed9e0ae7"", ""dcd7e78d-25ed-4a16-9229-39773b4f6b3d""]","[""Analisar"", ""Entender"", ""Lembrar""]","[""Ensino"", ""Orientação""]","Técnicas e Dinâmicas de Trabalho em Grupo Modalidades e dinâmicas; sistemática de um grupo; avaliação e tipos de grupos. Curso produzido pelo IFRS, ofertado pela Plataforma Aprenda Mais (MEC)."
93c5b333-e804-4a1c-9194-249681b67e92,Design para Apresentações,"O curso Design para Apresentações tem como objetivo capacitar profissionais, estudantes e qualquer pessoa interessada a criar slides visualmente atrativos, claros e eficientes, aplicando princípios básicos de design gráfico. Com uma abordagem prática, o curso abordará noções de tipografia, cores, hierarquia visual, layout, uso de imagens e técnicas para simplificar informações complexas.
Destinado a profissionais de diversas áreas, professores, estudantes e quem deseja melhorar suas apresentações em contextos acadêmicos ou corporativos. Ao final, os participantes estarão aptos a desenvolver apresentações profissionais que comunicam ideias com clareza, engajam a audiência e reforçam a credibilidade do conteúdo.
Para conclusão, não há pré-requisitos, mas familiaridade básica com algum software de slides é recomendada para melhor aproveitamento.",20,"[""5bbd2583-9abd-4d05-b7b5-d3eb9d64ebc2"", ""84b2a6b0-c670-4a34-a04f-594a0b4c1d4a""]","[""Criatividade"", ""Criação e modificação""]","[""Aplicar sua experiência e especialização em melhorar o uso de dados para refinar metodologias, processos, produtos e interações em equipe, orientadas para a satisfação do usuário externo/interno."", ""Modificar e desenvolver recursos existentes com licença aberta e outros recursos onde tal é permitido. Criar ou cocriar novos recursos educacionais digitais. Ter em\nconsideração o objetivo específico de aprendizagem, o contexto, a abordagem pedagógica e o grupo de estudantes, ao selecionar recursos digitais e planificar a sua utilização.""]","[""5a224ac7-f165-4900-971c-f82f2684f779"", ""e23d3b1c-ee83-4b09-b141-fc0f9dc7ab57""]","[""Processos de Melhoria"", ""Recursos Digitais""]","[""6152c8bb-1632-42f0-9599-919b6bf15ecb"", ""85f646ca-67c5-439c-8cc1-df4fed9e0ae7""]","[""Entender"", ""Lembrar""]","[""Criação e modificação""]","Design para Apresentações O curso Design para Apresentações tem como objetivo capacitar profissionais, estudantes e qualquer pessoa interessada a criar slides visualmente atrativos, claros e eficientes, aplicando princípios básicos de design gráfico. Com uma abordagem prática, o curso abordará noções de tipografia, cores, hierarquia visual, layout, uso de imagens e técnicas para simplificar informações complexas.
Destinado a profissionais de diversas áreas, professores, estudantes e quem deseja melhorar suas apresentações em contextos acadêmicos ou corporativos. Ao final, os participantes estarão aptos a desenvolver apresentações profissionais que comunicam ideias com clareza, engajam a audiência e reforçam a credibilidade do conteúdo.
Para conclusão, não há pré-requisitos, mas familiaridade básica com algum software de slides é recomendada para melhor aproveitamento."
93f17a9a-fd0f-4890-bdd3-7555860f1b9d,Assistente de Secretaria Escolar,"O curso trata dos seguintes temas:
- Redação de textos empresariais e oficiais.
- Legislação Escolar.
- Gestão de Documentos e Arquivística.
- Trabalho Escolar e Teorias Administrativas.
- Administração de Materiais.
- Contabilidade na Escola.
- Gestão Democrática nos Sistemas e na Escola.
- Relações Interpessoais.",200,"[""74347817-89b5-47e7-9c5d-6c07c69690fa""]","[""Desenvolvimento Profissional Contínuo (DPC) digital""]","[""Usar fontes e recursos digitais para desenvolvimento profissional contínuo.""]","[""690c731c-31f8-46f6-94f6-94d952223a08""]","[""Envolvimento Profissional""]","[""6152c8bb-1632-42f0-9599-919b6bf15ecb"", ""7b16819f-cb8a-406d-9ab9-a335a50143cb"", ""85f646ca-67c5-439c-8cc1-df4fed9e0ae7""]","[""Aplicar"", ""Entender"", ""Lembrar""]","[""Desenvolvimento Profissional Contínuo (DPC) digital""]","Assistente de Secretaria Escolar O curso trata dos seguintes temas:
- Redação de textos empresariais e oficiais.
- Legislação Escolar.
- Gestão de Documentos e Arquivística.
- Trabalho Escolar e Teorias Administrativas.
- Administração de Materiais.
- Contabilidade na Escola.
- Gestão Democrática nos Sistemas e na Escola.
- Relações Interpessoais."
95210bbb-b760-43cc-8810-889654262981,Comunicação Pública e Comunicação de Governo,"Domine a Comunicação Pública na Era Digital
Desenvolva as competências essenciais para se destacar na comunicação pública. Aprenda a estruturar um departamento de comunicação eficaz e a navegar pelos desafios das mídias digitais e das fake news na gestão pública.
Ao concluir este curso, você será capaz de:
Estruturar um departamento de comunicação pública de alto desempenho.
Lidar com as especificidades do setor público e suas demandas.
Analisar o impacto das mídias digitais e das fake news na gestão pública.
Elaborar um planejamento de comunicação estratégico e eficaz.
Conteúdo Programático:
Módulo 1: Introdução à comunicação e conceitos básicos da comunicação pública e organizacional.
Módulo 2: Comunicação na gestão.
Módulo 3: Crises.
Módulo 4: Comunicação Pública: especificidades e alertas na web.
Módulo 5: Gestão estratégica da comunicação.
Informações Adicionais:
Conteudista: Enap - Escola Nacional de Administração Pública
Certificador: Enap - Escola Nacional de Administração Pública
Carga Horária: 10h
Disponibilidade: 30 dias
Idioma: Português
Público-Alvo: Profissionais que atuam na área de comunicação pública e demais interessados. Curso aberto, gratuito e com certificado.",10,"[""1e52ca6e-ca19-4585-a66e-f6adc3013a74"", ""3418004f-90fd-4a64-bb7c-fab6c1f8f6cc"", ""45d29970-ecb3-4e4a-b57b-4850c9b6d98f""]","[""Comunicação"", ""Comunicação efetiva"", ""Comunicação interpessoal""]","[""Capacidade de escutar, indagar e expressar conceitos e ideias nos momentos apropriados e de forma efetiva, garantindo uma dinâmica produtiva das interações internas e externas."", ""Estabelecer comunicação efetiva e positiva com superiores hierárquicos, pares e cidadãos, tanto na expressão escrita e verbal quanto corporal."", ""Iniciar e manter comunicações respeitosas e cordiais; transmitir de forma transparente e comportamento estável, informações e gestos, mensagens orais e de texto claros, concisos, fiáveis e apropriados para o destinatário. Atender ativamente informações, consultas, divergências e mensagens de terceiros com uma atitude construtiva e empática.""]","[""27ccdc3f-64d6-4748-960b-171e9c804d23"", ""4a2cf0b1-98dd-4bff-adc0-898f32e7b857"", ""514d5868-5f15-4ce9-b74a-d14f5310b54e""]","[""Gestão de Relacionamentos"", ""Orientação a Resultados"", ""Transversais""]","[""6152c8bb-1632-42f0-9599-919b6bf15ecb"", ""7b16819f-cb8a-406d-9ab9-a335a50143cb"", ""dcd7e78d-25ed-4a16-9229-39773b4f6b3d""]","[""Analisar"", ""Aplicar"", ""Entender""]","[""Comunicação"", ""Comunicação efetiva"", ""Comunicação interpessoal""]","Comunicação Pública e Comunicação de Governo Domine a Comunicação Pública na Era Digital
Desenvolva as competências essenciais para se destacar na comunicação pública. Aprenda a estruturar um departamento de comunicação eficaz e a navegar pelos desafios das mídias digitais e das fake news na gestão pública.
Ao concluir este curso, você será capaz de:
Estruturar um departamento de comunicação pública de alto desempenho.
Lidar com as especificidades do setor público e suas demandas.
Analisar o impacto das mídias digitais e das fake news na gestão pública.
Elaborar um planejamento de comunicação estratégico e eficaz.
Conteúdo Programático:
Módulo 1: Introdução à comunicação e conceitos básicos da comunicação pública e organizacional.
Módulo 2: Comunicação na gestão.
Módulo 3: Crises.
Módulo 4: Comunicação Pública: especificidades e alertas na web.
Módulo 5: Gestão estratégica da comunicação.
Informações Adicionais:
Conteudista: Enap - Escola Nacional de Administração Pública
Certificador: Enap - Escola Nacional de Administração Pública
Carga Horária: 10h
Disponibilidade: 30 dias
Idioma: Português
Público-Alvo: Profissionais que atuam na área de comunicação pública e demais interessados. Curso aberto, gratuito e com certificado."
95c52c78-2446-414a-8379-877bd54b3740,Gestão por Competências,"O que você sabe sobre Gestão por Competências? Como ela é aplicada no setor público? A partir da experiência da Receita Federal, esse curso aborda o papel da gestão por competências no contexto público e como ela pode contribuir na identificação de lacunas e para o aperfeiçoamento de servidores. 
Público Alvo:
Servidores públicos lotados na Receita Federal do Brasil e aos interessados em conhecer como a Gestão por Competências pode ocorrer administração pública. 
Conteúdo Programático:
Módulo 1 - Modelos de administração de pessoal e o panorama da Gestão por Competências.
Módulo 2 - Conceitos, definições e tipologias de competências.
Módulo 3 - Gestão por Competências na RFB.",40,"[""432c5350-bdb8-4e22-b7a4-0417e9cfa8f4"", ""7a8fc826-b1a6-4d1a-854d-9782c417ee0f""]","[""Gestão da qualidade"", ""Gestão do desenvolvimento de pessoas""]","[""Conduzir a área de gestão encarregada de padronizar boas práticas processuais, no âmbito do paradigma da qualidade; gerando serviços internos ou externos seguros e confiáveis, de acordo com indicadores pré-estabelecidos em termos de legislação vigente e padrões de qualidade aplicáveis."", ""Forjar um ambiente de trabalho em que os interesses de equipes e indivíduos se harmonizem com os objetivos e resultados da organização, gerando oportunidades de aprendizado e desenvolvimento, bem como incentivos para reforçar o desempenho excepcional.""]","[""b47333be-1c80-40a9-a93d-9bbc4d7e4677""]","[""Gestão de Resultados""]","[""6152c8bb-1632-42f0-9599-919b6bf15ecb"", ""7b16819f-cb8a-406d-9ab9-a335a50143cb""]","[""Aplicar"", ""Entender""]","[""Gestão da qualidade"", ""Gestão do desenvolvimento de pessoas""]","Gestão por Competências O que você sabe sobre Gestão por Competências? Como ela é aplicada no setor público? A partir da experiência da Receita Federal, esse curso aborda o papel da gestão por competências no contexto público e como ela pode contribuir na identificação de lacunas e para o aperfeiçoamento de servidores. 
Público Alvo:
Servidores públicos lotados na Receita Federal do Brasil e aos interessados em conhecer como a Gestão por Competências pode ocorrer administração pública. 
Conteúdo Programático:
Módulo 1 - Modelos de administração de pessoal e o panorama da Gestão por Competências.
Módulo 2 - Conceitos, definições e tipologias de competências.
Módulo 3 - Gestão por Competências na RFB."
96642dca-330d-4514-9a2e-6051eaec23be,Aplicação do Power BI para Aprimoramento da Gestão,"O curso tem o objetivo de apresentar a metodologia Business Intelligence por meio da ferramenta Power BI, que trabalha com acesso interativo aos dados e permite realizar análises apropriadas. É importante que a ferramenta esteja disponível em seu computador para que você tenha maior aproveitamento durante seus estudos e possa praticar as ações demonstradas. 
Público Alvo:
Agentes do setor de administração pública federal.
Conteúdo Programático:
Módulo 1: Introdução ao Power BI;
Módulo 2: Obtenção e Transformação dos Dados;
Módulo 3: Modelagem dos Dados;
Módulo 4: Cálculos no Power BI;
Módulo 5: Visualização no Power BI;
Módulo 6: Publicação no Power BI Online;
Módulo 7: Automatização no Power BI Online.",25,"[""20e05dca-55d6-4609-ade9-a774c1362b62"", ""4667ae96-35b0-435a-87f5-e21af9c1086d"", ""4be87cc2-7a58-4885-8970-8f49249d43d5"", ""b30f6b99-0189-4c80-8977-bd7cf269ab8e"", ""c2ec6e9a-e945-4168-b151-408d1f929935""]","[""Inovação"", ""Mentalidade Digital"", ""Resolução de problemas com base em dados"", ""Uso de TIC"", ""Visão estratégica""]","[""Capacidade de idear soluções inovadoras e efetivas para problemas de baixa, média ou elevada complexidade com a utilização de dados (numéricos e não numéricos) e evidências que aumentem a precisão e viabilidade das soluções."", ""Capacidade de integrar as tecnologias digitais com: os modelos de gestão; os processos de tomada de decisão e geração de produtos e serviços; e os\nmeios de comunicação interna, externa e de relacionamento com usuários."", ""Compreender o ambiente político e a as tendências que interferem no estado de coisas; antecipar problemas e oportunidades a médio e longo prazo para a área responsável a fim de que a gestão identifique a alternativa mais adequada a cada situação presente ou eventual, comunicando à equipe a lógica das decisões diretivas."", ""Forjar um clima de interesse para soluções inovadoras que melhorem a eficiência das respostas aos cidadãos em termos de informações, processos, tecnologias, resultados e impactos da gestão pública."", ""Otimizar o uso das tecnologias de informação e comunicação disponíveis, em seu efetivo potencial, para melhorar seu desempenho.""]","[""27ccdc3f-64d6-4748-960b-171e9c804d23"", ""4a2cf0b1-98dd-4bff-adc0-898f32e7b857"", ""7d566976-b00c-4aa7-aa67-d94656c8db8c""]","[""Gestão de Mudanças"", ""Orientação a Resultados"", ""Transversais""]","[""6152c8bb-1632-42f0-9599-919b6bf15ecb"", ""7b16819f-cb8a-406d-9ab9-a335a50143cb""]","[""Aplicar"", ""Entender""]","[""Inovação"", ""Mentalidade Digital"", ""Resolução de problemas com base em dados"", ""Uso de TIC"", ""Visão estratégica""]","Aplicação do Power BI para Aprimoramento da Gestão O curso tem o objetivo de apresentar a metodologia Business Intelligence por meio da ferramenta Power BI, que trabalha com acesso interativo aos dados e permite realizar análises apropriadas. É importante que a ferramenta esteja disponível em seu computador para que você tenha maior aproveitamento durante seus estudos e possa praticar as ações demonstradas. 
Público Alvo:
Agentes do setor de administração pública federal.
Conteúdo Programático:
Módulo 1: Introdução ao Power BI;
Módulo 2: Obtenção e Transformação dos Dados;
Módulo 3: Modelagem dos Dados;
Módulo 4: Cálculos no Power BI;
Módulo 5: Visualização no Power BI;
Módulo 6: Publicação no Power BI Online;
Módulo 7: Automatização no Power BI Online."
96c46175-c164-4fa2-8417-3e7efde4b8e6,Psicologia da Aprendizagem," História e conceituação da inteligência do ser humano; concepções de aprendizagem; conceitos de aprendizagem; as concepções de aprendizagem; resiliência e autoestima; motivação, relações interpessoais e respeito ao próximo; as principais teorias da aprendizagem e as concepções: inatista, ambientalista e interacionista de educação; as múltiplas inteligências – Howard Gardner; concepções de educação em Vygotsky, Piaget, Ferreiro e Wallon.",40,"[""3062277b-4218-4f2b-8645-90ba3651fc52"", ""e4f31519-2fad-4fe8-b476-5da4715a16e9""]","[""Ensino"", ""Orientação""]","[""Planificar e implementar dispositivos e recursos digitais no processo de ensino, de modo a melhorar a eficácia das intervenções pedagógicas. Gerir e orquestrar  adequadamente estratégias de ensino digital. Experimentar e desenvolver novos formatos e métodos pedagógicos para o ensino."", ""Usar tecnologias e serviços digitais para melhorar a interação com os(as) estudantes,individual e coletivamente, dentro e fora da sessão de aprendizagem. Usar tecnologias digitais para proporcionar orientação e assistência oportuna e dirigida. Experimentar e desenvolver novas formas e formatos para oferecer orientação e apoio.""]","[""cac54f5d-834c-499c-bf8d-e549fa3828af""]","[""Ensino e Aprendizagem""]","[""6152c8bb-1632-42f0-9599-919b6bf15ecb"", ""7b16819f-cb8a-406d-9ab9-a335a50143cb"", ""85f646ca-67c5-439c-8cc1-df4fed9e0ae7""]","[""Aplicar"", ""Entender"", ""Lembrar""]","[""Ensino"", ""Orientação""]","Psicologia da Aprendizagem História e conceituação da inteligência do ser humano; concepções de aprendizagem; conceitos de aprendizagem; as concepções de aprendizagem; resiliência e autoestima; motivação, relações interpessoais e respeito ao próximo; as principais teorias da aprendizagem e as concepções: inatista, ambientalista e interacionista de educação; as múltiplas inteligências – Howard Gardner; concepções de educação em Vygotsky, Piaget, Ferreiro e Wallon."
9859ab27-fd40-40ad-9008-f74832130d7d,Boas Práticas de Segurança do Trabalho em Laboratórios,"O curso se destina a capacitar os usuários de laboratórios (alunos, egressos, docentes, técnicos e auxiliares de laboratório) sobre as orientações básicas de segurança do trabalho aplicáveis aos laboratórios.

Objetivos específicos:
● Conhecer as principais normas de Segurança do Trabalho vigentes no Brasil.
●  Identificar as principais medidas de proteção individuais e coletivas disponíveis em laboratórios.
●  Identificar os principais riscos que podem estar expostos em laboratórios com relevância de natureza química, física e biológica.
●  Auxiliar na implantação das boas práticas descritas neste curso em seu ambiente de trabalho.
●  Conhecer as ações a serem realizadas em situações de emergência.
Conteúdos:
- Introdução a Segurança do Trabalho: conceitos básicos de segurança do trabalho. 
- Equipamentos de proteção coletiva e equipamentos de proteção individual e coletiva. 
- Produtos químicos. Equipamentos, vidrarias e  utensílios de laboratório. 
- Mapa de riscos. Manual de segurança para laboratórios. 
- Situações de emergência.",30,"[""3062277b-4218-4f2b-8645-90ba3651fc52"", ""432c5350-bdb8-4e22-b7a4-0417e9cfa8f4"", ""5a036b8e-1546-48ea-a616-2890f9904d4c"", ""e4f31519-2fad-4fe8-b476-5da4715a16e9""]","[""Aprendizagem colaborativa"", ""Ensino"", ""Gestão do desenvolvimento de pessoas"", ""Orientação""]","[""Forjar um ambiente de trabalho em que os interesses de equipes e indivíduos se harmonizem com os objetivos e resultados da organização, gerando oportunidades de aprendizado e desenvolvimento, bem como incentivos para reforçar o desempenho excepcional."", ""Planificar e implementar dispositivos e recursos digitais no processo de ensino, de modo a melhorar a eficácia das intervenções pedagógicas. Gerir e orquestrar  adequadamente estratégias de ensino digital. Experimentar e desenvolver novos formatos e métodos pedagógicos para o ensino."", ""Usar tecnologias digitais para promover e melhorar a colaboração do(a) estudante. Permitir que os(as) estudantes usem tecnologias digitais enquanto parte de tarefas colaborativas, como meio de melhorar a comunicação, a colaboração e a criação colaborativa de conhecimento."", ""Usar tecnologias e serviços digitais para melhorar a interação com os(as) estudantes,individual e coletivamente, dentro e fora da sessão de aprendizagem. Usar tecnologias digitais para proporcionar orientação e assistência oportuna e dirigida. Experimentar e desenvolver novas formas e formatos para oferecer orientação e apoio.""]","[""b47333be-1c80-40a9-a93d-9bbc4d7e4677"", ""cac54f5d-834c-499c-bf8d-e549fa3828af""]","[""Ensino e Aprendizagem"", ""Gestão de Resultados""]","[""6152c8bb-1632-42f0-9599-919b6bf15ecb"", ""85f646ca-67c5-439c-8cc1-df4fed9e0ae7""]","[""Entender"", ""Lembrar""]","[""Aprendizagem colaborativa"", ""Ensino"", ""Gestão do desenvolvimento de pessoas"", ""Orientação""]","Boas Práticas de Segurança do Trabalho em Laboratórios O curso se destina a capacitar os usuários de laboratórios (alunos, egressos, docentes, técnicos e auxiliares de laboratório) sobre as orientações básicas de segurança do trabalho aplicáveis aos laboratórios.

Objetivos específicos:
● Conhecer as principais normas de Segurança do Trabalho vigentes no Brasil.
●  Identificar as principais medidas de proteção individuais e coletivas disponíveis em laboratórios.
●  Identificar os principais riscos que podem estar expostos em laboratórios com relevância de natureza química, física e biológica.
●  Auxiliar na implantação das boas práticas descritas neste curso em seu ambiente de trabalho.
●  Conhecer as ações a serem realizadas em situações de emergência.
Conteúdos:
- Introdução a Segurança do Trabalho: conceitos básicos de segurança do trabalho. 
- Equipamentos de proteção coletiva e equipamentos de proteção individual e coletiva. 
- Produtos químicos. Equipamentos, vidrarias e  utensílios de laboratório. 
- Mapa de riscos. Manual de segurança para laboratórios. 
- Situações de emergência."
9971cdc8-d1dc-4eab-8524-803ba55f77f8,Aspectos jurídicos do assédio moral no âmbito da administração pública,"Neste curso iremos abordar o tema assédio moral e suas peculiaridades no serviço público. Apresentaremos também o conceito de assédio moral partindo de uma abordagem multidisciplinar, na qual auxilia na identificação de diversas formas pelas quais a agressão moral pode ocorrer. Além disso, o curso traz as decisões judiciais mais recentes sobre o tema.",12,"[""432c5350-bdb8-4e22-b7a4-0417e9cfa8f4"", ""c769606e-9f97-4fab-b9c9-51eb99e3bd44""]","[""Gestão do desenvolvimento de pessoas"", ""Tomada de decisão para gestores""]","[""Adotar e informar decisões prévias, explorando alternativas para minimizar custos e aumentar as vantagens para a organização na questão que for decidida."", ""Forjar um ambiente de trabalho em que os interesses de equipes e indivíduos se harmonizem com os objetivos e resultados da organização, gerando oportunidades de aprendizado e desenvolvimento, bem como incentivos para reforçar o desempenho excepcional.""]","[""b47333be-1c80-40a9-a93d-9bbc4d7e4677""]","[""Gestão de Resultados""]","[""6152c8bb-1632-42f0-9599-919b6bf15ecb"", ""85f646ca-67c5-439c-8cc1-df4fed9e0ae7""]","[""Entender"", ""Lembrar""]","[""Gestão do desenvolvimento de pessoas"", ""Tomada de decisão para gestores""]","Aspectos jurídicos do assédio moral no âmbito da administração pública Neste curso iremos abordar o tema assédio moral e suas peculiaridades no serviço público. Apresentaremos também o conceito de assédio moral partindo de uma abordagem multidisciplinar, na qual auxilia na identificação de diversas formas pelas quais a agressão moral pode ocorrer. Além disso, o curso traz as decisões judiciais mais recentes sobre o tema."
9a1d3fdd-064e-46d1-a007-16b87efe4212,Mooc de Lovelace: Pensamento Computacional com Scratch,"Este curso utiliza a linguagem de programação Scratch para trabalhar o pensamento computacional e também para ensinar conceitos básicos de programação de computadores, como condicionais, estruturas de repetição e processamento em paralelo. A ideia do “Mooc de Lovelace - Pensamento computacional com Scratch” surgiu a partir da aplicação de um projeto de pesquisa do curso de Mestrado Profissional em Educação Profissional e Tecnológica (ProfEPT/Ifes) que trabalhou as habilidades do pensamento computacional e ensinou conceitos básicos de programação para pessoas presas na Penitenciária Semiaberta de Vila Velha (PSVV). A partir dessa experiência, nasceu a ideia de transformar em videoaulas o conteúdo aplicado nas dependências da PSVV. O trabalho desenvolvido na PSVV foi objeto de plaforedu_schema_devações científicas em eventos e periódicos, como o trabalho Recompilando o futuro: O pensamento computacional como parte do processo de ressocialização de detentos, apresentado no evento IV Congresso sobre Tecnologias na Educação (Ctrl+E 2019) e O Ensino da programação de computadores na perspectiva de Gagné aplicado no contexto da educação prisional, plaforedu_schema_devado na revista Novas Tecnologias na Educação 2020-1 (Renote). ",30,"[""20e05dca-55d6-4609-ade9-a774c1362b62"", ""6461c25c-1491-4610-8ee0-2029d77fa61d"", ""6a6c1fb3-6126-406e-80b1-fd587d3b5a25"", ""8f9fe3a9-ae88-46cc-a823-6a92c28243f2"", ""e4f31519-2fad-4fe8-b476-5da4715a16e9""]","[""Comunicação e colaboração digital"", ""Criação de conteúdo digital"", ""Ensino"", ""Gerenciamento digital"", ""Mentalidade Digital""]","[""Capacidade de integrar as tecnologias digitais com: os modelos de gestão; os processos de tomada de decisão e geração de produtos e serviços; e os\nmeios de comunicação interna, externa e de relacionamento com usuários."", ""Incorporar atividades, tarefas e avaliações de aprendizagem que requeiram que os(as) estudantes se expressem através de meios digitais, modifiquem e criem conteúdo digital em diferentes formatos. Ensinar aos(às) estudantes como os direitos de autor e as licenças se aplicam ao conteúdo digital, como referenciar fontes e atribuir licenças."", ""Incorporar atividades, tarefas e avaliações de aprendizagem que requeiram que os(as) estudantes usem, eficaz e responsavelmente, tecnologias digitais para comunicação, colaboração e participação cívica."", ""Planificar e implementar dispositivos e recursos digitais no processo de ensino, de modo a melhorar a eficácia das intervenções pedagógicas. Gerir e orquestrar  adequadamente estratégias de ensino digital. Experimentar e desenvolver novos formatos e métodos pedagógicos para o ensino."", ""Reconhecer efetivamente o direito dos cidadãos à informação pública e à interação com serviços no ambiente digital, garantindo canais efetivos para requisição de serviços, pedidos, consultas, procedimentos, acompanhamento e resolução remotos.""]","[""05ac4a5c-019d-4ec7-83cc-12ca141322fa"", ""27ccdc3f-64d6-4748-960b-171e9c804d23"", ""7d566976-b00c-4aa7-aa67-d94656c8db8c"", ""cac54f5d-834c-499c-bf8d-e549fa3828af""]","[""Ensino e Aprendizagem"", ""Gestão de Mudanças"", ""Promoção da Competência Digital dos(as) Estudantes"", ""Transversais""]","[""6152c8bb-1632-42f0-9599-919b6bf15ecb"", ""7b16819f-cb8a-406d-9ab9-a335a50143cb"", ""85f646ca-67c5-439c-8cc1-df4fed9e0ae7"", ""dcd7e78d-25ed-4a16-9229-39773b4f6b3d""]","[""Analisar"", ""Aplicar"", ""Entender"", ""Lembrar""]","[""Comunicação e colaboração digital"", ""Criação de conteúdo digital"", ""Ensino"", ""Gerenciamento digital"", ""Mentalidade Digital""]","Mooc de Lovelace: Pensamento Computacional com Scratch Este curso utiliza a linguagem de programação Scratch para trabalhar o pensamento computacional e também para ensinar conceitos básicos de programação de computadores, como condicionais, estruturas de repetição e processamento em paralelo. A ideia do “Mooc de Lovelace - Pensamento computacional com Scratch” surgiu a partir da aplicação de um projeto de pesquisa do curso de Mestrado Profissional em Educação Profissional e Tecnológica (ProfEPT/Ifes) que trabalhou as habilidades do pensamento computacional e ensinou conceitos básicos de programação para pessoas presas na Penitenciária Semiaberta de Vila Velha (PSVV). A partir dessa experiência, nasceu a ideia de transformar em videoaulas o conteúdo aplicado nas dependências da PSVV. O trabalho desenvolvido na PSVV foi objeto de plaforedu_schema_devações científicas em eventos e periódicos, como o trabalho Recompilando o futuro: O pensamento computacional como parte do processo de ressocialização de detentos, apresentado no evento IV Congresso sobre Tecnologias na Educação (Ctrl+E 2019) e O Ensino da programação de computadores na perspectiva de Gagné aplicado no contexto da educação prisional, plaforedu_schema_devado na revista Novas Tecnologias na Educação 2020-1 (Renote)."
9a3527c9-a508-49a1-b95e-d5b0e39b287e,Cotas Raciais e Heteroidentificação,"O curso Cotas Raciais e Heteroidentificação tem como objetivo capacitar profissionais envolvidos em processos seletivos públicos e acadêmicos sobre as diretrizes e práticas das comissões de heteroidentificação, conforme estabelecido pela Portaria Normativa nº 4/2018, garantindo a aplicação correta e ética das políticas de cotas raciais.
Com uma abordagem teórica, o curso abordará:
Contexto histórico e legal das cotas raciais no Brasil;
Fundamentos das comissões de heteroidentificação e seu papel na validação da autodeclaração de candidatos pretos e pardos;
Critérios e parâmetros técnicos para avaliação étnico-racial;
Desafios e boas práticas no processo de heteroidentificação.
Destinado a membros de comissões de heteroidentificação, gestores públicos, servidores de recursos humanos, profissionais do Direito e interessados no tema.
Ao final, os participantes estarão aptos a:
Compreender o marco legal e os princípios éticos que regem a heteroidentificação;
Aplicar critérios técnicos de forma imparcial e responsável em processos seletivos;
Identificar e mitigar vieses inconscientes durante a avaliação.
Para conclusão, recomenda-se familiaridade com políticas de ações afirmativas, mas não há pré-requisitos formais.",60,"[""161fd267-d68a-4f88-925c-8082f17fb8b2"", ""bf6ee8ab-b64b-48fb-ad5a-738548fc2302""]","[""Acessibilidade e inclusão - Docente"", ""Diferenciação e personalização""]","["" \n \t\nUsar tecnologias digitais para atender às diversas necessidades de aprendizagem dos(as) estudantes, permitindo que estes progridam a diferentes níveis e velocidades e sigam caminhos e objetivos de aprendizagem individuais."", ""Garantir acessibilidade a recursos e atividades de aprendizagem para todos os(as) estudantes, incluindo os que têm necessidades especiais. Ter em consideração e dar resposta às expetativas, capacidades, usos e conceções errôneas (digitais) dos(as) estudantes, bem como ao uso contextual, físico e cognitivo que fazem das tecnologias digitais.""]","[""c7be7c48-c417-4dec-b203-34ddedba7507""]","[""Capacitação dos(as) Estudantes""]","[""6152c8bb-1632-42f0-9599-919b6bf15ecb"", ""85f646ca-67c5-439c-8cc1-df4fed9e0ae7"", ""dcd7e78d-25ed-4a16-9229-39773b4f6b3d""]","[""Analisar"", ""Entender"", ""Lembrar""]","[""Acessibilidade e inclusão - Docente"", ""Diferenciação e personalização""]","Cotas Raciais e Heteroidentificação O curso Cotas Raciais e Heteroidentificação tem como objetivo capacitar profissionais envolvidos em processos seletivos públicos e acadêmicos sobre as diretrizes e práticas das comissões de heteroidentificação, conforme estabelecido pela Portaria Normativa nº 4/2018, garantindo a aplicação correta e ética das políticas de cotas raciais.
Com uma abordagem teórica, o curso abordará:
Contexto histórico e legal das cotas raciais no Brasil;
Fundamentos das comissões de heteroidentificação e seu papel na validação da autodeclaração de candidatos pretos e pardos;
Critérios e parâmetros técnicos para avaliação étnico-racial;
Desafios e boas práticas no processo de heteroidentificação.
Destinado a membros de comissões de heteroidentificação, gestores públicos, servidores de recursos humanos, profissionais do Direito e interessados no tema.
Ao final, os participantes estarão aptos a:
Compreender o marco legal e os princípios éticos que regem a heteroidentificação;
Aplicar critérios técnicos de forma imparcial e responsável em processos seletivos;
Identificar e mitigar vieses inconscientes durante a avaliação.
Para conclusão, recomenda-se familiaridade com políticas de ações afirmativas, mas não há pré-requisitos formais."
9c4190ae-2f4c-463d-9e15-35fe3ee6149b,Aplicação de Penalidades nos Contratos Administrativos,"Para monitorar o cumprimento dos contratos firmados pela Administração Pública e aplicar as sanções adequadas quando for necessário, é fundamental entender o processo da contratação pública e seus desdobramentos operacionais. Este curso apresenta os principais aspectos referentes à aplicação de penalidades nos contratos administrativos, destacando pontos tratados nos instrumentos normativos e no aporte legislativo vigente que tratam do assunto. ",32,"[""3a910f03-4c71-4606-93cd-179056019b11""]","[""Gerenciamento de recursos""]","[""Preservar critérios de eficácia e eficiência na administração de recursos materiais, das competências das pessoas e dos ativos de uso da organização.""]","[""b47333be-1c80-40a9-a93d-9bbc4d7e4677""]","[""Gestão de Resultados""]","[""6152c8bb-1632-42f0-9599-919b6bf15ecb"", ""7b16819f-cb8a-406d-9ab9-a335a50143cb""]","[""Aplicar"", ""Entender""]","[""Gerenciamento de recursos""]","Aplicação de Penalidades nos Contratos Administrativos Para monitorar o cumprimento dos contratos firmados pela Administração Pública e aplicar as sanções adequadas quando for necessário, é fundamental entender o processo da contratação pública e seus desdobramentos operacionais. Este curso apresenta os principais aspectos referentes à aplicação de penalidades nos contratos administrativos, destacando pontos tratados nos instrumentos normativos e no aporte legislativo vigente que tratam do assunto."
9c7e5362-8661-4b9d-a839-25b47d3e11c5,Comunicação Não Violenta,"Você deseja aprimorar a maneira como se comunica e construir relações mais saudáveis e positivas?
Este curso é uma introdução à Comunicação Não-Violenta (CNV), uma poderosa abordagem que transforma a maneira como nos expressamos e ouvimos os outros. Ao longo das aulas, você explorará os conceitos e pilares fundamentais da CNV, aprendendo a se comunicar de forma mais assertiva e empática em todas as áreas da sua vida.
Descubra dicas práticas para o seu aperfeiçoamento pessoal e desenvolva habilidades para resolver conflitos de forma pacífica, expressar suas necessidades de maneira clara e construir conexões mais autênticas com as pessoas ao seu redor.
Para quem é este curso?
Este curso é aberto a todas as pessoas interessadas em aprimorar suas habilidades de comunicação. É especialmente recomendado para agentes públicos que atuam na concepção, desenvolvimento, execução e avaliação de soluções de capacitação.
O que você aprenderá?
O conteúdo está estruturado para guiar você, passo a passo, pelos componentes da Comunicação Não-Violenta:
Módulo 1: Introdução: Conheça os princípios e o propósito da CNV.
Módulo 2: Observar: Aprenda a separar observações de julgamentos e avaliações.
Módulo 3: Sentir: Desenvolva a habilidade de identificar e expressar seus sentimentos de forma clara.
Módulo 4: Reconhecer: Entenda como identificar as necessidades por trás dos sentimentos, tanto os seus quanto os dos outros.
Módulo 5: Pedir: Aprenda a formular pedidos claros, positivos e concretos, em vez de fazer exigências.
Módulo 6: Na prática: Aplique os conceitos da CNV em situações práticas e cotidianas.
Informações Gerais:
Modalidade: Curso online, gratuito e com certificado de conclusão.
Carga Horária: 20 horas.
Prazo de Realização: 30 dias a partir da data de inscrição.
Idioma: Português.
Conteudista: Secretaria Especial da Receita Federal do Brasil.
Certificador: Enap - Escola Nacional de Administração Pública.",20,"[""1e52ca6e-ca19-4585-a66e-f6adc3013a74"", ""3418004f-90fd-4a64-bb7c-fab6c1f8f6cc"", ""45d29970-ecb3-4e4a-b57b-4850c9b6d98f""]","[""Comunicação"", ""Comunicação efetiva"", ""Comunicação interpessoal""]","[""Capacidade de escutar, indagar e expressar conceitos e ideias nos momentos apropriados e de forma efetiva, garantindo uma dinâmica produtiva das interações internas e externas."", ""Estabelecer comunicação efetiva e positiva com superiores hierárquicos, pares e cidadãos, tanto na expressão escrita e verbal quanto corporal."", ""Iniciar e manter comunicações respeitosas e cordiais; transmitir de forma transparente e comportamento estável, informações e gestos, mensagens orais e de texto claros, concisos, fiáveis e apropriados para o destinatário. Atender ativamente informações, consultas, divergências e mensagens de terceiros com uma atitude construtiva e empática.""]","[""27ccdc3f-64d6-4748-960b-171e9c804d23"", ""4a2cf0b1-98dd-4bff-adc0-898f32e7b857"", ""514d5868-5f15-4ce9-b74a-d14f5310b54e""]","[""Gestão de Relacionamentos"", ""Orientação a Resultados"", ""Transversais""]","[""6152c8bb-1632-42f0-9599-919b6bf15ecb"", ""7b16819f-cb8a-406d-9ab9-a335a50143cb"", ""dcd7e78d-25ed-4a16-9229-39773b4f6b3d""]","[""Analisar"", ""Aplicar"", ""Entender""]","[""Comunicação"", ""Comunicação efetiva"", ""Comunicação interpessoal""]","Comunicação Não Violenta Você deseja aprimorar a maneira como se comunica e construir relações mais saudáveis e positivas?
Este curso é uma introdução à Comunicação Não-Violenta (CNV), uma poderosa abordagem que transforma a maneira como nos expressamos e ouvimos os outros. Ao longo das aulas, você explorará os conceitos e pilares fundamentais da CNV, aprendendo a se comunicar de forma mais assertiva e empática em todas as áreas da sua vida.
Descubra dicas práticas para o seu aperfeiçoamento pessoal e desenvolva habilidades para resolver conflitos de forma pacífica, expressar suas necessidades de maneira clara e construir conexões mais autênticas com as pessoas ao seu redor.
Para quem é este curso?
Este curso é aberto a todas as pessoas interessadas em aprimorar suas habilidades de comunicação. É especialmente recomendado para agentes públicos que atuam na concepção, desenvolvimento, execução e avaliação de soluções de capacitação.
O que você aprenderá?
O conteúdo está estruturado para guiar você, passo a passo, pelos componentes da Comunicação Não-Violenta:
Módulo 1: Introdução: Conheça os princípios e o propósito da CNV.
Módulo 2: Observar: Aprenda a separar observações de julgamentos e avaliações.
Módulo 3: Sentir: Desenvolva a habilidade de identificar e expressar seus sentimentos de forma clara.
Módulo 4: Reconhecer: Entenda como identificar as necessidades por trás dos sentimentos, tanto os seus quanto os dos outros.
Módulo 5: Pedir: Aprenda a formular pedidos claros, positivos e concretos, em vez de fazer exigências.
Módulo 6: Na prática: Aplique os conceitos da CNV em situações práticas e cotidianas.
Informações Gerais:
Modalidade: Curso online, gratuito e com certificado de conclusão.
Carga Horária: 20 horas.
Prazo de Realização: 30 dias a partir da data de inscrição.
Idioma: Português.
Conteudista: Secretaria Especial da Receita Federal do Brasil.
Certificador: Enap - Escola Nacional de Administração Pública."
9c881543-6385-43cc-99a1-ccdafe405f8b,Avaliação em Processos de Aprendizagem e Modelos de Feedback,"O curso tem como objetivo fornecer aos servidores públicos aspectos conceituais sobre avaliação da aprendizagem, a partir das metodologias ativas, aplicando habilidades de coleta e análise de dados para a melhoria contínua de projetos educacionais. 
Módulo 1 – Avaliação da Aprendizagem - Conceitos.
Módulo 2 – Tipos de Avaliação.
Módulo 3 - Avaliação nas organizações.
Módulo 4 - Metodologias ativas e Modelos de Feedback aplicados à avaliação.",30,"[""12052eae-22a2-44ce-a8ff-07f5b5a8f816"", ""30521bbb-e702-47d7-a287-b242cf5bf600"", ""c6d771e2-d2a0-443d-b615-b0c813965e99""]","[""Análise de evidências"", ""Estratégias de avaliação"", ""Feedback e planificação""]","[""Produzir, selecionar, analisar criticamente e interpretar evidências digitais sobre a atividade, desempenho e progresso do(a) estudante, de modo a informar o ensino e aprendizagem."", ""Usar tecnologias digitais para a avaliação formativa e sumativa. Melhorar a diversidade e adequação dos formatos e abordagens de avaliação."", ""Usar tecnologias digitais para fornecer feedback oportuno e direcionado aos(às) estudantes. Adaptar estratégias de ensino e proporcionar apoio direcionado,\ncom base nas evidências geradas pelas tecnologias digitais utilizadas. Permitir que estudantes e pais ou responsáveis  compreendam as evidências fornecidas pelas tecnologias digitais e as usem para tomada de decisão.""]","[""cc76e5f1-476f-48b1-9d32-ccb2de7f2cde""]","[""Avaliação""]","[""6152c8bb-1632-42f0-9599-919b6bf15ecb"", ""7b16819f-cb8a-406d-9ab9-a335a50143cb"", ""85f646ca-67c5-439c-8cc1-df4fed9e0ae7""]","[""Aplicar"", ""Entender"", ""Lembrar""]","[""Análise de evidências"", ""Estratégias de avaliação"", ""Feedback e planificação""]","Avaliação em Processos de Aprendizagem e Modelos de Feedback O curso tem como objetivo fornecer aos servidores públicos aspectos conceituais sobre avaliação da aprendizagem, a partir das metodologias ativas, aplicando habilidades de coleta e análise de dados para a melhoria contínua de projetos educacionais. 
Módulo 1 – Avaliação da Aprendizagem - Conceitos.
Módulo 2 – Tipos de Avaliação.
Módulo 3 - Avaliação nas organizações.
Módulo 4 - Metodologias ativas e Modelos de Feedback aplicados à avaliação."
9ce3cf43-5031-49b6-bba0-7bce38fc496a,Gêneros Textuais Acadêmicos,"Introdução aos gêneros textuais acadêmicos; Fichamento; Resumo; Resenha; Artigo científico; Citações e referências.
Carga-horária: 40 horas
Público-alvo: estudantes do ensino médio ou superior.
Requisitos: compreender textos e vídeos em língua portuguesa, possuir e saber manusear o leitor de arquivos PDF.",40,"[""3062277b-4218-4f2b-8645-90ba3651fc52"", ""e4f31519-2fad-4fe8-b476-5da4715a16e9""]","[""Ensino"", ""Orientação""]","[""Planificar e implementar dispositivos e recursos digitais no processo de ensino, de modo a melhorar a eficácia das intervenções pedagógicas. Gerir e orquestrar  adequadamente estratégias de ensino digital. Experimentar e desenvolver novos formatos e métodos pedagógicos para o ensino."", ""Usar tecnologias e serviços digitais para melhorar a interação com os(as) estudantes,individual e coletivamente, dentro e fora da sessão de aprendizagem. Usar tecnologias digitais para proporcionar orientação e assistência oportuna e dirigida. Experimentar e desenvolver novas formas e formatos para oferecer orientação e apoio.""]","[""cac54f5d-834c-499c-bf8d-e549fa3828af""]","[""Ensino e Aprendizagem""]","[""6152c8bb-1632-42f0-9599-919b6bf15ecb"", ""7b16819f-cb8a-406d-9ab9-a335a50143cb"", ""85f646ca-67c5-439c-8cc1-df4fed9e0ae7""]","[""Aplicar"", ""Entender"", ""Lembrar""]","[""Ensino"", ""Orientação""]","Gêneros Textuais Acadêmicos Introdução aos gêneros textuais acadêmicos; Fichamento; Resumo; Resenha; Artigo científico; Citações e referências.
Carga-horária: 40 horas
Público-alvo: estudantes do ensino médio ou superior.
Requisitos: compreender textos e vídeos em língua portuguesa, possuir e saber manusear o leitor de arquivos PDF."
9d3c63e4-6f59-4425-8e50-2b63cc01f5c9,Formação Docente em Metodologias Ativas: práticas de ensino e aprendizagem criativas,"Formação Docente em Metodologias Ativas: práticas de ensino e aprendizagem criativas
Ementa:

Pressupostos teóricos das Metodologias Ativas. Vamos refletir sobre Mudanças de paradigmas do ensino tradicional x ensino interacionista e sobre o papel do professor no processo ensino, na aprendizagem e o uso de tecnologias digitais.

Objetivos gerais:
Propiciar reflexões sobre as metodologias ativas como instrumento de ensino aprendizagem.

Objetivos específicos:
Capacitar docentes para utilizar metodologias ativas bem como utilizar ferramentas digitais.
Apresentar uma proposto de ensino por investigação no contexto CTS.",30,"[""3062277b-4218-4f2b-8645-90ba3651fc52"", ""e4f31519-2fad-4fe8-b476-5da4715a16e9""]","[""Ensino"", ""Orientação""]","[""Planificar e implementar dispositivos e recursos digitais no processo de ensino, de modo a melhorar a eficácia das intervenções pedagógicas. Gerir e orquestrar  adequadamente estratégias de ensino digital. Experimentar e desenvolver novos formatos e métodos pedagógicos para o ensino."", ""Usar tecnologias e serviços digitais para melhorar a interação com os(as) estudantes,individual e coletivamente, dentro e fora da sessão de aprendizagem. Usar tecnologias digitais para proporcionar orientação e assistência oportuna e dirigida. Experimentar e desenvolver novas formas e formatos para oferecer orientação e apoio.""]","[""cac54f5d-834c-499c-bf8d-e549fa3828af""]","[""Ensino e Aprendizagem""]","[""6152c8bb-1632-42f0-9599-919b6bf15ecb"", ""7b16819f-cb8a-406d-9ab9-a335a50143cb"", ""85f646ca-67c5-439c-8cc1-df4fed9e0ae7""]","[""Aplicar"", ""Entender"", ""Lembrar""]","[""Ensino"", ""Orientação""]","Formação Docente em Metodologias Ativas: práticas de ensino e aprendizagem criativas Formação Docente em Metodologias Ativas: práticas de ensino e aprendizagem criativas
Ementa:

Pressupostos teóricos das Metodologias Ativas. Vamos refletir sobre Mudanças de paradigmas do ensino tradicional x ensino interacionista e sobre o papel do professor no processo ensino, na aprendizagem e o uso de tecnologias digitais.

Objetivos gerais:
Propiciar reflexões sobre as metodologias ativas como instrumento de ensino aprendizagem.

Objetivos específicos:
Capacitar docentes para utilizar metodologias ativas bem como utilizar ferramentas digitais.
Apresentar uma proposto de ensino por investigação no contexto CTS."
9dae28fa-4ed6-4862-bf8f-090e9ba8440c,Desenvolvendo competências em informações acadêmicas e profissionais,"O curso Desenvolvendo Competências em Informações Acadêmicas e Profissionais tem como objetivo capacitar estudantes e profissionais a buscar, avaliar e utilizar informações de forma estratégica, ética e eficiente, tanto no contexto acadêmico quanto no mercado de trabalho. Com uma abordagem teórica, o curso abordará métodos de pesquisa, critérios de avaliação de fontes, organização de informações, ética no uso de dados e aplicação prática em projetos acadêmicos e profissionais.
Destinado a estudantes de graduação e pós-graduação, pesquisadores iniciantes e profissionais em busca de aperfeiçoamento. Ao final, os participantes estarão aptos a identificar fontes confiáveis, organizar informações de maneira sistemática, aplicar princípios éticos no uso de dados e utilizar recursos digitais avançados para pesquisa profissional e acadêmica.
Para conclusão, não há pré-requisitos formais, mas recomenda-se familiaridade básica com ambientes digitais e necessidades específicas de informação em sua área de atuação.",30,"[""1e52ca6e-ca19-4585-a66e-f6adc3013a74"", ""30db1816-b75d-4364-855e-f1d09b0b6016"", ""6461c25c-1491-4610-8ee0-2029d77fa61d"", ""694f836a-0a94-4039-b309-1ff7b55da325"", ""74347817-89b5-47e7-9c5d-6c07c69690fa"", ""bb6db702-1fd8-40b5-abeb-e067768c5def"", ""c384e3a1-5506-4ceb-a72e-b3c73a105ae1""]","[""Comunicação"", ""Comunicação e colaboração digital"", ""Desenvolvimento Profissional Contínuo (DPC) digital"", ""Literacia da informação e das mídias"", ""Prática reflexiva"", ""Seleção"", ""Uso responsável""]","[""Capacidade de escutar, indagar e expressar conceitos e ideias nos momentos apropriados e de forma efetiva, garantindo uma dinâmica produtiva das interações internas e externas."", ""Identificar, avaliar e selecionar recursos digitais para o ensino e aprendizagem. \nTer em consideração o objetivo específico de aprendizagem, o contexto, a abordagem pedagógica e o grupo de estudantes, ao selecionar recursos digitais e planificar a sua utilização."", ""Incorporar atividades, tarefas e avaliações de aprendizagem que requeiram que os(as) estudantes articulem necessidades de informação; encontrem informação e recursos em ambientes digitais; organizem, processem, analisem e interpretem informação; e comparem e avaliem criticamente a credibilidade e a fiabilidade da informação e das suas fontes."", ""Incorporar atividades, tarefas e avaliações de aprendizagem que requeiram que os(as) estudantes usem, eficaz e responsavelmente, tecnologias digitais para comunicação, colaboração e participação cívica."", ""Refletir individualmente e coletivamente, avaliar criticamente e desenvolver ativamente sua prática pedagógica digital e a da sua comunidade educativa."", ""Tomar medidas que garantam o bem-estar físico, psicológico e social dos(as) estudantes enquanto usam tecnologias digitais. Capacitar os(as) estudantes para gerir\nriscos e usar tecnologias digitais de forma segura e responsável."", ""Usar fontes e recursos digitais para desenvolvimento profissional contínuo.""]","[""05ac4a5c-019d-4ec7-83cc-12ca141322fa"", ""27ccdc3f-64d6-4748-960b-171e9c804d23"", ""5a224ac7-f165-4900-971c-f82f2684f779"", ""690c731c-31f8-46f6-94f6-94d952223a08""]","[""Envolvimento Profissional"", ""Promoção da Competência Digital dos(as) Estudantes"", ""Recursos Digitais"", ""Transversais""]","[""6152c8bb-1632-42f0-9599-919b6bf15ecb"", ""7b16819f-cb8a-406d-9ab9-a335a50143cb"", ""85f646ca-67c5-439c-8cc1-df4fed9e0ae7"", ""dcd7e78d-25ed-4a16-9229-39773b4f6b3d""]","[""Analisar"", ""Aplicar"", ""Entender"", ""Lembrar""]","[""Comunicação"", ""Comunicação e colaboração digital"", ""Desenvolvimento Profissional Contínuo (DPC) digital"", ""Literacia da informação e das mídias"", ""Prática reflexiva"", ""Seleção"", ""Uso responsável""]","Desenvolvendo competências em informações acadêmicas e profissionais O curso Desenvolvendo Competências em Informações Acadêmicas e Profissionais tem como objetivo capacitar estudantes e profissionais a buscar, avaliar e utilizar informações de forma estratégica, ética e eficiente, tanto no contexto acadêmico quanto no mercado de trabalho. Com uma abordagem teórica, o curso abordará métodos de pesquisa, critérios de avaliação de fontes, organização de informações, ética no uso de dados e aplicação prática em projetos acadêmicos e profissionais.
Destinado a estudantes de graduação e pós-graduação, pesquisadores iniciantes e profissionais em busca de aperfeiçoamento. Ao final, os participantes estarão aptos a identificar fontes confiáveis, organizar informações de maneira sistemática, aplicar princípios éticos no uso de dados e utilizar recursos digitais avançados para pesquisa profissional e acadêmica.
Para conclusão, não há pré-requisitos formais, mas recomenda-se familiaridade básica com ambientes digitais e necessidades específicas de informação em sua área de atuação."
9ea87026-6601-49eb-87a0-94b586402065,Recrutamento e seleção de pessoas,"O curso serve para qualificação profissional, além disso o aluno conhecerá as principais ações para a realização do processo de recrutamento e seleção de pessoas, tais como: Conhecer o processo de Recrutamento e Seleção; Realizar o Planejamento de Recursos humanos; Saber utilizar as técnicas para preenchimento de vagas; Identificar os melhores candidatos para vagas de emprego; Manter e atrair novos talentos.",40,"[""432c5350-bdb8-4e22-b7a4-0417e9cfa8f4"", ""ac12a129-92a7-44c1-bb06-6162eeb4d798""]","[""Gestão do desenvolvimento de pessoas"", ""Trabalho em equipe""]","[""Capacidade de colaborar e cooperar em atividades desenvolvidas coletivamente\npara atingir metas compartilhadas e de compreender a repercussão de suas ações para o êxito ou alcance dos objetivos estabelecidos pelo grupo."", ""Forjar um ambiente de trabalho em que os interesses de equipes e indivíduos se harmonizem com os objetivos e resultados da organização, gerando oportunidades de aprendizado e desenvolvimento, bem como incentivos para reforçar o desempenho excepcional.""]","[""27ccdc3f-64d6-4748-960b-171e9c804d23"", ""b47333be-1c80-40a9-a93d-9bbc4d7e4677""]","[""Gestão de Resultados"", ""Transversais""]","[""6152c8bb-1632-42f0-9599-919b6bf15ecb"", ""85f646ca-67c5-439c-8cc1-df4fed9e0ae7""]","[""Entender"", ""Lembrar""]","[""Gestão do desenvolvimento de pessoas"", ""Trabalho em equipe""]","Recrutamento e seleção de pessoas O curso serve para qualificação profissional, além disso o aluno conhecerá as principais ações para a realização do processo de recrutamento e seleção de pessoas, tais como: Conhecer o processo de Recrutamento e Seleção; Realizar o Planejamento de Recursos humanos; Saber utilizar as técnicas para preenchimento de vagas; Identificar os melhores candidatos para vagas de emprego; Manter e atrair novos talentos."
9f22d886-fd27-4bf3-8d00-c02bdd3e4a82,Aprendizagem Significativa,"Conceitos iniciais sobre Aprendizagem Significativa, Abordagens Teóricas e Tipos de Aprendizagem, Ensino Significativo.",30,"[""3062277b-4218-4f2b-8645-90ba3651fc52"", ""30db1816-b75d-4364-855e-f1d09b0b6016"", ""432c5350-bdb8-4e22-b7a4-0417e9cfa8f4"", ""e4f31519-2fad-4fe8-b476-5da4715a16e9""]","[""Ensino"", ""Gestão do desenvolvimento de pessoas"", ""Orientação"", ""Prática reflexiva""]","[""Forjar um ambiente de trabalho em que os interesses de equipes e indivíduos se harmonizem com os objetivos e resultados da organização, gerando oportunidades de aprendizado e desenvolvimento, bem como incentivos para reforçar o desempenho excepcional."", ""Planificar e implementar dispositivos e recursos digitais no processo de ensino, de modo a melhorar a eficácia das intervenções pedagógicas. Gerir e orquestrar  adequadamente estratégias de ensino digital. Experimentar e desenvolver novos formatos e métodos pedagógicos para o ensino."", ""Refletir individualmente e coletivamente, avaliar criticamente e desenvolver ativamente sua prática pedagógica digital e a da sua comunidade educativa."", ""Usar tecnologias e serviços digitais para melhorar a interação com os(as) estudantes,individual e coletivamente, dentro e fora da sessão de aprendizagem. Usar tecnologias digitais para proporcionar orientação e assistência oportuna e dirigida. Experimentar e desenvolver novas formas e formatos para oferecer orientação e apoio.""]","[""690c731c-31f8-46f6-94f6-94d952223a08"", ""b47333be-1c80-40a9-a93d-9bbc4d7e4677"", ""cac54f5d-834c-499c-bf8d-e549fa3828af""]","[""Ensino e Aprendizagem"", ""Envolvimento Profissional"", ""Gestão de Resultados""]","[""6152c8bb-1632-42f0-9599-919b6bf15ecb"", ""85f646ca-67c5-439c-8cc1-df4fed9e0ae7""]","[""Entender"", ""Lembrar""]","[""Ensino"", ""Gestão do desenvolvimento de pessoas"", ""Orientação"", ""Prática reflexiva""]","Aprendizagem Significativa Conceitos iniciais sobre Aprendizagem Significativa, Abordagens Teóricas e Tipos de Aprendizagem, Ensino Significativo."
9f3130b7-490e-4490-ab60-e17f28cafaea,Educação para as relações étnico-raciais,"O curso Educação para as Relações Étnico-Raciais tem como objetivo capacitar professores e educadores para refletir e atuar criticamente sobre as relações étnico-raciais no contexto educacional, promovendo práticas pedagógicas antirracistas e decoloniais. Com uma abordagem teórica, o curso abordará conceitos fundamentais das relações étnico-raciais, legislação e diretrizes educacionais, estratégias para a implementação da ERER (Educação para as Relações Étnico-Raciais) e discussões sobre identidade, diversidade e equidade.
Destinado a professores da educação básica, gestores escolares, estudantes de pedagogia e profissionais interessados no tema. Ao final, os participantes estarão aptos a revisar e transformar suas práticas educativas, aplicando princípios da ERER em sala de aula e contribuindo para uma educação antirracista e inclusiva.
Para conclusão, não há pré-requisitos, mas recomenda-se engajamento crítico com as temáticas sociais e educacionais.",60,"[""3062277b-4218-4f2b-8645-90ba3651fc52"", ""e4f31519-2fad-4fe8-b476-5da4715a16e9""]","[""Ensino"", ""Orientação""]","[""Planificar e implementar dispositivos e recursos digitais no processo de ensino, de modo a melhorar a eficácia das intervenções pedagógicas. Gerir e orquestrar  adequadamente estratégias de ensino digital. Experimentar e desenvolver novos formatos e métodos pedagógicos para o ensino."", ""Usar tecnologias e serviços digitais para melhorar a interação com os(as) estudantes,individual e coletivamente, dentro e fora da sessão de aprendizagem. Usar tecnologias digitais para proporcionar orientação e assistência oportuna e dirigida. Experimentar e desenvolver novas formas e formatos para oferecer orientação e apoio.""]","[""cac54f5d-834c-499c-bf8d-e549fa3828af""]","[""Ensino e Aprendizagem""]","[""6152c8bb-1632-42f0-9599-919b6bf15ecb"", ""85f646ca-67c5-439c-8cc1-df4fed9e0ae7"", ""dcd7e78d-25ed-4a16-9229-39773b4f6b3d""]","[""Analisar"", ""Entender"", ""Lembrar""]","[""Ensino"", ""Orientação""]","Educação para as relações étnico-raciais O curso Educação para as Relações Étnico-Raciais tem como objetivo capacitar professores e educadores para refletir e atuar criticamente sobre as relações étnico-raciais no contexto educacional, promovendo práticas pedagógicas antirracistas e decoloniais. Com uma abordagem teórica, o curso abordará conceitos fundamentais das relações étnico-raciais, legislação e diretrizes educacionais, estratégias para a implementação da ERER (Educação para as Relações Étnico-Raciais) e discussões sobre identidade, diversidade e equidade.
Destinado a professores da educação básica, gestores escolares, estudantes de pedagogia e profissionais interessados no tema. Ao final, os participantes estarão aptos a revisar e transformar suas práticas educativas, aplicando princípios da ERER em sala de aula e contribuindo para uma educação antirracista e inclusiva.
Para conclusão, não há pré-requisitos, mas recomenda-se engajamento crítico com as temáticas sociais e educacionais."
9fee5004-2353-4d61-8b92-77e9caada705,Gestão Baseada em Competências,"O curso busca apresentar conhecimentos relacionados à Gestão Baseada em Competências. Para isso, veremos aspectos relacionados as mudanças no ambiente de trabalho, no conhecimento e na Gestão de Pessoas. Também serão estudados os conceitos básicos sobre competências e sua diferenciação (competências individuais, coletivas e organizacionais, técnicas e comportamentais).",25,"[""432c5350-bdb8-4e22-b7a4-0417e9cfa8f4""]","[""Gestão do desenvolvimento de pessoas""]","[""Forjar um ambiente de trabalho em que os interesses de equipes e indivíduos se harmonizem com os objetivos e resultados da organização, gerando oportunidades de aprendizado e desenvolvimento, bem como incentivos para reforçar o desempenho excepcional.""]","[""b47333be-1c80-40a9-a93d-9bbc4d7e4677""]","[""Gestão de Resultados""]","[""6152c8bb-1632-42f0-9599-919b6bf15ecb"", ""7b16819f-cb8a-406d-9ab9-a335a50143cb"", ""85f646ca-67c5-439c-8cc1-df4fed9e0ae7""]","[""Aplicar"", ""Entender"", ""Lembrar""]","[""Gestão do desenvolvimento de pessoas""]","Gestão Baseada em Competências O curso busca apresentar conhecimentos relacionados à Gestão Baseada em Competências. Para isso, veremos aspectos relacionados as mudanças no ambiente de trabalho, no conhecimento e na Gestão de Pessoas. Também serão estudados os conceitos básicos sobre competências e sua diferenciação (competências individuais, coletivas e organizacionais, técnicas e comportamentais)."
a0b77939-86ee-4ecd-a6b2-715e5c06f5fe,Metodologia científica: introdução a projetos de pesquisa,"Método Científico e Metodologia Científica. Principais tipos de pesquisa, seus procedimentos, técnicas e instrumentos de coleta de dados e análise científica.Estrutura do Projeto de Pesquisa: Tema, Introdução, Problema de Pesquisa, Objetivo Geral, Objetivos Específicos, Justificativa, Fundamentação Teórica, Metodologia, Cronograma, Bibliografia. Normas de Elaboração de Trabalho de Conclusão de Curso.",30,"[""3062277b-4218-4f2b-8645-90ba3651fc52"", ""e4f31519-2fad-4fe8-b476-5da4715a16e9""]","[""Ensino"", ""Orientação""]","[""Planificar e implementar dispositivos e recursos digitais no processo de ensino, de modo a melhorar a eficácia das intervenções pedagógicas. Gerir e orquestrar  adequadamente estratégias de ensino digital. Experimentar e desenvolver novos formatos e métodos pedagógicos para o ensino."", ""Usar tecnologias e serviços digitais para melhorar a interação com os(as) estudantes,individual e coletivamente, dentro e fora da sessão de aprendizagem. Usar tecnologias digitais para proporcionar orientação e assistência oportuna e dirigida. Experimentar e desenvolver novas formas e formatos para oferecer orientação e apoio.""]","[""cac54f5d-834c-499c-bf8d-e549fa3828af""]","[""Ensino e Aprendizagem""]","[""6152c8bb-1632-42f0-9599-919b6bf15ecb"", ""85f646ca-67c5-439c-8cc1-df4fed9e0ae7""]","[""Entender"", ""Lembrar""]","[""Ensino"", ""Orientação""]","Metodologia científica: introdução a projetos de pesquisa Método Científico e Metodologia Científica. Principais tipos de pesquisa, seus procedimentos, técnicas e instrumentos de coleta de dados e análise científica.Estrutura do Projeto de Pesquisa: Tema, Introdução, Problema de Pesquisa, Objetivo Geral, Objetivos Específicos, Justificativa, Fundamentação Teórica, Metodologia, Cronograma, Bibliografia. Normas de Elaboração de Trabalho de Conclusão de Curso."
a102f96c-5087-426c-8aef-8ce6160d5e3e,Metodologias Ativas em Sala de Aula: Novas Estratégias para Velhos Problemas,As Metodologias Ativas e o contexto educacional do século XXI. Métodos e recursos para uma educação inovadora. Sala de Aula Invertida: no controle do próprio aprendizado. Gamificação: aprender com a ludicidade dos jogos. Aprendizagem Baseada em Problemas e Projetos: enxergando a realidade com responsabilidade e agindo com conhecimento. Design Thinking na educação: arquitetando soluções e construindo conhecimentos.,40,"[""3062277b-4218-4f2b-8645-90ba3651fc52"", ""e4f31519-2fad-4fe8-b476-5da4715a16e9""]","[""Ensino"", ""Orientação""]","[""Planificar e implementar dispositivos e recursos digitais no processo de ensino, de modo a melhorar a eficácia das intervenções pedagógicas. Gerir e orquestrar  adequadamente estratégias de ensino digital. Experimentar e desenvolver novos formatos e métodos pedagógicos para o ensino."", ""Usar tecnologias e serviços digitais para melhorar a interação com os(as) estudantes,individual e coletivamente, dentro e fora da sessão de aprendizagem. Usar tecnologias digitais para proporcionar orientação e assistência oportuna e dirigida. Experimentar e desenvolver novas formas e formatos para oferecer orientação e apoio.""]","[""cac54f5d-834c-499c-bf8d-e549fa3828af""]","[""Ensino e Aprendizagem""]","[""6152c8bb-1632-42f0-9599-919b6bf15ecb"", ""7b16819f-cb8a-406d-9ab9-a335a50143cb"", ""85f646ca-67c5-439c-8cc1-df4fed9e0ae7""]","[""Aplicar"", ""Entender"", ""Lembrar""]","[""Ensino"", ""Orientação""]",Metodologias Ativas em Sala de Aula: Novas Estratégias para Velhos Problemas As Metodologias Ativas e o contexto educacional do século XXI. Métodos e recursos para uma educação inovadora. Sala de Aula Invertida: no controle do próprio aprendizado. Gamificação: aprender com a ludicidade dos jogos. Aprendizagem Baseada em Problemas e Projetos: enxergando a realidade com responsabilidade e agindo com conhecimento. Design Thinking na educação: arquitetando soluções e construindo conhecimentos.
a20ce691-9f55-4b73-a97b-1d81d20e9388,Técnicas de Escrita para Educação a Distância,Material Didático para EaD; A Escrita na EaD; Organizando a Informação; Escrevendo e Revisando o Texto.,20,"[""3062277b-4218-4f2b-8645-90ba3651fc52"", ""e4f31519-2fad-4fe8-b476-5da4715a16e9""]","[""Ensino"", ""Orientação""]","[""Planificar e implementar dispositivos e recursos digitais no processo de ensino, de modo a melhorar a eficácia das intervenções pedagógicas. Gerir e orquestrar  adequadamente estratégias de ensino digital. Experimentar e desenvolver novos formatos e métodos pedagógicos para o ensino."", ""Usar tecnologias e serviços digitais para melhorar a interação com os(as) estudantes,individual e coletivamente, dentro e fora da sessão de aprendizagem. Usar tecnologias digitais para proporcionar orientação e assistência oportuna e dirigida. Experimentar e desenvolver novas formas e formatos para oferecer orientação e apoio.""]","[""cac54f5d-834c-499c-bf8d-e549fa3828af""]","[""Ensino e Aprendizagem""]","[""6152c8bb-1632-42f0-9599-919b6bf15ecb"", ""85f646ca-67c5-439c-8cc1-df4fed9e0ae7""]","[""Entender"", ""Lembrar""]","[""Ensino"", ""Orientação""]",Técnicas de Escrita para Educação a Distância Material Didático para EaD; A Escrita na EaD; Organizando a Informação; Escrevendo e Revisando o Texto.
a20cfcab-e10b-4e50-8661-768d6c11e17c,Espaço Educativo,"O curso Espaço Educativo tem como objetivo capacitar profissionais da educação para compreender e refletir sobre a importância dos espaços físicos no processo educativo, analisando a evolução histórica da arquitetura escolar e sua relação com as práticas pedagógicas. Com uma abordagem teórico-histórica, o curso abordará a concepção do espaço educativo, a evolução dos edifícios escolares ao longo da história e a relação entre arquitetura, pedagogia e sociedade.
Destinado a professores, gestores educacionais, arquitetos com interesse em projetos educacionais e estudantes de pedagogia. Ao final, os participantes estarão aptos a analisar criticamente os espaços educativos, compreender a relação entre arquitetura escolar e propostas pedagógicas, e propor melhorias nos ambientes educacionais considerando aspectos históricos e contemporâneos.
Para conclusão, o curso foi produzido pelo IFRS, oferecido pela Plataforma Aprenda Mais (MEC). Não há pré-requisitos para participação.",30,"[""3062277b-4218-4f2b-8645-90ba3651fc52"", ""e4f31519-2fad-4fe8-b476-5da4715a16e9""]","[""Ensino"", ""Orientação""]","[""Planificar e implementar dispositivos e recursos digitais no processo de ensino, de modo a melhorar a eficácia das intervenções pedagógicas. Gerir e orquestrar  adequadamente estratégias de ensino digital. Experimentar e desenvolver novos formatos e métodos pedagógicos para o ensino."", ""Usar tecnologias e serviços digitais para melhorar a interação com os(as) estudantes,individual e coletivamente, dentro e fora da sessão de aprendizagem. Usar tecnologias digitais para proporcionar orientação e assistência oportuna e dirigida. Experimentar e desenvolver novas formas e formatos para oferecer orientação e apoio.""]","[""cac54f5d-834c-499c-bf8d-e549fa3828af""]","[""Ensino e Aprendizagem""]","[""6152c8bb-1632-42f0-9599-919b6bf15ecb"", ""85f646ca-67c5-439c-8cc1-df4fed9e0ae7"", ""dcd7e78d-25ed-4a16-9229-39773b4f6b3d""]","[""Analisar"", ""Entender"", ""Lembrar""]","[""Ensino"", ""Orientação""]","Espaço Educativo O curso Espaço Educativo tem como objetivo capacitar profissionais da educação para compreender e refletir sobre a importância dos espaços físicos no processo educativo, analisando a evolução histórica da arquitetura escolar e sua relação com as práticas pedagógicas. Com uma abordagem teórico-histórica, o curso abordará a concepção do espaço educativo, a evolução dos edifícios escolares ao longo da história e a relação entre arquitetura, pedagogia e sociedade.
Destinado a professores, gestores educacionais, arquitetos com interesse em projetos educacionais e estudantes de pedagogia. Ao final, os participantes estarão aptos a analisar criticamente os espaços educativos, compreender a relação entre arquitetura escolar e propostas pedagógicas, e propor melhorias nos ambientes educacionais considerando aspectos históricos e contemporâneos.
Para conclusão, o curso foi produzido pelo IFRS, oferecido pela Plataforma Aprenda Mais (MEC). Não há pré-requisitos para participação."
a3337f68-0300-41a0-9173-008e59ecc6eb,Projeto de vida na aposentadoria,"Este curso apresenta uma reflexão sobre o projeto de vida na aposentadoria, já que esse tema provoca diversos anseios durante o processo pré e pós aposentadoria. O método dará possibilidade de conhecer programas de preparação para a aposentadoria, de refletir sobre a aposentadoria precoce, além de pensar a aposentadoria como um início de uma nova etapa da vida.",20,"[""0accb9d5-dbd1-483f-ab2a-ee0ca1c22de4""]","[""Planejamento""]","[""Identificar problemas prioritários e oportunidades de sua unidade para projetar planos, programas ou projetos que prefixam objetivos, atividades, recursos, custos, cronogramas, responsáveis e indicadores de progresso, resultados e impacto.""]","[""b47333be-1c80-40a9-a93d-9bbc4d7e4677""]","[""Gestão de Resultados""]","[""6152c8bb-1632-42f0-9599-919b6bf15ecb"", ""7b16819f-cb8a-406d-9ab9-a335a50143cb"", ""dcd7e78d-25ed-4a16-9229-39773b4f6b3d""]","[""Analisar"", ""Aplicar"", ""Entender""]","[""Planejamento""]","Projeto de vida na aposentadoria Este curso apresenta uma reflexão sobre o projeto de vida na aposentadoria, já que esse tema provoca diversos anseios durante o processo pré e pós aposentadoria. O método dará possibilidade de conhecer programas de preparação para a aposentadoria, de refletir sobre a aposentadoria precoce, além de pensar a aposentadoria como um início de uma nova etapa da vida."
a386e24c-1ab0-4a04-b257-6394585c37c4,Finanças pessoais,"Este curso apresenta os fundamentos da Educação Financeira para o dia a dia. Você será guiado desde a introdução ao planejamento financeiro até o consumo consciente e sustentável, passando por temas cruciais como opções de crédito, investimentos e como lidar com o endividamento.",30,"[""3a910f03-4c71-4606-93cd-179056019b11""]","[""Gerenciamento de recursos""]","[""Preservar critérios de eficácia e eficiência na administração de recursos materiais, das competências das pessoas e dos ativos de uso da organização.""]","[""b47333be-1c80-40a9-a93d-9bbc4d7e4677""]","[""Gestão de Resultados""]","[""6152c8bb-1632-42f0-9599-919b6bf15ecb"", ""e10b37a4-2e66-4a5b-bd09-815dc7a45fff""]","[""Avaliar"", ""Entender""]","[""Gerenciamento de recursos""]","Finanças pessoais Este curso apresenta os fundamentos da Educação Financeira para o dia a dia. Você será guiado desde a introdução ao planejamento financeiro até o consumo consciente e sustentável, passando por temas cruciais como opções de crédito, investimentos e como lidar com o endividamento."
a60b9513-3dfc-48bc-9474-5530798c4a7a,Gestão em Ouvidoria,"A Ouvidoria Pública atua no processo de interlocução entre o cidadão e a Administração Pública, a fim de que as manifestações decorrentes do exercício da cidadania provoquem a melhoria dos serviços públicos prestados. O objetivo desse curso é capacitar pessoas sobre fundamentos e atividades relacionadas à Ouvidoria Pública.
Público Alvo: Agentes públicos que desenvolvam suas atividades em ouvidorias ou em áreas que tratem de temas afins. Curso aberto, gratuito e com certificado, qualquer pessoa pode se inscrever.",20,"[""7a8fc826-b1a6-4d1a-854d-9782c417ee0f""]","[""Gestão da qualidade""]","[""Conduzir a área de gestão encarregada de padronizar boas práticas processuais, no âmbito do paradigma da qualidade; gerando serviços internos ou externos seguros e confiáveis, de acordo com indicadores pré-estabelecidos em termos de legislação vigente e padrões de qualidade aplicáveis.""]","[""b47333be-1c80-40a9-a93d-9bbc4d7e4677""]","[""Gestão de Resultados""]","[""6152c8bb-1632-42f0-9599-919b6bf15ecb""]","[""Entender""]","[""Gestão da qualidade""]","Gestão em Ouvidoria A Ouvidoria Pública atua no processo de interlocução entre o cidadão e a Administração Pública, a fim de que as manifestações decorrentes do exercício da cidadania provoquem a melhoria dos serviços públicos prestados. O objetivo desse curso é capacitar pessoas sobre fundamentos e atividades relacionadas à Ouvidoria Pública.
Público Alvo: Agentes públicos que desenvolvam suas atividades em ouvidorias ou em áreas que tratem de temas afins. Curso aberto, gratuito e com certificado, qualquer pessoa pode se inscrever."
a690f635-bb61-4d82-8c93-271e27df3ff7,Transtorno do Espectro Autista,"Apresenta as principais informações ligadas ao Transtorno do Espectro Autista (TEA), trazendo as características gerais que definem essas alterações no desenvolvimento. Sua relevância é denotada pelo aumento de pessoas diagnosticadas com o TEA, guiando-se por importantes referências científicas na temática. Bem como, em práticas que possam contribuir com uma formação básica, para ampliar o conhecimento e contribuir nos processos de inclusão.",30,"[""45d29970-ecb3-4e4a-b57b-4850c9b6d98f""]","[""Comunicação efetiva""]","[""Estabelecer comunicação efetiva e positiva com superiores hierárquicos, pares e cidadãos, tanto na expressão escrita e verbal quanto corporal.""]","[""4a2cf0b1-98dd-4bff-adc0-898f32e7b857""]","[""Orientação a Resultados""]","[""6152c8bb-1632-42f0-9599-919b6bf15ecb"", ""85f646ca-67c5-439c-8cc1-df4fed9e0ae7""]","[""Entender"", ""Lembrar""]","[""Comunicação efetiva""]","Transtorno do Espectro Autista Apresenta as principais informações ligadas ao Transtorno do Espectro Autista (TEA), trazendo as características gerais que definem essas alterações no desenvolvimento. Sua relevância é denotada pelo aumento de pessoas diagnosticadas com o TEA, guiando-se por importantes referências científicas na temática. Bem como, em práticas que possam contribuir com uma formação básica, para ampliar o conhecimento e contribuir nos processos de inclusão."
a6bf39fb-f649-4130-a7ee-9b83c116d2b2,Educador Maker: ensino 'mão na massa',"O curso Educador Maker: ensino 'mão na massa' tem como objetivo capacitar educadores a integrar práticas maker na educação, desenvolvendo habilidades para promover aprendizagens criativas e colaborativas, com foco na cultura ""faça você mesmo"" e no uso crítico da tecnologia. Com uma abordagem prática e reflexiva, o curso abordará os princípios da educação maker, metodologias ativas, ferramentas tecnológicas aplicáveis à educação e estratégias para implementação de projetos mão na massa.
Destinado a professores, pedagogos, gestores educacionais e demais interessados em metodologias inovadoras. Ao final, os participantes estarão aptos a planejar e executar atividades maker, utilizar tecnologias como facilitadoras da aprendizagem e incentivar a criatividade e a autonomia dos estudantes.
Para conclusão, recomenda-se familiaridade com conceitos básicos de educação e tecnologia, mas não há pré-requisitos obrigatórios.
",30,"[""3062277b-4218-4f2b-8645-90ba3651fc52"", ""5a036b8e-1546-48ea-a616-2890f9904d4c"", ""b64634ab-e0ca-42a8-a95d-b8670598488b"", ""e4f31519-2fad-4fe8-b476-5da4715a16e9""]","[""Aprendizagem autorregulada"", ""Aprendizagem colaborativa"", ""Ensino"", ""Orientação""]","[""Planificar e implementar dispositivos e recursos digitais no processo de ensino, de modo a melhorar a eficácia das intervenções pedagógicas. Gerir e orquestrar  adequadamente estratégias de ensino digital. Experimentar e desenvolver novos formatos e métodos pedagógicos para o ensino."", ""Usar tecnologias digitais para apoiar a aprendizagem autorregulada dos(as) estudantes, isto é, permitir que planejem, acompanhem e reflitam sobre a sua própria\naprendizagem, forneçam evidências de progresso, compartilhem ideias e encontrem soluções criativas.\n"", ""Usar tecnologias digitais para promover e melhorar a colaboração do(a) estudante. Permitir que os(as) estudantes usem tecnologias digitais enquanto parte de tarefas colaborativas, como meio de melhorar a comunicação, a colaboração e a criação colaborativa de conhecimento."", ""Usar tecnologias e serviços digitais para melhorar a interação com os(as) estudantes,individual e coletivamente, dentro e fora da sessão de aprendizagem. Usar tecnologias digitais para proporcionar orientação e assistência oportuna e dirigida. Experimentar e desenvolver novas formas e formatos para oferecer orientação e apoio.""]","[""cac54f5d-834c-499c-bf8d-e549fa3828af""]","[""Ensino e Aprendizagem""]","[""6152c8bb-1632-42f0-9599-919b6bf15ecb"", ""7b16819f-cb8a-406d-9ab9-a335a50143cb"", ""85f646ca-67c5-439c-8cc1-df4fed9e0ae7""]","[""Aplicar"", ""Entender"", ""Lembrar""]","[""Aprendizagem autorregulada"", ""Aprendizagem colaborativa"", ""Ensino"", ""Orientação""]","Educador Maker: ensino 'mão na massa' O curso Educador Maker: ensino 'mão na massa' tem como objetivo capacitar educadores a integrar práticas maker na educação, desenvolvendo habilidades para promover aprendizagens criativas e colaborativas, com foco na cultura ""faça você mesmo"" e no uso crítico da tecnologia. Com uma abordagem prática e reflexiva, o curso abordará os princípios da educação maker, metodologias ativas, ferramentas tecnológicas aplicáveis à educação e estratégias para implementação de projetos mão na massa.
Destinado a professores, pedagogos, gestores educacionais e demais interessados em metodologias inovadoras. Ao final, os participantes estarão aptos a planejar e executar atividades maker, utilizar tecnologias como facilitadoras da aprendizagem e incentivar a criatividade e a autonomia dos estudantes.
Para conclusão, recomenda-se familiaridade com conceitos básicos de educação e tecnologia, mas não há pré-requisitos obrigatórios."
a86c9808-765f-4f39-8c90-f7082db688cd,Linguagem simples aproxima o governo das pessoas. Como usar,Quer aprender como simplificar aquele documento com uma linguagem super complexa? E ainda aprender como escrever textos com uma linguagem simples e compreensível? Este curso vai te ensinar uma forma estruturada de fazer isso. O curso apresenta e aprofunda a discussão sobre o uso da linguagem simples no setor público e a importância da disseminação da pauta no Brasil.,20,"[""1e52ca6e-ca19-4585-a66e-f6adc3013a74"", ""3418004f-90fd-4a64-bb7c-fab6c1f8f6cc"", ""45d29970-ecb3-4e4a-b57b-4850c9b6d98f"", ""7da372c6-cd33-423c-b365-dff0fd5faa8f"", ""b8ff33cf-392b-4019-b275-85e6df87a2a9""]","[""Comunicação"", ""Comunicação efetiva"", ""Comunicação interpessoal"", ""Orientação ao cidadão"", ""Relações institucionais""]","[""Capacidade de escutar, indagar e expressar conceitos e ideias nos momentos apropriados e de forma efetiva, garantindo uma dinâmica produtiva das interações internas e externas."", ""Conduzir e organizar o atendimento aos cidadãos, com mecanismos acessíveis, linguagem inteligível e procedimentos ágeis voltados à satisfação de procedimentos, reclamações, dúvidas e propostas. Quantificar, através de indicadores pré-estabelecidos, o grau de satisfação com os resultados gerenciais e a qualidade da resolução de conflitos e reclamações."", ""Estabelecer comunicação efetiva e positiva com superiores hierárquicos, pares e cidadãos, tanto na expressão escrita e verbal quanto corporal."", ""Iniciar e manter comunicações respeitosas e cordiais; transmitir de forma transparente e comportamento estável, informações e gestos, mensagens orais e de texto claros, concisos, fiáveis e apropriados para o destinatário. Atender ativamente informações, consultas, divergências e mensagens de terceiros com uma atitude construtiva e empática."", ""Promover a qualidade dos relacionamentos regulares e criar novos relacionamentos necessários para a consecução dos interesses da sua organização. Fortalecer a imagem corporativa, fazendo apresentações em público, planejando a mensagem a ser transmitida e seu objetivo de acordo com o tipo de público.""]","[""27ccdc3f-64d6-4748-960b-171e9c804d23"", ""4a2cf0b1-98dd-4bff-adc0-898f32e7b857"", ""514d5868-5f15-4ce9-b74a-d14f5310b54e""]","[""Gestão de Relacionamentos"", ""Orientação a Resultados"", ""Transversais""]","[""0f4140d5-313e-48ae-a953-f88e8e798a29"", ""6152c8bb-1632-42f0-9599-919b6bf15ecb"", ""7b16819f-cb8a-406d-9ab9-a335a50143cb""]","[""Aplicar"", ""Criar"", ""Entender""]","[""Comunicação"", ""Comunicação efetiva"", ""Comunicação interpessoal"", ""Orientação ao cidadão"", ""Relações institucionais""]",Linguagem simples aproxima o governo das pessoas. Como usar Quer aprender como simplificar aquele documento com uma linguagem super complexa? E ainda aprender como escrever textos com uma linguagem simples e compreensível? Este curso vai te ensinar uma forma estruturada de fazer isso. O curso apresenta e aprofunda a discussão sobre o uso da linguagem simples no setor público e a importância da disseminação da pauta no Brasil.
a8e70158-b215-44f9-aa0d-18e80f652b2c,Fundamentos da transformação digital: mapeamento e automação de processos,"Este curso aborda em seu conteúdo os princípios da gestão de negócios e os fundamentos da gestão de processos com foco na melhoria de processos e na transformação digital. Além disso, você conhecerá como mapear processos aplicando a Business Process Model and Notation (BPMN) e quais são as ferramentas mais utilizadas para realizar o design da automação de processos. 
Carga Horária:
20h
Disponibilidade:
30 dias
Público Alvo:
Gestores, analistas em TI, analistas de processos, gerentes de projetos, gerentes de tecnologia, arquiteto de sistemas ou servidores públicos que atuam na área de gestão de processos. Curso aberto, gratuito e com certificado, qualquer pessoa pode se inscrever.
Conteúdo Programático:
Módulo 1: Os fundamentos da gestão de processos com foco na transformação digital.
Módulo 2: Mapeamento de processos e design de automação.",20,"[""494c1fac-1723-4cfb-b8ee-4e6472ae59c7""]","[""Melhoria contínua de processos""]","[""Propor e introduzir ações para acelerar a melhoria contínua e a produtividade das tarefas sob sua responsabilidade, em atenção aos requisitos de qualidade.""]","[""e23d3b1c-ee83-4b09-b141-fc0f9dc7ab57""]","[""Processos de Melhoria""]","[""6152c8bb-1632-42f0-9599-919b6bf15ecb"", ""7b16819f-cb8a-406d-9ab9-a335a50143cb""]","[""Aplicar"", ""Entender""]","[""Melhoria contínua de processos""]","Fundamentos da transformação digital: mapeamento e automação de processos Este curso aborda em seu conteúdo os princípios da gestão de negócios e os fundamentos da gestão de processos com foco na melhoria de processos e na transformação digital. Além disso, você conhecerá como mapear processos aplicando a Business Process Model and Notation (BPMN) e quais são as ferramentas mais utilizadas para realizar o design da automação de processos. 
Carga Horária:
20h
Disponibilidade:
30 dias
Público Alvo:
Gestores, analistas em TI, analistas de processos, gerentes de projetos, gerentes de tecnologia, arquiteto de sistemas ou servidores públicos que atuam na área de gestão de processos. Curso aberto, gratuito e com certificado, qualquer pessoa pode se inscrever.
Conteúdo Programático:
Módulo 1: Os fundamentos da gestão de processos com foco na transformação digital.
Módulo 2: Mapeamento de processos e design de automação."
a909d9d9-cc5e-4698-ba55-6098543818fb,Deficiência Visual,"O curso Deficiência Visual tem como objetivo capacitar profissionais da educação, saúde e áreas afins a compreender e atuar de forma inclusiva com pessoas com deficiência visual, promovendo sua autonomia e participação social. Com uma abordagem teórica, o curso abordará os conceitos fundamentais da deficiência visual, suas causas, aspectos históricos, tecnologias assistivas, sistema Braille e estratégias pedagógicas inclusivas.
Destinado a educadores, profissionais da saúde, assistentes sociais, familiares e demais interessados no tema. Ao final, os participantes estarão aptos a identificar necessidades específicas, adaptar materiais pedagógicos, utilizar recursos como o Braille e tecnologias assistivas, e implementar estratégias que eliminem barreiras no processo educacional e na vida diária de pessoas com deficiência visual.
Para conclusão, não há pré-requisitos obrigatórios, mas recomenda-se interesse por educação inclusiva ou contato prévio com pessoas com deficiência visual.",30,"[""45d29970-ecb3-4e4a-b57b-4850c9b6d98f""]","[""Comunicação efetiva""]","[""Estabelecer comunicação efetiva e positiva com superiores hierárquicos, pares e cidadãos, tanto na expressão escrita e verbal quanto corporal.""]","[""4a2cf0b1-98dd-4bff-adc0-898f32e7b857""]","[""Orientação a Resultados""]","[""6152c8bb-1632-42f0-9599-919b6bf15ecb"", ""85f646ca-67c5-439c-8cc1-df4fed9e0ae7""]","[""Entender"", ""Lembrar""]","[""Comunicação efetiva""]","Deficiência Visual O curso Deficiência Visual tem como objetivo capacitar profissionais da educação, saúde e áreas afins a compreender e atuar de forma inclusiva com pessoas com deficiência visual, promovendo sua autonomia e participação social. Com uma abordagem teórica, o curso abordará os conceitos fundamentais da deficiência visual, suas causas, aspectos históricos, tecnologias assistivas, sistema Braille e estratégias pedagógicas inclusivas.
Destinado a educadores, profissionais da saúde, assistentes sociais, familiares e demais interessados no tema. Ao final, os participantes estarão aptos a identificar necessidades específicas, adaptar materiais pedagógicos, utilizar recursos como o Braille e tecnologias assistivas, e implementar estratégias que eliminem barreiras no processo educacional e na vida diária de pessoas com deficiência visual.
Para conclusão, não há pré-requisitos obrigatórios, mas recomenda-se interesse por educação inclusiva ou contato prévio com pessoas com deficiência visual."
a9adf7bd-a905-490b-9adb-21614d6401b5,Dificuldades de Aprendizagem,"O curso Dificuldades de Aprendizagem é uma formação de nível intermediário, com 45 horas de duração, destinada a estudantes universitários, professores, profissionais do setor público e privado, e à comunidade em geral. O objetivo é identificar as causas que dificultam a aprendizagem, bem como os tipos e formas de intervenção educacional, oferecendo ferramentas e técnicas que contribuem para um conhecimento significativo. O conteúdo detalhado é dividido em quatro unidades: Unidade 1 - Conceitualizando aprendizagem e dificuldade de aprendizagem; Unidade 2 - Transtornos Específicos da Aprendizagem; Unidade 3 - Transtornos e comorbidades aos prejuízos na aprendizagem; e Unidade 4 - O Fracasso Escolar: de quem é a culpa?. Este curso está alinhado ao Objetivo de Desenvolvimento Sustentável (ODS) 4: Educação de Qualidade (Saiba mais em: https://brasil.un.org/pt-br/sdgs e https://ods.uema.br/).",45,"[""161fd267-d68a-4f88-925c-8082f17fb8b2"", ""3062277b-4218-4f2b-8645-90ba3651fc52"", ""bf6ee8ab-b64b-48fb-ad5a-738548fc2302"", ""e4f31519-2fad-4fe8-b476-5da4715a16e9""]","[""Acessibilidade e inclusão - Docente"", ""Diferenciação e personalização"", ""Ensino"", ""Orientação""]","["" \n \t\nUsar tecnologias digitais para atender às diversas necessidades de aprendizagem dos(as) estudantes, permitindo que estes progridam a diferentes níveis e velocidades e sigam caminhos e objetivos de aprendizagem individuais."", ""Garantir acessibilidade a recursos e atividades de aprendizagem para todos os(as) estudantes, incluindo os que têm necessidades especiais. Ter em consideração e dar resposta às expetativas, capacidades, usos e conceções errôneas (digitais) dos(as) estudantes, bem como ao uso contextual, físico e cognitivo que fazem das tecnologias digitais."", ""Planificar e implementar dispositivos e recursos digitais no processo de ensino, de modo a melhorar a eficácia das intervenções pedagógicas. Gerir e orquestrar  adequadamente estratégias de ensino digital. Experimentar e desenvolver novos formatos e métodos pedagógicos para o ensino."", ""Usar tecnologias e serviços digitais para melhorar a interação com os(as) estudantes,individual e coletivamente, dentro e fora da sessão de aprendizagem. Usar tecnologias digitais para proporcionar orientação e assistência oportuna e dirigida. Experimentar e desenvolver novas formas e formatos para oferecer orientação e apoio.""]","[""c7be7c48-c417-4dec-b203-34ddedba7507"", ""cac54f5d-834c-499c-bf8d-e549fa3828af""]","[""Capacitação dos(as) Estudantes"", ""Ensino e Aprendizagem""]","[""6152c8bb-1632-42f0-9599-919b6bf15ecb"", ""85f646ca-67c5-439c-8cc1-df4fed9e0ae7"", ""dcd7e78d-25ed-4a16-9229-39773b4f6b3d""]","[""Analisar"", ""Entender"", ""Lembrar""]","[""Acessibilidade e inclusão - Docente"", ""Diferenciação e personalização"", ""Ensino"", ""Orientação""]","Dificuldades de Aprendizagem O curso Dificuldades de Aprendizagem é uma formação de nível intermediário, com 45 horas de duração, destinada a estudantes universitários, professores, profissionais do setor público e privado, e à comunidade em geral. O objetivo é identificar as causas que dificultam a aprendizagem, bem como os tipos e formas de intervenção educacional, oferecendo ferramentas e técnicas que contribuem para um conhecimento significativo. O conteúdo detalhado é dividido em quatro unidades: Unidade 1 - Conceitualizando aprendizagem e dificuldade de aprendizagem; Unidade 2 - Transtornos Específicos da Aprendizagem; Unidade 3 - Transtornos e comorbidades aos prejuízos na aprendizagem; e Unidade 4 - O Fracasso Escolar: de quem é a culpa?. Este curso está alinhado ao Objetivo de Desenvolvimento Sustentável (ODS) 4: Educação de Qualidade (Saiba mais em: https://brasil.un.org/pt-br/sdgs e https://ods.uema.br/)."
a9dc17c6-bb9c-4584-8195-eb902bcd04ad,Tecnologia Assistiva,"Apresenta conceitos relacionados à Tecnologia Assistiva, com o intuito de favorecer a compreensão dessa área enquanto um importante apoio para o processo de inclusão escolar dos alunos com deficiência e com necessidades educacionais especiais.",30,"[""6815ce74-37f5-40d0-ac92-285d0c126ee9""]","[""Promoção da Inclusão e Acessibilidade""]","[""Planejar, implementar e/ou monitorar políticas institucionais, educacionais e administrativas que garantam a inclusão de pessoas com deficiência, assegurando o cumprimento da legislação vigente, especialmente a Lei Brasileira de Inclusão (LBI). Além disso, prestar atendimento adequado, promovendo ambientes e práticas acessíveis, equitativos e livres de barreiras físicas, tecnológicas, pedagógicas, comunicacionais e atitudinais.""]","[""27ccdc3f-64d6-4748-960b-171e9c804d23""]","[""Transversais""]","[""6152c8bb-1632-42f0-9599-919b6bf15ecb"", ""85f646ca-67c5-439c-8cc1-df4fed9e0ae7""]","[""Entender"", ""Lembrar""]","[""Promoção da Inclusão e Acessibilidade""]","Tecnologia Assistiva Apresenta conceitos relacionados à Tecnologia Assistiva, com o intuito de favorecer a compreensão dessa área enquanto um importante apoio para o processo de inclusão escolar dos alunos com deficiência e com necessidades educacionais especiais."
ab5fb9a3-56b3-4080-ba96-9ba6b10510bd,Como desenvolver bons hábitos de estudo?,"O curso Mooc Como desenvolver bons hábitos de estudo? é uma iniciativa do Instituto Federal do Espírito Santo (Ifes) - Campus Colatina, no qual, visa orientar pessoas da comunidade em geral, estudantes do ensino regular, concurseiros, estudantes de cursos livres e/ou não formais, vestibulandos entre outros que queiram desenvolver bons hábitos de estudo. Nesse sentido, foi planejado com o intuito de contribuir com os processos cognitivos do público-alvo, orientando sobre a autorregulação da aprendizagem, a utilização de estratégias de aprendizagem e o gerenciamento de recursos (tempo, espaço e materiais).
Conteúdos:
Como formamos um hábito?
Introdução a hábitos de estudo.
Conhecendo a própria rotina e os hábitos de estudo.
Organização e programação da rotina.
Planejando o estudo.
Ambiente de estudo.
Concentração x distrações ao estudar.
Procrastinação.
Programando/Acompanhando o andamento das tarefas.
Estratégias de aprendizagem/técnicas de estudo passivas e ativas.",15,"[""b64634ab-e0ca-42a8-a95d-b8670598488b"", ""fa3b0d3e-857f-4d3b-839d-3d06a726a986""]","[""Aprendizagem autorregulada"", ""Envolvimento ativo""]","[""Usar tecnologias digitais para apoiar a aprendizagem autorregulada dos(as) estudantes, isto é, permitir que planejem, acompanhem e reflitam sobre a sua própria\naprendizagem, forneçam evidências de progresso, compartilhem ideias e encontrem soluções criativas.\n"", ""Usar tecnologias digitais para promover o envolvimento ativo e criativo dos(as) estudantes com um assunto específico. Usar tecnologias digitais no âmbito de estratégias pedagógicas que fomentem as competências transversais dos(as) estudantes, a reflexão profunda e a expressão criativa. Abrir a aprendizagem a novos contextos do mundo real, que envolvam os(as) próprios(as) estudantes em atividades práticas, investigação científica ou resolução de problemas complexos,\nou que, de outros modos, aumentem o seu envolvimento ativo em temas\ncomplexos.""]","[""c7be7c48-c417-4dec-b203-34ddedba7507"", ""cac54f5d-834c-499c-bf8d-e549fa3828af""]","[""Capacitação dos(as) Estudantes"", ""Ensino e Aprendizagem""]","[""6152c8bb-1632-42f0-9599-919b6bf15ecb"", ""7b16819f-cb8a-406d-9ab9-a335a50143cb"", ""85f646ca-67c5-439c-8cc1-df4fed9e0ae7""]","[""Aplicar"", ""Entender"", ""Lembrar""]","[""Aprendizagem autorregulada"", ""Envolvimento ativo""]","Como desenvolver bons hábitos de estudo? O curso Mooc Como desenvolver bons hábitos de estudo? é uma iniciativa do Instituto Federal do Espírito Santo (Ifes) - Campus Colatina, no qual, visa orientar pessoas da comunidade em geral, estudantes do ensino regular, concurseiros, estudantes de cursos livres e/ou não formais, vestibulandos entre outros que queiram desenvolver bons hábitos de estudo. Nesse sentido, foi planejado com o intuito de contribuir com os processos cognitivos do público-alvo, orientando sobre a autorregulação da aprendizagem, a utilização de estratégias de aprendizagem e o gerenciamento de recursos (tempo, espaço e materiais).
Conteúdos:
Como formamos um hábito?
Introdução a hábitos de estudo.
Conhecendo a própria rotina e os hábitos de estudo.
Organização e programação da rotina.
Planejando o estudo.
Ambiente de estudo.
Concentração x distrações ao estudar.
Procrastinação.
Programando/Acompanhando o andamento das tarefas.
Estratégias de aprendizagem/técnicas de estudo passivas e ativas."
ac9ea9c2-e757-46d6-a6fc-431894f63cbe,Fundamentos da linguagem visual,"Esse curso desenvolve princípios da linguagem visual. Apresenta elementos e técnicas visuais essenciais para o conhecimento da gramática visual, aplicáveis em situações cotidianas em que se estabelece a comunicação visual como a expressão visual de ideias, a elaboração de apresentações e até a criação de layouts mais complexos. Procura engajar os participantes no processo de aprendizagem a partir de breves atividades práticas.",40,"[""8f9fe3a9-ae88-46cc-a823-6a92c28243f2"", ""cdbece75-961d-4176-b34b-66e1a530dcf2""]","[""Comunicação institucional"", ""Criação de conteúdo digital""]","[""Incorporar atividades, tarefas e avaliações de aprendizagem que requeiram que os(as) estudantes se expressem através de meios digitais, modifiquem e criem conteúdo digital em diferentes formatos. Ensinar aos(às) estudantes como os direitos de autor e as licenças se aplicam ao conteúdo digital, como referenciar fontes e atribuir licenças."", ""Usar tecnologias digitais para melhorar a comunicação institucional com os(as) estudantes, pais ou responsáveis e terceiros. Contribuir colaborativamente para desenvolver e melhorar as estratégias de comunicação institucional.""]","[""05ac4a5c-019d-4ec7-83cc-12ca141322fa"", ""690c731c-31f8-46f6-94f6-94d952223a08""]","[""Envolvimento Profissional"", ""Promoção da Competência Digital dos(as) Estudantes""]","[""6152c8bb-1632-42f0-9599-919b6bf15ecb"", ""7b16819f-cb8a-406d-9ab9-a335a50143cb"", ""85f646ca-67c5-439c-8cc1-df4fed9e0ae7""]","[""Aplicar"", ""Entender"", ""Lembrar""]","[""Comunicação institucional"", ""Criação de conteúdo digital""]","Fundamentos da linguagem visual Esse curso desenvolve princípios da linguagem visual. Apresenta elementos e técnicas visuais essenciais para o conhecimento da gramática visual, aplicáveis em situações cotidianas em que se estabelece a comunicação visual como a expressão visual de ideias, a elaboração de apresentações e até a criação de layouts mais complexos. Procura engajar os participantes no processo de aprendizagem a partir de breves atividades práticas."
ae16e345-76cb-4526-a6da-1b72d1c3e387,Planilhas Eletrônicas,"Este curso tem como objetivo familiarizar os alunos com as ferramentas de Planilhas Eletrônicas. Nela, os alunos aprenderão desde como instalar o software até como criar gráficos e fórmulas matemáticas mais complexas, sempre tendo como foco a prática e a utilização da ferramenta no dia a dia do aluno.",40,"[""a549fa72-ae42-433f-85bd-29badf2851c0"", ""e4f31519-2fad-4fe8-b476-5da4715a16e9""]","[""Análise de problemas"", ""Ensino""]","[""Identificar tempestivamente os problemas a serem resolvidos, os recursos para enfrentá-los, as alternativas possíveis, seus custos e riscos, antes de tomar a decisão no nível que lhes corresponde."", ""Planificar e implementar dispositivos e recursos digitais no processo de ensino, de modo a melhorar a eficácia das intervenções pedagógicas. Gerir e orquestrar  adequadamente estratégias de ensino digital. Experimentar e desenvolver novos formatos e métodos pedagógicos para o ensino.""]","[""cac54f5d-834c-499c-bf8d-e549fa3828af"", ""e23d3b1c-ee83-4b09-b141-fc0f9dc7ab57""]","[""Ensino e Aprendizagem"", ""Processos de Melhoria""]","[""6152c8bb-1632-42f0-9599-919b6bf15ecb"", ""7b16819f-cb8a-406d-9ab9-a335a50143cb"", ""85f646ca-67c5-439c-8cc1-df4fed9e0ae7""]","[""Aplicar"", ""Entender"", ""Lembrar""]","[""Análise de problemas"", ""Ensino""]","Planilhas Eletrônicas Este curso tem como objetivo familiarizar os alunos com as ferramentas de Planilhas Eletrônicas. Nela, os alunos aprenderão desde como instalar o software até como criar gráficos e fórmulas matemáticas mais complexas, sempre tendo como foco a prática e a utilização da ferramenta no dia a dia do aluno."
b15b6519-4e6e-4404-a0b1-439e0dbc7bbf,Métodos de pesquisa: conceitos introdutórios,Tipos de conhecimento; Pesquisa científica e suas finalidades; Classificação das pesquisas científicas; Elementos de um projeto de pesquisa.,30,"[""3062277b-4218-4f2b-8645-90ba3651fc52"", ""e4f31519-2fad-4fe8-b476-5da4715a16e9""]","[""Ensino"", ""Orientação""]","[""Planificar e implementar dispositivos e recursos digitais no processo de ensino, de modo a melhorar a eficácia das intervenções pedagógicas. Gerir e orquestrar  adequadamente estratégias de ensino digital. Experimentar e desenvolver novos formatos e métodos pedagógicos para o ensino."", ""Usar tecnologias e serviços digitais para melhorar a interação com os(as) estudantes,individual e coletivamente, dentro e fora da sessão de aprendizagem. Usar tecnologias digitais para proporcionar orientação e assistência oportuna e dirigida. Experimentar e desenvolver novas formas e formatos para oferecer orientação e apoio.""]","[""cac54f5d-834c-499c-bf8d-e549fa3828af""]","[""Ensino e Aprendizagem""]","[""6152c8bb-1632-42f0-9599-919b6bf15ecb"", ""85f646ca-67c5-439c-8cc1-df4fed9e0ae7""]","[""Entender"", ""Lembrar""]","[""Ensino"", ""Orientação""]",Métodos de pesquisa: conceitos introdutórios Tipos de conhecimento; Pesquisa científica e suas finalidades; Classificação das pesquisas científicas; Elementos de um projeto de pesquisa.
b19480ca-2054-4126-b612-dc8e24949951,A Previdência Social dos Servidores Públicos: Regime Próprio e Regime de Previdência,"Conheça as regras de aposentadoria do serviço público federal, entenda na prática como funcionam os critérios de acesso e de concessão e reconheça os aspectos gerais do Regime Próprio de Previdência Social da União.
Público-alvo: servidores federais, principalmente, do Poder Executivo. 
Conteúdo Programático:
Módulo 1: A Previdência Social.
Módulo 2: Constituição do Regime Próprio de Previdência Social da União (RPPS União) e seus benefícios.
Módulo 3: Como funciona o Regime de Previdência Complementar dos servidores da União?
Módulo 4: Fundamentos de Aposentadoria.
Módulo 5: Concessão de pensão.",30,"[""0accb9d5-dbd1-483f-ab2a-ee0ca1c22de4"", ""e2b3c5ad-e0a6-4433-9ffd-ca78825a2e4d""]","[""Gerenciamento da mudança"", ""Planejamento""]","[""Antecipar e promover mudanças estratégicas/operacionais para responder às mudanças do contexto. Redesenhar/modernizar abordagens, processos, tarefas e competências requeridos pelo novo contexto, distribuindo responsabilidades e perseguindo resultados."", ""Identificar problemas prioritários e oportunidades de sua unidade para projetar planos, programas ou projetos que prefixam objetivos, atividades, recursos, custos, cronogramas, responsáveis e indicadores de progresso, resultados e impacto.""]","[""7d566976-b00c-4aa7-aa67-d94656c8db8c"", ""b47333be-1c80-40a9-a93d-9bbc4d7e4677""]","[""Gestão de Mudanças"", ""Gestão de Resultados""]","[""6152c8bb-1632-42f0-9599-919b6bf15ecb"", ""dcd7e78d-25ed-4a16-9229-39773b4f6b3d"", ""e10b37a4-2e66-4a5b-bd09-815dc7a45fff""]","[""Analisar"", ""Avaliar"", ""Entender""]","[""Gerenciamento da mudança"", ""Planejamento""]","A Previdência Social dos Servidores Públicos: Regime Próprio e Regime de Previdência Conheça as regras de aposentadoria do serviço público federal, entenda na prática como funcionam os critérios de acesso e de concessão e reconheça os aspectos gerais do Regime Próprio de Previdência Social da União.
Público-alvo: servidores federais, principalmente, do Poder Executivo. 
Conteúdo Programático:
Módulo 1: A Previdência Social.
Módulo 2: Constituição do Regime Próprio de Previdência Social da União (RPPS União) e seus benefícios.
Módulo 3: Como funciona o Regime de Previdência Complementar dos servidores da União?
Módulo 4: Fundamentos de Aposentadoria.
Módulo 5: Concessão de pensão."
b22e9713-5da6-4f6f-b864-b2a656831f43,Compreendendo a Educação Profissional e Tecnológica integrada ao Ensino Médio: textos e contextos,"O curso Compreendendo a Educação Profissional e Tecnológica Integrada ao Ensino Médio: Textos e Contextos tem como objetivo capacitar profissionais da educação, em especial docentes e gestores do Instituto Federal do Espírito Santo (Ifes), para compreender e aplicar os fundamentos legais e pedagógicos que regem a Educação Profissional Técnica integrada ao Ensino Médio, promovendo um diálogo crítico sobre sua implementação.
Com uma abordagem teórico-prática, o curso abordará:
Contexto histórico e marco legal da Educação Profissional e Tecnológica (EPT) no Brasil;
Princípios pedagógicos da integração entre Ensino Médio e Educação Profissional;
Análise de documentos normativos e suas implicações na prática educacional;
Desafios e perspectivas na implementação da EPT integrada.
Destinado a professores, coordenadores pedagógicos, gestores educacionais e técnicos administrativos do Ifes.
Ao final, os participantes estarão aptos a:
Interpretar e aplicar os instrumentos legais que regulamentam a EPT integrada;
Refletir criticamente sobre os desafios da integração curricular;
Contribuir para o planejamento e a implementação de propostas pedagógicas alinhadas à legislação.
Para conclusão, Carga horária: 60 horas;
Pré-requisito: Ser servidor do Ifes (prioritariamente) ou profissional da educação básica com interesse no tema.",60,"[""f3b6f7b4-9434-4fd4-a2af-5ce9bb4b2743""]","[""Contribuição técnico-profissional""]","[""Disponibilizar à Administração seu conhecimento profissional específico e suas experiências anteriores, gerenciando a  atualização de seus conhecimentos especializados.""]","[""4a2cf0b1-98dd-4bff-adc0-898f32e7b857""]","[""Orientação a Resultados""]","[""6152c8bb-1632-42f0-9599-919b6bf15ecb"", ""7b16819f-cb8a-406d-9ab9-a335a50143cb"", ""85f646ca-67c5-439c-8cc1-df4fed9e0ae7""]","[""Aplicar"", ""Entender"", ""Lembrar""]","[""Contribuição técnico-profissional""]","Compreendendo a Educação Profissional e Tecnológica integrada ao Ensino Médio: textos e contextos O curso Compreendendo a Educação Profissional e Tecnológica Integrada ao Ensino Médio: Textos e Contextos tem como objetivo capacitar profissionais da educação, em especial docentes e gestores do Instituto Federal do Espírito Santo (Ifes), para compreender e aplicar os fundamentos legais e pedagógicos que regem a Educação Profissional Técnica integrada ao Ensino Médio, promovendo um diálogo crítico sobre sua implementação.
Com uma abordagem teórico-prática, o curso abordará:
Contexto histórico e marco legal da Educação Profissional e Tecnológica (EPT) no Brasil;
Princípios pedagógicos da integração entre Ensino Médio e Educação Profissional;
Análise de documentos normativos e suas implicações na prática educacional;
Desafios e perspectivas na implementação da EPT integrada.
Destinado a professores, coordenadores pedagógicos, gestores educacionais e técnicos administrativos do Ifes.
Ao final, os participantes estarão aptos a:
Interpretar e aplicar os instrumentos legais que regulamentam a EPT integrada;
Refletir criticamente sobre os desafios da integração curricular;
Contribuir para o planejamento e a implementação de propostas pedagógicas alinhadas à legislação.
Para conclusão, Carga horária: 60 horas;
Pré-requisito: Ser servidor do Ifes (prioritariamente) ou profissional da educação básica com interesse no tema."
b2e7bb5b-3333-4413-9770-fa75b1f4def8,Executando a Estratégia de maneira Ágil dentro de uma Organização Pública,"O curso Executando a Estratégia de maneira Ágil dentro de uma Organização Pública é uma formação aberta e autoinstrucional com 30 horas de carga-horária. O objetivo é apresentar maneiras de executar, de forma ágil, as ações indicadas a partir de uma estratégia (ágil) já estabelecida. O público-alvo são servidores da Rede Federal de Educação Profissional e Tecnológica que estejam ocupando cargos de gestão em suas instituições. O curso é focado no desenvolvimento de competências práticas para a implementação da gestão ágil.",30,"[""0accb9d5-dbd1-483f-ab2a-ee0ca1c22de4"", ""1c04b88f-1be5-4ae0-b173-3a00c0f5b253"", ""4667ae96-35b0-435a-87f5-e21af9c1086d"", ""494c1fac-1723-4cfb-b8ee-4e6472ae59c7"", ""4be87cc2-7a58-4885-8970-8f49249d43d5"", ""c2ec6e9a-e945-4168-b151-408d1f929935"", ""c769606e-9f97-4fab-b9c9-51eb99e3bd44"", ""e6401337-5058-40be-b0d3-b28d487e43d3""]","[""Inovação"", ""Melhoria contínua de processos"", ""Planejamento"", ""Resolução de problemas com base em dados"", ""Tomada de decisão"", ""Tomada de decisão para gestores"", ""Visão Sistêmica"", ""Visão estratégica""]","[""Adotar e informar decisões prévias, explorando alternativas para minimizar custos e aumentar as vantagens para a organização na questão que for decidida."", ""Capacidade de idear soluções inovadoras e efetivas para problemas de baixa, média ou elevada complexidade com a utilização de dados (numéricos e não numéricos) e evidências que aumentem a precisão e viabilidade das soluções."", ""Capacidade de identificar os principais marcos institucionais e as tendências sociais, políticas e econômicas nos cenários local, regional, nacional e internacional. Marcos esses que podem impactar os processos decisórios e a gestão de programas e projetos no âmbito do setor público."", ""Compreender o ambiente político e a as tendências que interferem no estado de coisas; antecipar problemas e oportunidades a médio e longo prazo para a área responsável a fim de que a gestão identifique a alternativa mais adequada a cada situação presente ou eventual, comunicando à equipe a lógica das decisões diretivas."", ""Decidir sobre as questões sob sua responsabilidade mobilizando critérios de economia, eficácia, eficiência e transparência."", ""Forjar um clima de interesse para soluções inovadoras que melhorem a eficiência das respostas aos cidadãos em termos de informações, processos, tecnologias, resultados e impactos da gestão pública."", ""Identificar problemas prioritários e oportunidades de sua unidade para projetar planos, programas ou projetos que prefixam objetivos, atividades, recursos, custos, cronogramas, responsáveis e indicadores de progresso, resultados e impacto."", ""Propor e introduzir ações para acelerar a melhoria contínua e a produtividade das tarefas sob sua responsabilidade, em atenção aos requisitos de qualidade.""]","[""27ccdc3f-64d6-4748-960b-171e9c804d23"", ""7d566976-b00c-4aa7-aa67-d94656c8db8c"", ""b47333be-1c80-40a9-a93d-9bbc4d7e4677"", ""e23d3b1c-ee83-4b09-b141-fc0f9dc7ab57""]","[""Gestão de Mudanças"", ""Gestão de Resultados"", ""Processos de Melhoria"", ""Transversais""]",[],[],"[""Inovação"", ""Melhoria contínua de processos"", ""Planejamento"", ""Resolução de problemas com base em dados"", ""Tomada de decisão"", ""Tomada de decisão para gestores"", ""Visão Sistêmica"", ""Visão estratégica""]","Executando a Estratégia de maneira Ágil dentro de uma Organização Pública O curso Executando a Estratégia de maneira Ágil dentro de uma Organização Pública é uma formação aberta e autoinstrucional com 30 horas de carga-horária. O objetivo é apresentar maneiras de executar, de forma ágil, as ações indicadas a partir de uma estratégia (ágil) já estabelecida. O público-alvo são servidores da Rede Federal de Educação Profissional e Tecnológica que estejam ocupando cargos de gestão em suas instituições. O curso é focado no desenvolvimento de competências práticas para a implementação da gestão ágil."
b3154ca0-a114-47ec-926d-770e6b5350f7,Gamificação no Moodle,"O curso visa orientar professores e demais profissionais da educação interessados a compreender e implementar algumas formas e técnicas de gamificar um curso em um ambiente virtual de aprendizagem. 
Carga horária: 50h.
Nível de dificuldade: Básico.
Público-alvo: Profissionais da educação que possuem interesse em utilizar a gamificação em ambientes virtuais de aprendizagem, tais como: Professores, Administradores do Moodle, Designers Educacionais e demais profissionais da equipe Multidisciplinar.
Requisitos técnicos:  Acesso à Internet, via computador com navegador de internet. O estudo pode ser feito por meio de smartphone ou tablet, mas algumas atividades requerem o uso de computador para acesso a ferramentas específicas.
Pré-requisitos para o curso: Nível básico de conhecimentos no Moodle e habilidades para o uso do computador.",50,"[""12052eae-22a2-44ce-a8ff-07f5b5a8f816"", ""1c04b88f-1be5-4ae0-b173-3a00c0f5b253"", ""2e82da93-1754-4c16-8932-4ecd7695c246"", ""30521bbb-e702-47d7-a287-b242cf5bf600"", ""b64634ab-e0ca-42a8-a95d-b8670598488b"", ""bf6ee8ab-b64b-48fb-ad5a-738548fc2302"", ""c6d771e2-d2a0-443d-b615-b0c813965e99"", ""e4f31519-2fad-4fe8-b476-5da4715a16e9"", ""fa3b0d3e-857f-4d3b-839d-3d06a726a986""]","[""Análise de evidências"", ""Aprendizagem autorregulada"", ""Diferenciação e personalização"", ""Ensino"", ""Envolvimento ativo"", ""Estratégias de avaliação"", ""Feedback e planificação"", ""Resolução de problemas digitais"", ""Tomada de decisão""]","["" \n \t\nUsar tecnologias digitais para atender às diversas necessidades de aprendizagem dos(as) estudantes, permitindo que estes progridam a diferentes níveis e velocidades e sigam caminhos e objetivos de aprendizagem individuais."", ""Decidir sobre as questões sob sua responsabilidade mobilizando critérios de economia, eficácia, eficiência e transparência."", ""Incorporar atividades, tarefas e avaliações de aprendizagem que requeiram que os(as) estudantes identifiquem e resolvam problemas técnicos ou transfiram criativamente conhecimento tecnológico para novas situações."", ""Planificar e implementar dispositivos e recursos digitais no processo de ensino, de modo a melhorar a eficácia das intervenções pedagógicas. Gerir e orquestrar  adequadamente estratégias de ensino digital. Experimentar e desenvolver novos formatos e métodos pedagógicos para o ensino."", ""Produzir, selecionar, analisar criticamente e interpretar evidências digitais sobre a atividade, desempenho e progresso do(a) estudante, de modo a informar o ensino e aprendizagem."", ""Usar tecnologias digitais para a avaliação formativa e sumativa. Melhorar a diversidade e adequação dos formatos e abordagens de avaliação."", ""Usar tecnologias digitais para apoiar a aprendizagem autorregulada dos(as) estudantes, isto é, permitir que planejem, acompanhem e reflitam sobre a sua própria\naprendizagem, forneçam evidências de progresso, compartilhem ideias e encontrem soluções criativas.\n"", ""Usar tecnologias digitais para fornecer feedback oportuno e direcionado aos(às) estudantes. Adaptar estratégias de ensino e proporcionar apoio direcionado,\ncom base nas evidências geradas pelas tecnologias digitais utilizadas. Permitir que estudantes e pais ou responsáveis  compreendam as evidências fornecidas pelas tecnologias digitais e as usem para tomada de decisão."", ""Usar tecnologias digitais para promover o envolvimento ativo e criativo dos(as) estudantes com um assunto específico. Usar tecnologias digitais no âmbito de estratégias pedagógicas que fomentem as competências transversais dos(as) estudantes, a reflexão profunda e a expressão criativa. Abrir a aprendizagem a novos contextos do mundo real, que envolvam os(as) próprios(as) estudantes em atividades práticas, investigação científica ou resolução de problemas complexos,\nou que, de outros modos, aumentem o seu envolvimento ativo em temas\ncomplexos.""]","[""05ac4a5c-019d-4ec7-83cc-12ca141322fa"", ""c7be7c48-c417-4dec-b203-34ddedba7507"", ""cac54f5d-834c-499c-bf8d-e549fa3828af"", ""cc76e5f1-476f-48b1-9d32-ccb2de7f2cde"", ""e23d3b1c-ee83-4b09-b141-fc0f9dc7ab57""]","[""Avaliação"", ""Capacitação dos(as) Estudantes"", ""Ensino e Aprendizagem"", ""Processos de Melhoria"", ""Promoção da Competência Digital dos(as) Estudantes""]","[""6152c8bb-1632-42f0-9599-919b6bf15ecb"", ""7b16819f-cb8a-406d-9ab9-a335a50143cb"", ""85f646ca-67c5-439c-8cc1-df4fed9e0ae7"", ""dcd7e78d-25ed-4a16-9229-39773b4f6b3d""]","[""Analisar"", ""Aplicar"", ""Entender"", ""Lembrar""]","[""Análise de evidências"", ""Aprendizagem autorregulada"", ""Diferenciação e personalização"", ""Ensino"", ""Envolvimento ativo"", ""Estratégias de avaliação"", ""Feedback e planificação"", ""Resolução de problemas digitais"", ""Tomada de decisão""]","Gamificação no Moodle O curso visa orientar professores e demais profissionais da educação interessados a compreender e implementar algumas formas e técnicas de gamificar um curso em um ambiente virtual de aprendizagem. 
Carga horária: 50h.
Nível de dificuldade: Básico.
Público-alvo: Profissionais da educação que possuem interesse em utilizar a gamificação em ambientes virtuais de aprendizagem, tais como: Professores, Administradores do Moodle, Designers Educacionais e demais profissionais da equipe Multidisciplinar.
Requisitos técnicos:  Acesso à Internet, via computador com navegador de internet. O estudo pode ser feito por meio de smartphone ou tablet, mas algumas atividades requerem o uso de computador para acesso a ferramentas específicas.
Pré-requisitos para o curso: Nível básico de conhecimentos no Moodle e habilidades para o uso do computador."
b35dba00-e436-4974-8844-39cad879a16e,Legislação de Tils,"Este curso apresenta como as relações sociais interferem diretamente para o surgimento de variações linguísticas nos contextos de interações entre os usuários de uma determinada língua, privilegiando o enriquecimento vocabular de todos os envolvidos. Você vai compreender que as línguas humanas não são estáticas e sofrem constantes alterações, essenciais para suprir as necessidades do ser humano ao expressar seus pensamentos nas diversas experiências linguísticas ao interagir socialmente.",20,"[""45d29970-ecb3-4e4a-b57b-4850c9b6d98f""]","[""Comunicação efetiva""]","[""Estabelecer comunicação efetiva e positiva com superiores hierárquicos, pares e cidadãos, tanto na expressão escrita e verbal quanto corporal.""]","[""4a2cf0b1-98dd-4bff-adc0-898f32e7b857""]","[""Orientação a Resultados""]","[""6152c8bb-1632-42f0-9599-919b6bf15ecb"", ""85f646ca-67c5-439c-8cc1-df4fed9e0ae7""]","[""Entender"", ""Lembrar""]","[""Comunicação efetiva""]","Legislação de Tils Este curso apresenta como as relações sociais interferem diretamente para o surgimento de variações linguísticas nos contextos de interações entre os usuários de uma determinada língua, privilegiando o enriquecimento vocabular de todos os envolvidos. Você vai compreender que as línguas humanas não são estáticas e sofrem constantes alterações, essenciais para suprir as necessidades do ser humano ao expressar seus pensamentos nas diversas experiências linguísticas ao interagir socialmente."
b3686abc-3432-4534-858c-9afcd2376b9d,Introdução à Produção de Audiolivros," O aluno conhecerá o objeto audiolivro de forma introdutória, se inteirando a respeito das principais plataformas de distribuição e o mercado, bem como entenderá alguns aspectos teóricos e práticos básicos da produção de um audiolivro. Dessa forma o aluno será capaz de realizar produções de áudio de menor complexidade e com melhor qualidade do que antes do curso, sendo um importante ponto de partida para estudos mais aprofundados. Indiretamente este aprendizado também pode ser útil para outras produções como a narração de vídeos e produção de podcasts, assim como para o desenvolvimento de uma cultura de leitura através do som.",20,"[""bf6ee8ab-b64b-48fb-ad5a-738548fc2302""]","[""Diferenciação e personalização""]","["" \n \t\nUsar tecnologias digitais para atender às diversas necessidades de aprendizagem dos(as) estudantes, permitindo que estes progridam a diferentes níveis e velocidades e sigam caminhos e objetivos de aprendizagem individuais.""]","[""c7be7c48-c417-4dec-b203-34ddedba7507""]","[""Capacitação dos(as) Estudantes""]","[""6152c8bb-1632-42f0-9599-919b6bf15ecb"", ""7b16819f-cb8a-406d-9ab9-a335a50143cb"", ""85f646ca-67c5-439c-8cc1-df4fed9e0ae7""]","[""Aplicar"", ""Entender"", ""Lembrar""]","[""Diferenciação e personalização""]","Introdução à Produção de Audiolivros O aluno conhecerá o objeto audiolivro de forma introdutória, se inteirando a respeito das principais plataformas de distribuição e o mercado, bem como entenderá alguns aspectos teóricos e práticos básicos da produção de um audiolivro. Dessa forma o aluno será capaz de realizar produções de áudio de menor complexidade e com melhor qualidade do que antes do curso, sendo um importante ponto de partida para estudos mais aprofundados. Indiretamente este aprendizado também pode ser útil para outras produções como a narração de vídeos e produção de podcasts, assim como para o desenvolvimento de uma cultura de leitura através do som."
b656dd6d-5e6d-494a-a70d-5402b703b37a,"Teoria das Organizações: clima organizacional, cultura organizacional, mudança organizacional e desaprendizagem organizacional","Compreender a Cultura Organizacional e o impacto no clima do trabalho, bem como o processo de desaprender, reaprender e aprender as novas competências é essencial para que possibilite a mudança e estar em sintonia com este processo social por que passa a humanidade.",20,"[""1c596a8d-dff3-46ca-a684-8eb59b20800c"", ""293f465f-d8b5-44f4-a285-5aa095625979"", ""432c5350-bdb8-4e22-b7a4-0417e9cfa8f4"", ""e2b3c5ad-e0a6-4433-9ffd-ca78825a2e4d""]","[""Gerenciamento da mudança"", ""Gestão do desenvolvimento de pessoas"", ""Liderança eficaz"", ""Organização da rotina""]","[""Antecipar e promover mudanças estratégicas/operacionais para responder às mudanças do contexto. Redesenhar/modernizar abordagens, processos, tarefas e competências requeridos pelo novo contexto, distribuindo responsabilidades e perseguindo resultados."", ""Definir o programa semanal e mensal de atividades, no âmbito do plano institucional, determinando os resultados a serem alcançados, as tarefas a serem executadas, os procedimentos a serem resolvidos e os atrasos a serem corrigidos, bem como os custos e insumos necessários para alcançá-lo. "", ""Dirigir equipes, otimizando a aplicação de talentos disponíveis e criando um ambiente positivo e comprometido para a obtenção de resultados."", ""Forjar um ambiente de trabalho em que os interesses de equipes e indivíduos se harmonizem com os objetivos e resultados da organização, gerando oportunidades de aprendizado e desenvolvimento, bem como incentivos para reforçar o desempenho excepcional.""]","[""4a2cf0b1-98dd-4bff-adc0-898f32e7b857"", ""7d566976-b00c-4aa7-aa67-d94656c8db8c"", ""b47333be-1c80-40a9-a93d-9bbc4d7e4677""]","[""Gestão de Mudanças"", ""Gestão de Resultados"", ""Orientação a Resultados""]","[""6152c8bb-1632-42f0-9599-919b6bf15ecb"", ""dcd7e78d-25ed-4a16-9229-39773b4f6b3d""]","[""Analisar"", ""Entender""]","[""Gerenciamento da mudança"", ""Gestão do desenvolvimento de pessoas"", ""Liderança eficaz"", ""Organização da rotina""]","Teoria das Organizações: clima organizacional, cultura organizacional, mudança organizacional e desaprendizagem organizacional Compreender a Cultura Organizacional e o impacto no clima do trabalho, bem como o processo de desaprender, reaprender e aprender as novas competências é essencial para que possibilite a mudança e estar em sintonia com este processo social por que passa a humanidade."
b6cf4d6a-8c55-4ad5-95ca-30c7c3cd637d,Orientação de Projetos na Educação Básica,"Ementa:


O jovem como protagonista dos projetos. Diálogos com uma pedagogia das juventudes. O que é o Método Científico. Tópicos em Metodologias de Projetos. O papel do professor como orientador dos projetos. Apresentando resultados: feiras de ciências e mostras de conhecimento.

Objetivos gerais:

Desenvolver habilidades na orientação de projetos de pesquisa e ensino desenvolvidos na educação básica, aprimorando as habilidades de professores e outros profissionais da educação no desenvolvimento de estudantes como autores e protagonistas de seu aprendizado.",30,"[""0accb9d5-dbd1-483f-ab2a-ee0ca1c22de4"", ""3062277b-4218-4f2b-8645-90ba3651fc52"", ""4c081af1-b613-4465-b989-2a4b09d76e0e"", ""4d216e43-4edf-4a2d-8648-b89378e76dad""]","[""Autogestão"", ""Gestão para resultados"", ""Orientação"", ""Planejamento""]","[""Identificar problemas prioritários e oportunidades de sua unidade para projetar planos, programas ou projetos que prefixam objetivos, atividades, recursos, custos, cronogramas, responsáveis e indicadores de progresso, resultados e impacto."", ""Usar tecnologias e serviços digitais para melhorar a interação com os(as) estudantes,individual e coletivamente, dentro e fora da sessão de aprendizagem. Usar tecnologias digitais para proporcionar orientação e assistência oportuna e dirigida. Experimentar e desenvolver novas formas e formatos para oferecer orientação e apoio.""]","[""05ac4a5c-019d-4ec7-83cc-12ca141322fa"", ""2537d1c9-05a8-469c-9f2e-39ca7a5ca85e"", ""27ccdc3f-64d6-4748-960b-171e9c804d23"", ""2ee0fd18-5e3b-4fa1-b293-5b39634f0430"", ""514d5868-5f15-4ce9-b74a-d14f5310b54e"", ""afeb1766-d31e-4f99-818d-a15313e66d01"", ""b47333be-1c80-40a9-a93d-9bbc4d7e4677"", ""cac54f5d-834c-499c-bf8d-e549fa3828af""]","[""Competência de Liderança - Estratégia"", ""Competências de Liderança - Resultados"", ""Ensino e Aprendizagem"", ""Gestão de Relacionamentos"", ""Gestão de Resultados"", ""Não especificado"", ""Promoção da Competência Digital dos(as) Estudantes"", ""Transversais""]",[],[],"[""Gestão para resultados"", ""Orientação"", ""Planejamento""]","Orientação de Projetos na Educação Básica Ementa:


O jovem como protagonista dos projetos. Diálogos com uma pedagogia das juventudes. O que é o Método Científico. Tópicos em Metodologias de Projetos. O papel do professor como orientador dos projetos. Apresentando resultados: feiras de ciências e mostras de conhecimento.

Objetivos gerais:

Desenvolver habilidades na orientação de projetos de pesquisa e ensino desenvolvidos na educação básica, aprimorando as habilidades de professores e outros profissionais da educação no desenvolvimento de estudantes como autores e protagonistas de seu aprendizado."
b74d90b7-123f-4106-8c83-aeef3c98d8f2,Por que as cotas raciais são necessárias?,"Promover a formação sobre relações étnico-raciais no Brasil, no contexto das Comissões de Heteroidentificação e justifica-se pela orientação legal da Portaria Normativa nº 4, de 06 de abril de 2018, que regulamenta o procedimento complementar à autodeclaração dos candidatos negros (pretos e pardos), para fins de preenchimento das vagas reservadas para concurso público.",20,"[""161fd267-d68a-4f88-925c-8082f17fb8b2"", ""432c5350-bdb8-4e22-b7a4-0417e9cfa8f4"", ""a3a55daf-faf9-41e2-81eb-613b8c94fad1""]","[""Acessibilidade e inclusão - Docente"", ""Gerenciamento de políticas"", ""Gestão do desenvolvimento de pessoas""]","[""Contribuir para a coerência estratégica da gestão de políticas, articulando e complementando os objetivos e resultados das organizações; desempenhar o papel de liderança no âmbito das políticas públicas promovidas pelo Alto Governo."", ""Forjar um ambiente de trabalho em que os interesses de equipes e indivíduos se harmonizem com os objetivos e resultados da organização, gerando oportunidades de aprendizado e desenvolvimento, bem como incentivos para reforçar o desempenho excepcional."", ""Garantir acessibilidade a recursos e atividades de aprendizagem para todos os(as) estudantes, incluindo os que têm necessidades especiais. Ter em consideração e dar resposta às expetativas, capacidades, usos e conceções errôneas (digitais) dos(as) estudantes, bem como ao uso contextual, físico e cognitivo que fazem das tecnologias digitais.""]","[""7d566976-b00c-4aa7-aa67-d94656c8db8c"", ""b47333be-1c80-40a9-a93d-9bbc4d7e4677"", ""c7be7c48-c417-4dec-b203-34ddedba7507""]","[""Capacitação dos(as) Estudantes"", ""Gestão de Mudanças"", ""Gestão de Resultados""]","[""6152c8bb-1632-42f0-9599-919b6bf15ecb"", ""7b16819f-cb8a-406d-9ab9-a335a50143cb"", ""dcd7e78d-25ed-4a16-9229-39773b4f6b3d""]","[""Analisar"", ""Aplicar"", ""Entender""]","[""Acessibilidade e inclusão - Docente"", ""Gerenciamento de políticas"", ""Gestão do desenvolvimento de pessoas""]","Por que as cotas raciais são necessárias? Promover a formação sobre relações étnico-raciais no Brasil, no contexto das Comissões de Heteroidentificação e justifica-se pela orientação legal da Portaria Normativa nº 4, de 06 de abril de 2018, que regulamenta o procedimento complementar à autodeclaração dos candidatos negros (pretos e pardos), para fins de preenchimento das vagas reservadas para concurso público."
b949bb13-9298-4881-bb4c-a62002131f6f,Prazer e Sofrimento no Trabalho,"Aspectos conceituais da dinâmica de prazer e sofrimento no trabalho: Organização do trabalho como fonte de sofrimento. Sofrimento no trabalho e estratégias de defesa. Do sofrimento ao prazer no trabalho. Proteção Jurídica no Brasil acerca da relação entre saúde mental e trabalho: Legislação brasileira quanto a proteção da relação entre trabalho a saúde mental: Constituição Federal, Consolidação das Leis Trabalhistas (CLT) e Normas Regulamentadoras (NRs). Patologias e formas de violência associadas a saúde mental e trabalho: Principais patologias que podem ser desenvolvidas nos indivíduos relacionados a saúde mental e trabalho tais como transtornos de humor (transtornos de ansiedade, transtornos de depressão) e desordens musculoesqueléticas (LERT, DORT). Violências no trabalho que estão relacionados a saúde mental e trabalho: assédio moral e assédio sexual.",30,"[""432c5350-bdb8-4e22-b7a4-0417e9cfa8f4""]","[""Gestão do desenvolvimento de pessoas""]","[""Forjar um ambiente de trabalho em que os interesses de equipes e indivíduos se harmonizem com os objetivos e resultados da organização, gerando oportunidades de aprendizado e desenvolvimento, bem como incentivos para reforçar o desempenho excepcional.""]","[""b47333be-1c80-40a9-a93d-9bbc4d7e4677""]","[""Gestão de Resultados""]","[""6152c8bb-1632-42f0-9599-919b6bf15ecb"", ""dcd7e78d-25ed-4a16-9229-39773b4f6b3d""]","[""Analisar"", ""Entender""]","[""Gestão do desenvolvimento de pessoas""]","Prazer e Sofrimento no Trabalho Aspectos conceituais da dinâmica de prazer e sofrimento no trabalho: Organização do trabalho como fonte de sofrimento. Sofrimento no trabalho e estratégias de defesa. Do sofrimento ao prazer no trabalho. Proteção Jurídica no Brasil acerca da relação entre saúde mental e trabalho: Legislação brasileira quanto a proteção da relação entre trabalho a saúde mental: Constituição Federal, Consolidação das Leis Trabalhistas (CLT) e Normas Regulamentadoras (NRs). Patologias e formas de violência associadas a saúde mental e trabalho: Principais patologias que podem ser desenvolvidas nos indivíduos relacionados a saúde mental e trabalho tais como transtornos de humor (transtornos de ansiedade, transtornos de depressão) e desordens musculoesqueléticas (LERT, DORT). Violências no trabalho que estão relacionados a saúde mental e trabalho: assédio moral e assédio sexual."
baa3c8ea-e5ff-4339-9035-19579f91bc13,Acessibilidade na Comunicação,"Neste curso, você irá compreender o conceito biopsicossocial e as terminologias ligadas às pessoas com deficiência. Entrará em contato com a legislação, compreenderá como utilizar recursos e técnicas que melhoram a acessibilidade, além de ver exemplos práticos de comunicação acessível, tanto em eventos presenciais como em conteúdo web e impresso. Inscreva-se agora e tenha oportunidade de compreender como a comunicação pode ser mais acessível e democrática para todos!",30,"[""161fd267-d68a-4f88-925c-8082f17fb8b2"", ""1e52ca6e-ca19-4585-a66e-f6adc3013a74"", ""6461c25c-1491-4610-8ee0-2029d77fa61d"", ""6815ce74-37f5-40d0-ac92-285d0c126ee9"", ""8f9fe3a9-ae88-46cc-a823-6a92c28243f2"", ""cdbece75-961d-4176-b34b-66e1a530dcf2""]","[""Acessibilidade e inclusão - Docente"", ""Comunicação"", ""Comunicação e colaboração digital"", ""Comunicação institucional"", ""Criação de conteúdo digital"", ""Promoção da Inclusão e Acessibilidade""]","[""Capacidade de escutar, indagar e expressar conceitos e ideias nos momentos apropriados e de forma efetiva, garantindo uma dinâmica produtiva das interações internas e externas."", ""Garantir acessibilidade a recursos e atividades de aprendizagem para todos os(as) estudantes, incluindo os que têm necessidades especiais. Ter em consideração e dar resposta às expetativas, capacidades, usos e conceções errôneas (digitais) dos(as) estudantes, bem como ao uso contextual, físico e cognitivo que fazem das tecnologias digitais."", ""Incorporar atividades, tarefas e avaliações de aprendizagem que requeiram que os(as) estudantes se expressem através de meios digitais, modifiquem e criem conteúdo digital em diferentes formatos. Ensinar aos(às) estudantes como os direitos de autor e as licenças se aplicam ao conteúdo digital, como referenciar fontes e atribuir licenças."", ""Incorporar atividades, tarefas e avaliações de aprendizagem que requeiram que os(as) estudantes usem, eficaz e responsavelmente, tecnologias digitais para comunicação, colaboração e participação cívica."", ""Planejar, implementar e/ou monitorar políticas institucionais, educacionais e administrativas que garantam a inclusão de pessoas com deficiência, assegurando o cumprimento da legislação vigente, especialmente a Lei Brasileira de Inclusão (LBI). Além disso, prestar atendimento adequado, promovendo ambientes e práticas acessíveis, equitativos e livres de barreiras físicas, tecnológicas, pedagógicas, comunicacionais e atitudinais."", ""Usar tecnologias digitais para melhorar a comunicação institucional com os(as) estudantes, pais ou responsáveis e terceiros. Contribuir colaborativamente para desenvolver e melhorar as estratégias de comunicação institucional.""]","[""05ac4a5c-019d-4ec7-83cc-12ca141322fa"", ""27ccdc3f-64d6-4748-960b-171e9c804d23"", ""690c731c-31f8-46f6-94f6-94d952223a08"", ""c7be7c48-c417-4dec-b203-34ddedba7507""]","[""Capacitação dos(as) Estudantes"", ""Envolvimento Profissional"", ""Promoção da Competência Digital dos(as) Estudantes"", ""Transversais""]","[""6152c8bb-1632-42f0-9599-919b6bf15ecb"", ""7b16819f-cb8a-406d-9ab9-a335a50143cb"", ""85f646ca-67c5-439c-8cc1-df4fed9e0ae7""]","[""Aplicar"", ""Entender"", ""Lembrar""]","[""Acessibilidade e inclusão - Docente"", ""Comunicação"", ""Comunicação e colaboração digital"", ""Comunicação institucional"", ""Criação de conteúdo digital"", ""Promoção da Inclusão e Acessibilidade""]","Acessibilidade na Comunicação Neste curso, você irá compreender o conceito biopsicossocial e as terminologias ligadas às pessoas com deficiência. Entrará em contato com a legislação, compreenderá como utilizar recursos e técnicas que melhoram a acessibilidade, além de ver exemplos práticos de comunicação acessível, tanto em eventos presenciais como em conteúdo web e impresso. Inscreva-se agora e tenha oportunidade de compreender como a comunicação pode ser mais acessível e democrática para todos!"
bacb4c37-72db-4faf-bbfc-6cfb505f2726,Administração Pública e Contexto Institucional Contemporâneo,"O curso tem como desafio compreender a Administração Pública enquanto área do conhecimento e de práticas profissionais voltadas para a gestão das organizações que a integram. Para tanto, vamos associar o processo de consolidação desse tema ao seu campo de aplicação: o Estado.",20,"[""0accb9d5-dbd1-483f-ab2a-ee0ca1c22de4"", ""c2ec6e9a-e945-4168-b151-408d1f929935""]","[""Planejamento"", ""Visão estratégica""]","[""Compreender o ambiente político e a as tendências que interferem no estado de coisas; antecipar problemas e oportunidades a médio e longo prazo para a área responsável a fim de que a gestão identifique a alternativa mais adequada a cada situação presente ou eventual, comunicando à equipe a lógica das decisões diretivas."", ""Identificar problemas prioritários e oportunidades de sua unidade para projetar planos, programas ou projetos que prefixam objetivos, atividades, recursos, custos, cronogramas, responsáveis e indicadores de progresso, resultados e impacto.""]","[""7d566976-b00c-4aa7-aa67-d94656c8db8c"", ""b47333be-1c80-40a9-a93d-9bbc4d7e4677""]","[""Gestão de Mudanças"", ""Gestão de Resultados""]","[""6152c8bb-1632-42f0-9599-919b6bf15ecb""]","[""Entender""]","[""Planejamento"", ""Visão estratégica""]","Administração Pública e Contexto Institucional Contemporâneo O curso tem como desafio compreender a Administração Pública enquanto área do conhecimento e de práticas profissionais voltadas para a gestão das organizações que a integram. Para tanto, vamos associar o processo de consolidação desse tema ao seu campo de aplicação: o Estado."
bae6feff-3be9-4517-b777-da1c5b489d91,Educação especial e inclusiva para deficientes auditivos,"O curso Educação especial e inclusiva para deficientes auditivos tem como objetivo geral compreender as singularidades e particularidades da deficiência auditiva e da surdez, caracterizando e evidenciando propostas de trabalho educativo. A formação busca capacitar o professor de Atendimento Educacional Especializado (AEE) para a gestão e avaliação dos processos de aprendizagem e da inclusão dos alunos com essas necessidades. A ementa aborda: Conceituação e classificação de deficiência auditiva e surdez; Principais patologias e prevenção na infância; Formação de conceitos e construção de conhecimentos por alunos surdos; Procedimentos didático-metodológicos (classe comum e AEE, ensino em Libras e Língua Portuguesa na modalidade escrita); e Tecnologias Educacionais Assistivas.",40,"[""161fd267-d68a-4f88-925c-8082f17fb8b2"", ""bf6ee8ab-b64b-48fb-ad5a-738548fc2302""]","[""Acessibilidade e inclusão - Docente"", ""Diferenciação e personalização""]","["" \n \t\nUsar tecnologias digitais para atender às diversas necessidades de aprendizagem dos(as) estudantes, permitindo que estes progridam a diferentes níveis e velocidades e sigam caminhos e objetivos de aprendizagem individuais."", ""Garantir acessibilidade a recursos e atividades de aprendizagem para todos os(as) estudantes, incluindo os que têm necessidades especiais. Ter em consideração e dar resposta às expetativas, capacidades, usos e conceções errôneas (digitais) dos(as) estudantes, bem como ao uso contextual, físico e cognitivo que fazem das tecnologias digitais.""]","[""c7be7c48-c417-4dec-b203-34ddedba7507""]","[""Capacitação dos(as) Estudantes""]","[""6152c8bb-1632-42f0-9599-919b6bf15ecb"", ""85f646ca-67c5-439c-8cc1-df4fed9e0ae7"", ""dcd7e78d-25ed-4a16-9229-39773b4f6b3d""]","[""Analisar"", ""Entender"", ""Lembrar""]","[""Acessibilidade e inclusão - Docente"", ""Diferenciação e personalização""]","Educação especial e inclusiva para deficientes auditivos O curso Educação especial e inclusiva para deficientes auditivos tem como objetivo geral compreender as singularidades e particularidades da deficiência auditiva e da surdez, caracterizando e evidenciando propostas de trabalho educativo. A formação busca capacitar o professor de Atendimento Educacional Especializado (AEE) para a gestão e avaliação dos processos de aprendizagem e da inclusão dos alunos com essas necessidades. A ementa aborda: Conceituação e classificação de deficiência auditiva e surdez; Principais patologias e prevenção na infância; Formação de conceitos e construção de conhecimentos por alunos surdos; Procedimentos didático-metodológicos (classe comum e AEE, ensino em Libras e Língua Portuguesa na modalidade escrita); e Tecnologias Educacionais Assistivas."
bc677534-38cf-44a7-b6a9-9a01811f01c6,Gestão do Tempo e Produtividade,"Você sabe para onde está indo? Como você pode fazer para escolher o melhor caminho? Neste curso, você empreenderá uma jornada de autoconhecimento e conhecerá processos e métodos produtivos para o aperfeiçoamento de suas competências individuais e coletivas relacionadas ao aumento da produtividade e à eficiência no gerenciamento do tempo.
Carga Horária: 40h.
Público Alvo: Agentes públicos e demais interessados no tema. 
Conteúdo Programático:
Módulo 1 – AUTOCONHECIMENTO: paradas e reflexões.
Módulo 2 – PRODUTIVIDADE: conceitos e contextos.
Módulo 3 – Elementos e ferramentas de produtividade.
Módulo 4 – Gestão do tempo.
Módulo 5 – Atitudes de pessoas produtivas.
",40,"[""7a8fc826-b1a6-4d1a-854d-9782c417ee0f"", ""d8340cf3-50ac-412b-b067-3a273ae5115d""]","[""Gestão da qualidade"", ""Proatividade""]","[""Atuar com iniciativa e instruir os colaboradores a antecipar eventos previsíveis que envolvam a execução de tarefas para atendimento de demandas internas e externas (dos cidadãos), fortalecendo a percepção dos usuários sobre o comprometimento da unidade na oferta de serviços e produtos."", ""Conduzir a área de gestão encarregada de padronizar boas práticas processuais, no âmbito do paradigma da qualidade; gerando serviços internos ou externos seguros e confiáveis, de acordo com indicadores pré-estabelecidos em termos de legislação vigente e padrões de qualidade aplicáveis.""]","[""7d566976-b00c-4aa7-aa67-d94656c8db8c"", ""b47333be-1c80-40a9-a93d-9bbc4d7e4677""]","[""Gestão de Mudanças"", ""Gestão de Resultados""]","[""6152c8bb-1632-42f0-9599-919b6bf15ecb"", ""dcd7e78d-25ed-4a16-9229-39773b4f6b3d""]","[""Analisar"", ""Entender""]","[""Gestão da qualidade""]","Gestão do Tempo e Produtividade Você sabe para onde está indo? Como você pode fazer para escolher o melhor caminho? Neste curso, você empreenderá uma jornada de autoconhecimento e conhecerá processos e métodos produtivos para o aperfeiçoamento de suas competências individuais e coletivas relacionadas ao aumento da produtividade e à eficiência no gerenciamento do tempo.
Carga Horária: 40h.
Público Alvo: Agentes públicos e demais interessados no tema. 
Conteúdo Programático:
Módulo 1 – AUTOCONHECIMENTO: paradas e reflexões.
Módulo 2 – PRODUTIVIDADE: conceitos e contextos.
Módulo 3 – Elementos e ferramentas de produtividade.
Módulo 4 – Gestão do tempo.
Módulo 5 – Atitudes de pessoas produtivas."
bcf76177-f0f1-422c-b4b2-bd66bf2724e7,Comunicação Oral e Escrita,"O curso Comunicação Oral e Escrita tem como objetivo desenvolver habilidades essenciais de comunicação, tanto no âmbito pessoal quanto profissional, capacitando os participantes a expressarem-se com clareza, persuasão e eficácia. Com uma abordagem teórica, o curso abordará conceitos fundamentais da comunicação, técnicas de oratória e apresentação em público, redação comercial e dissertativa, gramática aplicada (regência e concordância), comunicação não-violenta (CNV) e ferramentas de comunicação virtual.
Destinado a estudantes, profissionais de todas as áreas e qualquer pessoa que deseje melhorar sua comunicação oral e escrita.
Ao final, os participantes estarão aptos a:
Comunicar-se com confiança em apresentações e reuniões;
Redigir textos claros, coerentes e adequados a diferentes contextos (comerciais, acadêmicos e profissionais);
Aplicar princípios de comunicação não-violenta para diálogos mais eficientes;
Utilizar regras gramaticais (regência e concordância) para uma escrita correta e persuasiva.
Para conclusão, não há pré-requisitos, mas recomenda-se dedicação para a prática das técnicas apresentadas.",30,"[""179ee2c7-90c8-4f00-8cc0-02f63a056062"", ""1e52ca6e-ca19-4585-a66e-f6adc3013a74"", ""3062277b-4218-4f2b-8645-90ba3651fc52"", ""30db1816-b75d-4364-855e-f1d09b0b6016"", ""45d29970-ecb3-4e4a-b57b-4850c9b6d98f"", ""6461c25c-1491-4610-8ee0-2029d77fa61d"", ""cdbece75-961d-4176-b34b-66e1a530dcf2"", ""e4f31519-2fad-4fe8-b476-5da4715a16e9""]","[""Colaboração profissional"", ""Comunicação"", ""Comunicação e colaboração digital"", ""Comunicação efetiva"", ""Comunicação institucional"", ""Ensino"", ""Orientação"", ""Prática reflexiva""]","[""Capacidade de escutar, indagar e expressar conceitos e ideias nos momentos apropriados e de forma efetiva, garantindo uma dinâmica produtiva das interações internas e externas."", ""Estabelecer comunicação efetiva e positiva com superiores hierárquicos, pares e cidadãos, tanto na expressão escrita e verbal quanto corporal."", ""Incorporar atividades, tarefas e avaliações de aprendizagem que requeiram que os(as) estudantes usem, eficaz e responsavelmente, tecnologias digitais para comunicação, colaboração e participação cívica."", ""Planificar e implementar dispositivos e recursos digitais no processo de ensino, de modo a melhorar a eficácia das intervenções pedagógicas. Gerir e orquestrar  adequadamente estratégias de ensino digital. Experimentar e desenvolver novos formatos e métodos pedagógicos para o ensino."", ""Refletir individualmente e coletivamente, avaliar criticamente e desenvolver ativamente sua prática pedagógica digital e a da sua comunidade educativa."", ""Usar tecnologias digitais para colaborar com outros educadores, compartilhar e trocar conhecimento e experiências, bem como para inovar práticas pedagógicas de forma colaborativa."", ""Usar tecnologias digitais para melhorar a comunicação institucional com os(as) estudantes, pais ou responsáveis e terceiros. Contribuir colaborativamente para desenvolver e melhorar as estratégias de comunicação institucional."", ""Usar tecnologias e serviços digitais para melhorar a interação com os(as) estudantes,individual e coletivamente, dentro e fora da sessão de aprendizagem. Usar tecnologias digitais para proporcionar orientação e assistência oportuna e dirigida. Experimentar e desenvolver novas formas e formatos para oferecer orientação e apoio.""]","[""05ac4a5c-019d-4ec7-83cc-12ca141322fa"", ""27ccdc3f-64d6-4748-960b-171e9c804d23"", ""4a2cf0b1-98dd-4bff-adc0-898f32e7b857"", ""690c731c-31f8-46f6-94f6-94d952223a08"", ""cac54f5d-834c-499c-bf8d-e549fa3828af""]","[""Ensino e Aprendizagem"", ""Envolvimento Profissional"", ""Orientação a Resultados"", ""Promoção da Competência Digital dos(as) Estudantes"", ""Transversais""]","[""6152c8bb-1632-42f0-9599-919b6bf15ecb"", ""7b16819f-cb8a-406d-9ab9-a335a50143cb"", ""85f646ca-67c5-439c-8cc1-df4fed9e0ae7""]","[""Aplicar"", ""Entender"", ""Lembrar""]","[""Colaboração profissional"", ""Comunicação"", ""Comunicação e colaboração digital"", ""Comunicação efetiva"", ""Comunicação institucional"", ""Ensino"", ""Orientação"", ""Prática reflexiva""]","Comunicação Oral e Escrita O curso Comunicação Oral e Escrita tem como objetivo desenvolver habilidades essenciais de comunicação, tanto no âmbito pessoal quanto profissional, capacitando os participantes a expressarem-se com clareza, persuasão e eficácia. Com uma abordagem teórica, o curso abordará conceitos fundamentais da comunicação, técnicas de oratória e apresentação em público, redação comercial e dissertativa, gramática aplicada (regência e concordância), comunicação não-violenta (CNV) e ferramentas de comunicação virtual.
Destinado a estudantes, profissionais de todas as áreas e qualquer pessoa que deseje melhorar sua comunicação oral e escrita.
Ao final, os participantes estarão aptos a:
Comunicar-se com confiança em apresentações e reuniões;
Redigir textos claros, coerentes e adequados a diferentes contextos (comerciais, acadêmicos e profissionais);
Aplicar princípios de comunicação não-violenta para diálogos mais eficientes;
Utilizar regras gramaticais (regência e concordância) para uma escrita correta e persuasiva.
Para conclusão, não há pré-requisitos, mas recomenda-se dedicação para a prática das técnicas apresentadas."
bd79e8e7-286b-4b6e-9829-0bdac82d743b,Inclusão Sociodigital para Multiplicadores,"Por meio deste curso o multiplicador aprenderá a planejar um curso de inclusão sociodigital e ensinar aos discentes os aplicativos de smartphones úteis no dia a dia, utilizando aplicativos tais como redes sociais, e-mail, aplicativos de localização e mobilidade, fotos e backup de contatos e aplicativos de utilidade pública.",30,"[""3062277b-4218-4f2b-8645-90ba3651fc52"", ""bb6db702-1fd8-40b5-abeb-e067768c5def"", ""e4f31519-2fad-4fe8-b476-5da4715a16e9""]","[""Ensino"", ""Orientação"", ""Seleção""]","[""Identificar, avaliar e selecionar recursos digitais para o ensino e aprendizagem. \nTer em consideração o objetivo específico de aprendizagem, o contexto, a abordagem pedagógica e o grupo de estudantes, ao selecionar recursos digitais e planificar a sua utilização."", ""Planificar e implementar dispositivos e recursos digitais no processo de ensino, de modo a melhorar a eficácia das intervenções pedagógicas. Gerir e orquestrar  adequadamente estratégias de ensino digital. Experimentar e desenvolver novos formatos e métodos pedagógicos para o ensino."", ""Usar tecnologias e serviços digitais para melhorar a interação com os(as) estudantes,individual e coletivamente, dentro e fora da sessão de aprendizagem. Usar tecnologias digitais para proporcionar orientação e assistência oportuna e dirigida. Experimentar e desenvolver novas formas e formatos para oferecer orientação e apoio.""]","[""5a224ac7-f165-4900-971c-f82f2684f779"", ""cac54f5d-834c-499c-bf8d-e549fa3828af""]","[""Ensino e Aprendizagem"", ""Recursos Digitais""]","[""6152c8bb-1632-42f0-9599-919b6bf15ecb"", ""7b16819f-cb8a-406d-9ab9-a335a50143cb"", ""85f646ca-67c5-439c-8cc1-df4fed9e0ae7""]","[""Aplicar"", ""Entender"", ""Lembrar""]","[""Ensino"", ""Orientação"", ""Seleção""]","Inclusão Sociodigital para Multiplicadores Por meio deste curso o multiplicador aprenderá a planejar um curso de inclusão sociodigital e ensinar aos discentes os aplicativos de smartphones úteis no dia a dia, utilizando aplicativos tais como redes sociais, e-mail, aplicativos de localização e mobilidade, fotos e backup de contatos e aplicativos de utilidade pública."
be372bea-cc32-4c4a-9301-f88f8a7cca3e,Educador Maker: Aprendizagem Baseada em Projetos,Este curso tem como objetivo levar educadores refletirem sobre o uso da Aprendizagem Baseada em Projetos em espaços Maker para atender as demandas do século XXI.,30,"[""5a036b8e-1546-48ea-a616-2890f9904d4c"", ""bf6ee8ab-b64b-48fb-ad5a-738548fc2302"", ""e4f31519-2fad-4fe8-b476-5da4715a16e9"", ""fa3b0d3e-857f-4d3b-839d-3d06a726a986""]","[""Aprendizagem colaborativa"", ""Diferenciação e personalização"", ""Ensino"", ""Envolvimento ativo""]","["" \n \t\nUsar tecnologias digitais para atender às diversas necessidades de aprendizagem dos(as) estudantes, permitindo que estes progridam a diferentes níveis e velocidades e sigam caminhos e objetivos de aprendizagem individuais."", ""Planificar e implementar dispositivos e recursos digitais no processo de ensino, de modo a melhorar a eficácia das intervenções pedagógicas. Gerir e orquestrar  adequadamente estratégias de ensino digital. Experimentar e desenvolver novos formatos e métodos pedagógicos para o ensino."", ""Usar tecnologias digitais para promover e melhorar a colaboração do(a) estudante. Permitir que os(as) estudantes usem tecnologias digitais enquanto parte de tarefas colaborativas, como meio de melhorar a comunicação, a colaboração e a criação colaborativa de conhecimento."", ""Usar tecnologias digitais para promover o envolvimento ativo e criativo dos(as) estudantes com um assunto específico. Usar tecnologias digitais no âmbito de estratégias pedagógicas que fomentem as competências transversais dos(as) estudantes, a reflexão profunda e a expressão criativa. Abrir a aprendizagem a novos contextos do mundo real, que envolvam os(as) próprios(as) estudantes em atividades práticas, investigação científica ou resolução de problemas complexos,\nou que, de outros modos, aumentem o seu envolvimento ativo em temas\ncomplexos.""]","[""c7be7c48-c417-4dec-b203-34ddedba7507"", ""cac54f5d-834c-499c-bf8d-e549fa3828af""]","[""Capacitação dos(as) Estudantes"", ""Ensino e Aprendizagem""]","[""6152c8bb-1632-42f0-9599-919b6bf15ecb"", ""7b16819f-cb8a-406d-9ab9-a335a50143cb"", ""85f646ca-67c5-439c-8cc1-df4fed9e0ae7"", ""dcd7e78d-25ed-4a16-9229-39773b4f6b3d""]","[""Analisar"", ""Aplicar"", ""Entender"", ""Lembrar""]","[""Aprendizagem colaborativa"", ""Diferenciação e personalização"", ""Ensino"", ""Envolvimento ativo""]",Educador Maker: Aprendizagem Baseada em Projetos Este curso tem como objetivo levar educadores refletirem sobre o uso da Aprendizagem Baseada em Projetos em espaços Maker para atender as demandas do século XXI.
bebb3ab6-af9e-4bc0-88d4-5887f873b06d,Gamificação Aplicada ao Ensino de Física,"Este curso possibilitará o conhecimento da Gamificação como metodologia ativa, demonstrando formas de aplicação no ensino de Física, de maneira didática e interdisciplinar, tornando o aluno protagonista do seu processo de ensino e aprendizagem.
Duração do curso: 40h.
Público-alvo: Estudantes, professores, profissionais do setor público e privado, comunidade em geral.
Nível de dificuldade: Básico.",40,"[""5a036b8e-1546-48ea-a616-2890f9904d4c"", ""b64634ab-e0ca-42a8-a95d-b8670598488b"", ""fa3b0d3e-857f-4d3b-839d-3d06a726a986""]","[""Aprendizagem autorregulada"", ""Aprendizagem colaborativa"", ""Envolvimento ativo""]","[""Usar tecnologias digitais para apoiar a aprendizagem autorregulada dos(as) estudantes, isto é, permitir que planejem, acompanhem e reflitam sobre a sua própria\naprendizagem, forneçam evidências de progresso, compartilhem ideias e encontrem soluções criativas.\n"", ""Usar tecnologias digitais para promover e melhorar a colaboração do(a) estudante. Permitir que os(as) estudantes usem tecnologias digitais enquanto parte de tarefas colaborativas, como meio de melhorar a comunicação, a colaboração e a criação colaborativa de conhecimento."", ""Usar tecnologias digitais para promover o envolvimento ativo e criativo dos(as) estudantes com um assunto específico. Usar tecnologias digitais no âmbito de estratégias pedagógicas que fomentem as competências transversais dos(as) estudantes, a reflexão profunda e a expressão criativa. Abrir a aprendizagem a novos contextos do mundo real, que envolvam os(as) próprios(as) estudantes em atividades práticas, investigação científica ou resolução de problemas complexos,\nou que, de outros modos, aumentem o seu envolvimento ativo em temas\ncomplexos.""]","[""c7be7c48-c417-4dec-b203-34ddedba7507"", ""cac54f5d-834c-499c-bf8d-e549fa3828af""]","[""Capacitação dos(as) Estudantes"", ""Ensino e Aprendizagem""]","[""6152c8bb-1632-42f0-9599-919b6bf15ecb"", ""7b16819f-cb8a-406d-9ab9-a335a50143cb"", ""85f646ca-67c5-439c-8cc1-df4fed9e0ae7""]","[""Aplicar"", ""Entender"", ""Lembrar""]","[""Aprendizagem autorregulada"", ""Aprendizagem colaborativa"", ""Envolvimento ativo""]","Gamificação Aplicada ao Ensino de Física Este curso possibilitará o conhecimento da Gamificação como metodologia ativa, demonstrando formas de aplicação no ensino de Física, de maneira didática e interdisciplinar, tornando o aluno protagonista do seu processo de ensino e aprendizagem.
Duração do curso: 40h.
Público-alvo: Estudantes, professores, profissionais do setor público e privado, comunidade em geral.
Nível de dificuldade: Básico."
bfae1ed6-dfa1-41e3-9793-704587b4e8ed,Educação especial e inclusiva para deficientes intelectuais,"O curso Educação especial e inclusiva para deficientes intelectuais tem como objetivo preparar e capacitar profissionais da educação e a comunidade externa que desejam contribuir para o processo de ensino e aprendizagem de estudantes com deficiência intelectual, ampliando novas possibilidades metodológicas. A formação apresenta políticas públicas de apoio, explora diferentes recursos didáticos alinhados às diretrizes educacionais e valoriza as funções das tecnologias aplicadas. A ementa aborda: Introdução à legislação para pessoa com deficiência; Padrões e Normas sobre acessibilidade; Tecnologia Assistiva; e Material Didático Acessível à Pessoas com Deficiência Intelectual.",40,"[""161fd267-d68a-4f88-925c-8082f17fb8b2"", ""bf6ee8ab-b64b-48fb-ad5a-738548fc2302""]","[""Acessibilidade e inclusão - Docente"", ""Diferenciação e personalização""]","["" \n \t\nUsar tecnologias digitais para atender às diversas necessidades de aprendizagem dos(as) estudantes, permitindo que estes progridam a diferentes níveis e velocidades e sigam caminhos e objetivos de aprendizagem individuais."", ""Garantir acessibilidade a recursos e atividades de aprendizagem para todos os(as) estudantes, incluindo os que têm necessidades especiais. Ter em consideração e dar resposta às expetativas, capacidades, usos e conceções errôneas (digitais) dos(as) estudantes, bem como ao uso contextual, físico e cognitivo que fazem das tecnologias digitais.""]","[""c7be7c48-c417-4dec-b203-34ddedba7507""]","[""Capacitação dos(as) Estudantes""]","[""6152c8bb-1632-42f0-9599-919b6bf15ecb"", ""7b16819f-cb8a-406d-9ab9-a335a50143cb"", ""85f646ca-67c5-439c-8cc1-df4fed9e0ae7""]","[""Aplicar"", ""Entender"", ""Lembrar""]","[""Acessibilidade e inclusão - Docente"", ""Diferenciação e personalização""]","Educação especial e inclusiva para deficientes intelectuais O curso Educação especial e inclusiva para deficientes intelectuais tem como objetivo preparar e capacitar profissionais da educação e a comunidade externa que desejam contribuir para o processo de ensino e aprendizagem de estudantes com deficiência intelectual, ampliando novas possibilidades metodológicas. A formação apresenta políticas públicas de apoio, explora diferentes recursos didáticos alinhados às diretrizes educacionais e valoriza as funções das tecnologias aplicadas. A ementa aborda: Introdução à legislação para pessoa com deficiência; Padrões e Normas sobre acessibilidade; Tecnologia Assistiva; e Material Didático Acessível à Pessoas com Deficiência Intelectual."
c0250d95-7edd-4f87-ba8a-992c7f588611,Ferramenta para Gravação de Videoaulas,"O curso Ferramenta para Gravação de Videoaulas, ministrado por Marcos Accioly, é uma formação de nível básico em português, com 5 horas de carga horária. O objetivo é fornecer conhecimento para leigos sobre softwares de gravação de videoaula (tela do computador, câmera, áudio, smartphone) e sua aplicação prática. É voltado para quem deseja compreender e aplicar como gravar suas próprias videoaulas, e não são necessários conhecimentos prévios. A metodologia é autoinstrucional (sem tutoria); o curso é online e pode ser acessado via computador ou smartphone (necessário acesso à internet) após um cadastro no Ambiente Virtual de Aprendizagem. Os conteúdos (videoaulas e material complementar) podem ser estudados de forma livre, e há um fórum de discussão para troca de informações. O conteúdo aborda: Introdução (É possível gravar sozinho?); OBS (Open Broadcaster Software); Dicas iniciais (Iluminação, áudio, preparação); e Conteúdo técnico (Fontes, Cenas, formatos de gravação, gravação de smartphone, mesclagem e YouTube). A avaliação é feita por um questionário de autocorreção, sendo necessário alcançar 60% da nota máxima (100 pontos) para aprovação, com duas tentativas disponíveis.",5,"[""84b2a6b0-c670-4a34-a04f-594a0b4c1d4a"", ""8f9fe3a9-ae88-46cc-a823-6a92c28243f2""]","[""Criação de conteúdo digital"", ""Criação e modificação""]","[""Incorporar atividades, tarefas e avaliações de aprendizagem que requeiram que os(as) estudantes se expressem através de meios digitais, modifiquem e criem conteúdo digital em diferentes formatos. Ensinar aos(às) estudantes como os direitos de autor e as licenças se aplicam ao conteúdo digital, como referenciar fontes e atribuir licenças."", ""Modificar e desenvolver recursos existentes com licença aberta e outros recursos onde tal é permitido. Criar ou cocriar novos recursos educacionais digitais. Ter em\nconsideração o objetivo específico de aprendizagem, o contexto, a abordagem pedagógica e o grupo de estudantes, ao selecionar recursos digitais e planificar a sua utilização.""]","[""05ac4a5c-019d-4ec7-83cc-12ca141322fa"", ""5a224ac7-f165-4900-971c-f82f2684f779""]","[""Promoção da Competência Digital dos(as) Estudantes"", ""Recursos Digitais""]","[""6152c8bb-1632-42f0-9599-919b6bf15ecb"", ""85f646ca-67c5-439c-8cc1-df4fed9e0ae7""]","[""Entender"", ""Lembrar""]","[""Criação de conteúdo digital"", ""Criação e modificação""]","Ferramenta para Gravação de Videoaulas O curso Ferramenta para Gravação de Videoaulas, ministrado por Marcos Accioly, é uma formação de nível básico em português, com 5 horas de carga horária. O objetivo é fornecer conhecimento para leigos sobre softwares de gravação de videoaula (tela do computador, câmera, áudio, smartphone) e sua aplicação prática. É voltado para quem deseja compreender e aplicar como gravar suas próprias videoaulas, e não são necessários conhecimentos prévios. A metodologia é autoinstrucional (sem tutoria); o curso é online e pode ser acessado via computador ou smartphone (necessário acesso à internet) após um cadastro no Ambiente Virtual de Aprendizagem. Os conteúdos (videoaulas e material complementar) podem ser estudados de forma livre, e há um fórum de discussão para troca de informações. O conteúdo aborda: Introdução (É possível gravar sozinho?); OBS (Open Broadcaster Software); Dicas iniciais (Iluminação, áudio, preparação); e Conteúdo técnico (Fontes, Cenas, formatos de gravação, gravação de smartphone, mesclagem e YouTube). A avaliação é feita por um questionário de autocorreção, sendo necessário alcançar 60% da nota máxima (100 pontos) para aprovação, com duas tentativas disponíveis."
c08747d0-ca96-4ad6-8674-6622df9c38bf,Metodologias Ativas: Educação Inovadora,Este curso tem como objetivo auxiliar profissionais e futuros profissionais da área de educação a conhecerem as possibilidades oferecidas pela metodologias ativas de aprendizagem com foco em uma educação inovadora para transformação da educação.,30,"[""bf6ee8ab-b64b-48fb-ad5a-738548fc2302"", ""e4f31519-2fad-4fe8-b476-5da4715a16e9"", ""fa3b0d3e-857f-4d3b-839d-3d06a726a986""]","[""Diferenciação e personalização"", ""Ensino"", ""Envolvimento ativo""]","["" \n \t\nUsar tecnologias digitais para atender às diversas necessidades de aprendizagem dos(as) estudantes, permitindo que estes progridam a diferentes níveis e velocidades e sigam caminhos e objetivos de aprendizagem individuais."", ""Planificar e implementar dispositivos e recursos digitais no processo de ensino, de modo a melhorar a eficácia das intervenções pedagógicas. Gerir e orquestrar  adequadamente estratégias de ensino digital. Experimentar e desenvolver novos formatos e métodos pedagógicos para o ensino."", ""Usar tecnologias digitais para promover o envolvimento ativo e criativo dos(as) estudantes com um assunto específico. Usar tecnologias digitais no âmbito de estratégias pedagógicas que fomentem as competências transversais dos(as) estudantes, a reflexão profunda e a expressão criativa. Abrir a aprendizagem a novos contextos do mundo real, que envolvam os(as) próprios(as) estudantes em atividades práticas, investigação científica ou resolução de problemas complexos,\nou que, de outros modos, aumentem o seu envolvimento ativo em temas\ncomplexos.""]","[""c7be7c48-c417-4dec-b203-34ddedba7507"", ""cac54f5d-834c-499c-bf8d-e549fa3828af""]","[""Capacitação dos(as) Estudantes"", ""Ensino e Aprendizagem""]","[""6152c8bb-1632-42f0-9599-919b6bf15ecb"", ""7b16819f-cb8a-406d-9ab9-a335a50143cb"", ""85f646ca-67c5-439c-8cc1-df4fed9e0ae7"", ""dcd7e78d-25ed-4a16-9229-39773b4f6b3d""]","[""Analisar"", ""Aplicar"", ""Entender"", ""Lembrar""]","[""Diferenciação e personalização"", ""Ensino"", ""Envolvimento ativo""]",Metodologias Ativas: Educação Inovadora Este curso tem como objetivo auxiliar profissionais e futuros profissionais da área de educação a conhecerem as possibilidades oferecidas pela metodologias ativas de aprendizagem com foco em uma educação inovadora para transformação da educação.
c159de98-c346-4434-b90a-36ac1e6cfcbe,Avaliação da qualidade de serviços como base para gestão e melhoria de serviços públicos,"Este curso apresenta a contextualização e os principais modelos da avaliação de qualidade de serviços que podem contribuir para a melhoria da gestão dos serviços públicos, sejam eles presenciais ou digitais. O conteúdo ainda aborda alguns dos instrumentos brasileiros de avaliação aplicados aos serviços públicos. ",20,"[""30521bbb-e702-47d7-a287-b242cf5bf600"", ""3a910f03-4c71-4606-93cd-179056019b11"", ""4667ae96-35b0-435a-87f5-e21af9c1086d"", ""494c1fac-1723-4cfb-b8ee-4e6472ae59c7"", ""49c18cc9-d9c1-4c6c-a72b-a064e0e6e3eb"", ""7a8fc826-b1a6-4d1a-854d-9782c417ee0f"", ""a3a55daf-faf9-41e2-81eb-613b8c94fad1"", ""c769606e-9f97-4fab-b9c9-51eb99e3bd44"", ""e6401337-5058-40be-b0d3-b28d487e43d3""]","[""Estratégias de avaliação"", ""Foco nos resultados para os cidadãos"", ""Gerenciamento de políticas"", ""Gerenciamento de recursos"", ""Gestão da qualidade"", ""Melhoria contínua de processos"", ""Resolução de problemas com base em dados"", ""Tomada de decisão para gestores"", ""Visão Sistêmica""]","[""Adotar e informar decisões prévias, explorando alternativas para minimizar custos e aumentar as vantagens para a organização na questão que for decidida."", ""Capacidade de idear soluções inovadoras e efetivas para problemas de baixa, média ou elevada complexidade com a utilização de dados (numéricos e não numéricos) e evidências que aumentem a precisão e viabilidade das soluções."", ""Capacidade de identificar os principais marcos institucionais e as tendências sociais, políticas e econômicas nos cenários local, regional, nacional e internacional. Marcos esses que podem impactar os processos decisórios e a gestão de programas e projetos no âmbito do setor público."", ""Capacidade de superar o desempenho padrão e apresentar soluções alinhadas\nao cumprimento de metas e ao alcance dos objetivos estratégicos das organizações públicas para garantir o atendimento das necessidades dos usuários e dos cidadãos."", ""Conduzir a área de gestão encarregada de padronizar boas práticas processuais, no âmbito do paradigma da qualidade; gerando serviços internos ou externos seguros e confiáveis, de acordo com indicadores pré-estabelecidos em termos de legislação vigente e padrões de qualidade aplicáveis."", ""Contribuir para a coerência estratégica da gestão de políticas, articulando e complementando os objetivos e resultados das organizações; desempenhar o papel de liderança no âmbito das políticas públicas promovidas pelo Alto Governo."", ""Preservar critérios de eficácia e eficiência na administração de recursos materiais, das competências das pessoas e dos ativos de uso da organização."", ""Propor e introduzir ações para acelerar a melhoria contínua e a produtividade das tarefas sob sua responsabilidade, em atenção aos requisitos de qualidade."", ""Usar tecnologias digitais para a avaliação formativa e sumativa. Melhorar a diversidade e adequação dos formatos e abordagens de avaliação.""]","[""27ccdc3f-64d6-4748-960b-171e9c804d23"", ""7d566976-b00c-4aa7-aa67-d94656c8db8c"", ""b47333be-1c80-40a9-a93d-9bbc4d7e4677"", ""cc76e5f1-476f-48b1-9d32-ccb2de7f2cde"", ""e23d3b1c-ee83-4b09-b141-fc0f9dc7ab57""]","[""Avaliação"", ""Gestão de Mudanças"", ""Gestão de Resultados"", ""Processos de Melhoria"", ""Transversais""]","[""e10b37a4-2e66-4a5b-bd09-815dc7a45fff""]","[""Avaliar""]","[""Estratégias de avaliação"", ""Foco nos resultados para os cidadãos"", ""Gerenciamento de políticas"", ""Gerenciamento de recursos"", ""Gestão da qualidade"", ""Melhoria contínua de processos"", ""Resolução de problemas com base em dados"", ""Tomada de decisão para gestores"", ""Visão Sistêmica""]","Avaliação da qualidade de serviços como base para gestão e melhoria de serviços públicos Este curso apresenta a contextualização e os principais modelos da avaliação de qualidade de serviços que podem contribuir para a melhoria da gestão dos serviços públicos, sejam eles presenciais ou digitais. O conteúdo ainda aborda alguns dos instrumentos brasileiros de avaliação aplicados aos serviços públicos."
c17b8522-18b7-4d5d-9c4d-7e78685792d8,Acessibilidade em espaços de uso público no Brasil,"O curso tem como foco a identificação dos problemas enfrentados por pessoas com diversos tipos de deficiências e as dificuldades para atingir a inclusão social; o papel que desempenham; os diversos tipos de legislação; as condições de acessibilidade dos ambientes; e, a atuação profissional dos responsáveis pela avaliação da acessibilidade dos espaços dentro de uma metodologia de Desenho Universal.",20,"[""6815ce74-37f5-40d0-ac92-285d0c126ee9""]","[""Promoção da Inclusão e Acessibilidade""]","[""Planejar, implementar e/ou monitorar políticas institucionais, educacionais e administrativas que garantam a inclusão de pessoas com deficiência, assegurando o cumprimento da legislação vigente, especialmente a Lei Brasileira de Inclusão (LBI). Além disso, prestar atendimento adequado, promovendo ambientes e práticas acessíveis, equitativos e livres de barreiras físicas, tecnológicas, pedagógicas, comunicacionais e atitudinais.""]","[""27ccdc3f-64d6-4748-960b-171e9c804d23""]","[""Transversais""]","[""6152c8bb-1632-42f0-9599-919b6bf15ecb""]","[""Entender""]","[""Promoção da Inclusão e Acessibilidade""]","Acessibilidade em espaços de uso público no Brasil O curso tem como foco a identificação dos problemas enfrentados por pessoas com diversos tipos de deficiências e as dificuldades para atingir a inclusão social; o papel que desempenham; os diversos tipos de legislação; as condições de acessibilidade dos ambientes; e, a atuação profissional dos responsáveis pela avaliação da acessibilidade dos espaços dentro de uma metodologia de Desenho Universal."
c3dc5a27-f76b-46a3-b9c9-644d35a66baf,A arte de falar em público,"Neste curso, você terá a oportunidade de conhecer aspectos fundamentais da arte de falar em público. Serão abordadas técnicas essenciais para uma comunicação eficaz, além de orientações para a preparação e o desenvolvimento de discursos em situações de exposição oral.",20,"[""3418004f-90fd-4a64-bb7c-fab6c1f8f6cc"", ""6461c25c-1491-4610-8ee0-2029d77fa61d"", ""cdbece75-961d-4176-b34b-66e1a530dcf2""]","[""Comunicação e colaboração digital"", ""Comunicação institucional"", ""Comunicação interpessoal""]","[""Incorporar atividades, tarefas e avaliações de aprendizagem que requeiram que os(as) estudantes usem, eficaz e responsavelmente, tecnologias digitais para comunicação, colaboração e participação cívica."", ""Iniciar e manter comunicações respeitosas e cordiais; transmitir de forma transparente e comportamento estável, informações e gestos, mensagens orais e de texto claros, concisos, fiáveis e apropriados para o destinatário. Atender ativamente informações, consultas, divergências e mensagens de terceiros com uma atitude construtiva e empática."", ""Usar tecnologias digitais para melhorar a comunicação institucional com os(as) estudantes, pais ou responsáveis e terceiros. Contribuir colaborativamente para desenvolver e melhorar as estratégias de comunicação institucional.""]","[""05ac4a5c-019d-4ec7-83cc-12ca141322fa"", ""514d5868-5f15-4ce9-b74a-d14f5310b54e"", ""690c731c-31f8-46f6-94f6-94d952223a08""]","[""Envolvimento Profissional"", ""Gestão de Relacionamentos"", ""Promoção da Competência Digital dos(as) Estudantes""]","[""6152c8bb-1632-42f0-9599-919b6bf15ecb"", ""7b16819f-cb8a-406d-9ab9-a335a50143cb"", ""85f646ca-67c5-439c-8cc1-df4fed9e0ae7""]","[""Aplicar"", ""Entender"", ""Lembrar""]","[""Comunicação e colaboração digital"", ""Comunicação institucional"", ""Comunicação interpessoal""]","A arte de falar em público Neste curso, você terá a oportunidade de conhecer aspectos fundamentais da arte de falar em público. Serão abordadas técnicas essenciais para uma comunicação eficaz, além de orientações para a preparação e o desenvolvimento de discursos em situações de exposição oral."
c4709111-5fe5-4c3c-9759-83b589665e13,Ensino e Aprendizagem na EaD,"O curso Ensino e Aprendizagem na EaD, oferecido pelo IFRS, é uma formação de nível básico em português, destinada a docentes e profissionais que atuam na Educação a Distância. Com 30 horas de carga horária e metodologia sem tutoria (auto-instrucional), o curso é dividido em 04 módulos que abordam: O Processo de Ensino-Aprendizagem em EaD; O Docente na EaD; O Tutor na EaD; e O Aluno na EaD. Os requisitos para participação incluem ser estudante de curso técnico ou graduação, atuar na área da Educação a Distância, ter compreensão de leitura em língua portuguesa e saber manusear arquivos PDF.",30,"[""3062277b-4218-4f2b-8645-90ba3651fc52"", ""e4f31519-2fad-4fe8-b476-5da4715a16e9""]","[""Ensino"", ""Orientação""]","[""Planificar e implementar dispositivos e recursos digitais no processo de ensino, de modo a melhorar a eficácia das intervenções pedagógicas. Gerir e orquestrar  adequadamente estratégias de ensino digital. Experimentar e desenvolver novos formatos e métodos pedagógicos para o ensino."", ""Usar tecnologias e serviços digitais para melhorar a interação com os(as) estudantes,individual e coletivamente, dentro e fora da sessão de aprendizagem. Usar tecnologias digitais para proporcionar orientação e assistência oportuna e dirigida. Experimentar e desenvolver novas formas e formatos para oferecer orientação e apoio.""]","[""cac54f5d-834c-499c-bf8d-e549fa3828af""]","[""Ensino e Aprendizagem""]","[""6152c8bb-1632-42f0-9599-919b6bf15ecb"", ""85f646ca-67c5-439c-8cc1-df4fed9e0ae7""]","[""Entender"", ""Lembrar""]","[""Ensino"", ""Orientação""]","Ensino e Aprendizagem na EaD O curso Ensino e Aprendizagem na EaD, oferecido pelo IFRS, é uma formação de nível básico em português, destinada a docentes e profissionais que atuam na Educação a Distância. Com 30 horas de carga horária e metodologia sem tutoria (auto-instrucional), o curso é dividido em 04 módulos que abordam: O Processo de Ensino-Aprendizagem em EaD; O Docente na EaD; O Tutor na EaD; e O Aluno na EaD. Os requisitos para participação incluem ser estudante de curso técnico ou graduação, atuar na área da Educação a Distância, ter compreensão de leitura em língua portuguesa e saber manusear arquivos PDF."
c494c3c9-77af-4dc7-a108-a65a83ffe74c,Ergonomia Aplicada aos Postos de Trabalho,"O curso Ergonomia Aplicada aos Postos de Trabalho tem como objetivo geral conhecer os conceitos, normas e diretrizes básicas de ergonomia, relacionando-os aos postos de trabalho. Ao final desta formação, espera-se que o aluno seja capaz de: auxiliar na elaboração da Análise Ergonômica do Trabalho (AET); identificar situações de risco ergonômico nos postos de trabalho; e auxiliar na implantação dos comitês de ergonomia, visando a prevenção da saúde e integridade física dos trabalhadores. Para atingir esses objetivos, a ementa aborda: Introdução à Ergonomia (histórico, evolução, conceitos); a Norma Regulamentadora nº 17 (NR 17) do MTE (parâmetros legais para conforto e segurança); a Análise Ergonômica do Trabalho (AET), focando na identificação de inadequações e fatores de risco; e a aplicação dos conceitos ergonômicos aos postos de trabalho.",20,"[""432c5350-bdb8-4e22-b7a4-0417e9cfa8f4""]","[""Gestão do desenvolvimento de pessoas""]","[""Forjar um ambiente de trabalho em que os interesses de equipes e indivíduos se harmonizem com os objetivos e resultados da organização, gerando oportunidades de aprendizado e desenvolvimento, bem como incentivos para reforçar o desempenho excepcional.""]","[""b47333be-1c80-40a9-a93d-9bbc4d7e4677""]","[""Gestão de Resultados""]","[""6152c8bb-1632-42f0-9599-919b6bf15ecb"", ""85f646ca-67c5-439c-8cc1-df4fed9e0ae7""]","[""Entender"", ""Lembrar""]","[""Gestão do desenvolvimento de pessoas""]","Ergonomia Aplicada aos Postos de Trabalho O curso Ergonomia Aplicada aos Postos de Trabalho tem como objetivo geral conhecer os conceitos, normas e diretrizes básicas de ergonomia, relacionando-os aos postos de trabalho. Ao final desta formação, espera-se que o aluno seja capaz de: auxiliar na elaboração da Análise Ergonômica do Trabalho (AET); identificar situações de risco ergonômico nos postos de trabalho; e auxiliar na implantação dos comitês de ergonomia, visando a prevenção da saúde e integridade física dos trabalhadores. Para atingir esses objetivos, a ementa aborda: Introdução à Ergonomia (histórico, evolução, conceitos); a Norma Regulamentadora nº 17 (NR 17) do MTE (parâmetros legais para conforto e segurança); a Análise Ergonômica do Trabalho (AET), focando na identificação de inadequações e fatores de risco; e a aplicação dos conceitos ergonômicos aos postos de trabalho."
c49833d2-03b7-4136-b036-aa6c5128be7d,Gestão Documental,"Este curso levará você a compreender, de forma significativa e prática, o uso da gestão documental nas rotinas administrativas e no manuseio de documentos, por meio do conhecimento geral e amplo sobre esse tema, bem como principais conceitos, características, estágios, avaliação, destinação, preservação e armazenamento de documentos.
Duração do curso: 60h.
Público-alvo: Estudantes, professores, profissionais do setor público e privado, comunidade em geral.
Nível de dificuldade: Básico.",60,"[""293f465f-d8b5-44f4-a285-5aa095625979"", ""494c1fac-1723-4cfb-b8ee-4e6472ae59c7"", ""f3b6f7b4-9434-4fd4-a2af-5ce9bb4b2743""]","[""Contribuição técnico-profissional"", ""Melhoria contínua de processos"", ""Organização da rotina""]","[""Definir o programa semanal e mensal de atividades, no âmbito do plano institucional, determinando os resultados a serem alcançados, as tarefas a serem executadas, os procedimentos a serem resolvidos e os atrasos a serem corrigidos, bem como os custos e insumos necessários para alcançá-lo. "", ""Disponibilizar à Administração seu conhecimento profissional específico e suas experiências anteriores, gerenciando a  atualização de seus conhecimentos especializados."", ""Propor e introduzir ações para acelerar a melhoria contínua e a produtividade das tarefas sob sua responsabilidade, em atenção aos requisitos de qualidade.""]","[""4a2cf0b1-98dd-4bff-adc0-898f32e7b857"", ""e23d3b1c-ee83-4b09-b141-fc0f9dc7ab57""]","[""Orientação a Resultados"", ""Processos de Melhoria""]","[""6152c8bb-1632-42f0-9599-919b6bf15ecb"", ""7b16819f-cb8a-406d-9ab9-a335a50143cb"", ""85f646ca-67c5-439c-8cc1-df4fed9e0ae7""]","[""Aplicar"", ""Entender"", ""Lembrar""]","[""Contribuição técnico-profissional"", ""Melhoria contínua de processos"", ""Organização da rotina""]","Gestão Documental Este curso levará você a compreender, de forma significativa e prática, o uso da gestão documental nas rotinas administrativas e no manuseio de documentos, por meio do conhecimento geral e amplo sobre esse tema, bem como principais conceitos, características, estágios, avaliação, destinação, preservação e armazenamento de documentos.
Duração do curso: 60h.
Público-alvo: Estudantes, professores, profissionais do setor público e privado, comunidade em geral.
Nível de dificuldade: Básico."
c4e6b96f-3add-46c8-9d79-dc26c13480e7,Gestão Estratégica com BSC,"Esse curso é uma boa oportunidade para conhecer alguns elementos teórico-conceituais e instrumentais de planejamento estratégico e de gestão. A compreensão e a utilização de conhecimentos relacionados ao planejamento estratégico e ao método Balanced Scorecard (BSC) possibilitam a atuação em ambientes dinâmicos que exigem percepção de contexto e proatividade.
Público Alvo:
Agentes públicos federais, municipais e estaduais que que tenham atuação na área de planejamento organizacional nos Poderes Executivo, Legislativo e Judiciário. Curso aberto, gratuito e com certificado, qualquer pessoa pode se inscrever.",20,"[""0accb9d5-dbd1-483f-ab2a-ee0ca1c22de4"", ""c2ec6e9a-e945-4168-b151-408d1f929935"", ""c769606e-9f97-4fab-b9c9-51eb99e3bd44"", ""d8340cf3-50ac-412b-b067-3a273ae5115d"", ""e6401337-5058-40be-b0d3-b28d487e43d3""]","[""Planejamento"", ""Proatividade"", ""Tomada de decisão para gestores"", ""Visão Sistêmica"", ""Visão estratégica""]","[""Adotar e informar decisões prévias, explorando alternativas para minimizar custos e aumentar as vantagens para a organização na questão que for decidida."", ""Atuar com iniciativa e instruir os colaboradores a antecipar eventos previsíveis que envolvam a execução de tarefas para atendimento de demandas internas e externas (dos cidadãos), fortalecendo a percepção dos usuários sobre o comprometimento da unidade na oferta de serviços e produtos."", ""Capacidade de identificar os principais marcos institucionais e as tendências sociais, políticas e econômicas nos cenários local, regional, nacional e internacional. Marcos esses que podem impactar os processos decisórios e a gestão de programas e projetos no âmbito do setor público."", ""Compreender o ambiente político e a as tendências que interferem no estado de coisas; antecipar problemas e oportunidades a médio e longo prazo para a área responsável a fim de que a gestão identifique a alternativa mais adequada a cada situação presente ou eventual, comunicando à equipe a lógica das decisões diretivas."", ""Identificar problemas prioritários e oportunidades de sua unidade para projetar planos, programas ou projetos que prefixam objetivos, atividades, recursos, custos, cronogramas, responsáveis e indicadores de progresso, resultados e impacto.""]","[""27ccdc3f-64d6-4748-960b-171e9c804d23"", ""7d566976-b00c-4aa7-aa67-d94656c8db8c"", ""b47333be-1c80-40a9-a93d-9bbc4d7e4677""]","[""Gestão de Mudanças"", ""Gestão de Resultados"", ""Transversais""]","[""6152c8bb-1632-42f0-9599-919b6bf15ecb"", ""7b16819f-cb8a-406d-9ab9-a335a50143cb""]","[""Aplicar"", ""Entender""]","[""Planejamento"", ""Tomada de decisão para gestores"", ""Visão Sistêmica"", ""Visão estratégica""]","Gestão Estratégica com BSC Esse curso é uma boa oportunidade para conhecer alguns elementos teórico-conceituais e instrumentais de planejamento estratégico e de gestão. A compreensão e a utilização de conhecimentos relacionados ao planejamento estratégico e ao método Balanced Scorecard (BSC) possibilitam a atuação em ambientes dinâmicos que exigem percepção de contexto e proatividade.
Público Alvo:
Agentes públicos federais, municipais e estaduais que que tenham atuação na área de planejamento organizacional nos Poderes Executivo, Legislativo e Judiciário. Curso aberto, gratuito e com certificado, qualquer pessoa pode se inscrever."
c6d76a8b-4d85-4b1d-9393-5908463ac316,Finanças Públicas,"Destinado a novos servidores e interessados em ingressar no setor público, este curso oferece uma base sólida sobre a gestão dos recursos públicos. Você aprenderá os princípios da Economia Política e das Finanças Públicas, entendendo melhor o processo orçamentário e o papel do Estado na economia.",30,"[""3a910f03-4c71-4606-93cd-179056019b11""]","[""Gerenciamento de recursos""]","[""Preservar critérios de eficácia e eficiência na administração de recursos materiais, das competências das pessoas e dos ativos de uso da organização.""]","[""b47333be-1c80-40a9-a93d-9bbc4d7e4677""]","[""Gestão de Resultados""]","[""6152c8bb-1632-42f0-9599-919b6bf15ecb"", ""e10b37a4-2e66-4a5b-bd09-815dc7a45fff""]","[""Avaliar"", ""Entender""]","[""Gerenciamento de recursos""]","Finanças Públicas Destinado a novos servidores e interessados em ingressar no setor público, este curso oferece uma base sólida sobre a gestão dos recursos públicos. Você aprenderá os princípios da Economia Política e das Finanças Públicas, entendendo melhor o processo orçamentário e o papel do Estado na economia."
c744dd15-9566-41a9-b203-5fa564a4c8a2,Design Instrucional e Tecnologia com Articulate StoryLine 360,"Este curso foi elaborado para ajudar os alunos a compreender a estrutura teórica do design instrucional, a teoria, os métodos, a prática do design instrucional usando vídeo ou storyboards. Também aborda o uso do Articulate Storyline 360 como uma ferramenta de e-Learning para criar um produto completo de design instrucional",20,"[""0accb9d5-dbd1-483f-ab2a-ee0ca1c22de4"", ""6461c25c-1491-4610-8ee0-2029d77fa61d"", ""84b2a6b0-c670-4a34-a04f-594a0b4c1d4a"", ""8f9fe3a9-ae88-46cc-a823-6a92c28243f2"", ""b30f6b99-0189-4c80-8977-bd7cf269ab8e""]","[""Comunicação e colaboração digital"", ""Criação de conteúdo digital"", ""Criação e modificação"", ""Planejamento"", ""Uso de TIC""]","[""Identificar problemas prioritários e oportunidades de sua unidade para projetar planos, programas ou projetos que prefixam objetivos, atividades, recursos, custos, cronogramas, responsáveis e indicadores de progresso, resultados e impacto."", ""Incorporar atividades, tarefas e avaliações de aprendizagem que requeiram que os(as) estudantes se expressem através de meios digitais, modifiquem e criem conteúdo digital em diferentes formatos. Ensinar aos(às) estudantes como os direitos de autor e as licenças se aplicam ao conteúdo digital, como referenciar fontes e atribuir licenças."", ""Incorporar atividades, tarefas e avaliações de aprendizagem que requeiram que os(as) estudantes usem, eficaz e responsavelmente, tecnologias digitais para comunicação, colaboração e participação cívica."", ""Modificar e desenvolver recursos existentes com licença aberta e outros recursos onde tal é permitido. Criar ou cocriar novos recursos educacionais digitais. Ter em\nconsideração o objetivo específico de aprendizagem, o contexto, a abordagem pedagógica e o grupo de estudantes, ao selecionar recursos digitais e planificar a sua utilização."", ""Otimizar o uso das tecnologias de informação e comunicação disponíveis, em seu efetivo potencial, para melhorar seu desempenho.""]","[""05ac4a5c-019d-4ec7-83cc-12ca141322fa"", ""4a2cf0b1-98dd-4bff-adc0-898f32e7b857"", ""5a224ac7-f165-4900-971c-f82f2684f779"", ""b47333be-1c80-40a9-a93d-9bbc4d7e4677""]","[""Gestão de Resultados"", ""Orientação a Resultados"", ""Promoção da Competência Digital dos(as) Estudantes"", ""Recursos Digitais""]","[""6152c8bb-1632-42f0-9599-919b6bf15ecb"", ""7b16819f-cb8a-406d-9ab9-a335a50143cb""]","[""Aplicar"", ""Entender""]","[""Comunicação e colaboração digital"", ""Criação de conteúdo digital"", ""Criação e modificação"", ""Planejamento"", ""Uso de TIC""]","Design Instrucional e Tecnologia com Articulate StoryLine 360 Este curso foi elaborado para ajudar os alunos a compreender a estrutura teórica do design instrucional, a teoria, os métodos, a prática do design instrucional usando vídeo ou storyboards. Também aborda o uso do Articulate Storyline 360 como uma ferramenta de e-Learning para criar um produto completo de design instrucional"
c7c4eef0-afc1-4248-8773-cd3922ff30ab,Mediação em EaD (CAPES),"Este curso foi pensado para você que deseja conhecer os aspectos que envolvem o trabalho da tutoria na EaD: funções do professor/tutor, competências e habilidades imprescindíveis para trabalhar em cursos mediados por tecnologias,  bem como os diversos Ambientes Virtuais de Aprendizagem (AVAs) e as ferramentas utilizadas no processo ensino-aprendizagem.",30,"[""3062277b-4218-4f2b-8645-90ba3651fc52"", ""e4f31519-2fad-4fe8-b476-5da4715a16e9""]","[""Ensino"", ""Orientação""]","[""Planificar e implementar dispositivos e recursos digitais no processo de ensino, de modo a melhorar a eficácia das intervenções pedagógicas. Gerir e orquestrar  adequadamente estratégias de ensino digital. Experimentar e desenvolver novos formatos e métodos pedagógicos para o ensino."", ""Usar tecnologias e serviços digitais para melhorar a interação com os(as) estudantes,individual e coletivamente, dentro e fora da sessão de aprendizagem. Usar tecnologias digitais para proporcionar orientação e assistência oportuna e dirigida. Experimentar e desenvolver novas formas e formatos para oferecer orientação e apoio.""]","[""cac54f5d-834c-499c-bf8d-e549fa3828af""]","[""Ensino e Aprendizagem""]","[""6152c8bb-1632-42f0-9599-919b6bf15ecb"", ""7b16819f-cb8a-406d-9ab9-a335a50143cb"", ""85f646ca-67c5-439c-8cc1-df4fed9e0ae7""]","[""Aplicar"", ""Entender"", ""Lembrar""]","[""Ensino"", ""Orientação""]","Mediação em EaD (CAPES) Este curso foi pensado para você que deseja conhecer os aspectos que envolvem o trabalho da tutoria na EaD: funções do professor/tutor, competências e habilidades imprescindíveis para trabalhar em cursos mediados por tecnologias,  bem como os diversos Ambientes Virtuais de Aprendizagem (AVAs) e as ferramentas utilizadas no processo ensino-aprendizagem."
cca97dba-f3e2-42f5-a1ec-80a50013463f,METODOLOGIAS DE ENSINO: Mapa Conceitual & Aprendizagem Significativa,Estrutura cognitiva e a importância dos conhecimentos prévios; Aprendizagem significativa x Aprendizagem Mecânica; Material Potencialmente Relevante. O que são mapas conceituais; Mapas conceituais e a Teoria de Aprendizagem Significativa Elaborando um mapa conceitual. Mapa Conceitual como instrumento de estudo; Mapa Conceitual como instrumento de avaliação; Mapa Conceitual como material metodológico; Mapa Conceitual como organizador prévio.,30,"[""30521bbb-e702-47d7-a287-b242cf5bf600"", ""e4f31519-2fad-4fe8-b476-5da4715a16e9""]","[""Ensino"", ""Estratégias de avaliação""]","[""Planificar e implementar dispositivos e recursos digitais no processo de ensino, de modo a melhorar a eficácia das intervenções pedagógicas. Gerir e orquestrar  adequadamente estratégias de ensino digital. Experimentar e desenvolver novos formatos e métodos pedagógicos para o ensino."", ""Usar tecnologias digitais para a avaliação formativa e sumativa. Melhorar a diversidade e adequação dos formatos e abordagens de avaliação.""]","[""cac54f5d-834c-499c-bf8d-e549fa3828af"", ""cc76e5f1-476f-48b1-9d32-ccb2de7f2cde""]","[""Avaliação"", ""Ensino e Aprendizagem""]","[""6152c8bb-1632-42f0-9599-919b6bf15ecb"", ""85f646ca-67c5-439c-8cc1-df4fed9e0ae7""]","[""Entender"", ""Lembrar""]","[""Ensino"", ""Estratégias de avaliação""]",METODOLOGIAS DE ENSINO: Mapa Conceitual & Aprendizagem Significativa Estrutura cognitiva e a importância dos conhecimentos prévios; Aprendizagem significativa x Aprendizagem Mecânica; Material Potencialmente Relevante. O que são mapas conceituais; Mapas conceituais e a Teoria de Aprendizagem Significativa Elaborando um mapa conceitual. Mapa Conceitual como instrumento de estudo; Mapa Conceitual como instrumento de avaliação; Mapa Conceitual como material metodológico; Mapa Conceitual como organizador prévio.
cd3052ed-9de9-49c8-a6f5-3db374d3bcfb,Gestão Pessoal - Base da Liderança,"A base da gestão pessoal é o autoconhecimento. O curso, nessa concepção, permite aos estudantes refletir sobre suas virtudes, forças de caráter, valores pessoais, motivadores intrínsecos de trabalho e perfil comportamental. A reflexão possibilita aos estudantes organizar estratégias de melhoria em sua vida laboral e em sua vida pessoal, por meio de instrumentos que serão disponibilizados ao longo do curso. Nesse sentido, o curso será de extrema importância para os profissionais que desejam obter um estado consciente em relação aos meios viáveis de se conseguir alcançar um determinado objetivo.
Público Alvo: Gestores público que tenham interesse em ferramentas de mentoria para liderança. Curso aberto, gratuito e com certificado, qualquer pessoa pode se inscrever.",50,"[""1c596a8d-dff3-46ca-a684-8eb59b20800c"", ""432c5350-bdb8-4e22-b7a4-0417e9cfa8f4"", ""ac12a129-92a7-44c1-bb06-6162eeb4d798"", ""c4c5e35f-3758-486c-8f67-55c48eeb717a"", ""d766e5b6-9c57-4a3a-92cb-4ff0687ad701""]","[""Controle emocional"", ""Gestão do desenvolvimento de pessoas"", ""Gestão do trabalho em equipe"", ""Liderança eficaz"", ""Trabalho em equipe""]","[""Capacidade de colaborar e cooperar em atividades desenvolvidas coletivamente\npara atingir metas compartilhadas e de compreender a repercussão de suas ações para o êxito ou alcance dos objetivos estabelecidos pelo grupo."", ""Criar e participar de equipes de trabalho para promover um ambiente produtivo e aprimorar habilidades diferenciadas entre as pessoas; compartilhando recursos e informações para alcançar melhores resultados."", ""Dirigir equipes, otimizando a aplicação de talentos disponíveis e criando um ambiente positivo e comprometido para a obtenção de resultados."", ""Forjar um ambiente de trabalho em que os interesses de equipes e indivíduos se harmonizem com os objetivos e resultados da organização, gerando oportunidades de aprendizado e desenvolvimento, bem como incentivos para reforçar o desempenho excepcional."", ""Preservar o diálogo harmônico e respeitoso acerca das divergências, erros e conflitos do ambiente, sem afetar a dinâmica do trabalho sem razão justificável.""]","[""27ccdc3f-64d6-4748-960b-171e9c804d23"", ""514d5868-5f15-4ce9-b74a-d14f5310b54e"", ""b47333be-1c80-40a9-a93d-9bbc4d7e4677"", ""e23d3b1c-ee83-4b09-b141-fc0f9dc7ab57""]","[""Gestão de Relacionamentos"", ""Gestão de Resultados"", ""Processos de Melhoria"", ""Transversais""]","[""6152c8bb-1632-42f0-9599-919b6bf15ecb"", ""7b16819f-cb8a-406d-9ab9-a335a50143cb"", ""dcd7e78d-25ed-4a16-9229-39773b4f6b3d""]","[""Analisar"", ""Aplicar"", ""Entender""]","[""Gestão do desenvolvimento de pessoas"", ""Gestão do trabalho em equipe"", ""Liderança eficaz"", ""Trabalho em equipe""]","Gestão Pessoal - Base da Liderança A base da gestão pessoal é o autoconhecimento. O curso, nessa concepção, permite aos estudantes refletir sobre suas virtudes, forças de caráter, valores pessoais, motivadores intrínsecos de trabalho e perfil comportamental. A reflexão possibilita aos estudantes organizar estratégias de melhoria em sua vida laboral e em sua vida pessoal, por meio de instrumentos que serão disponibilizados ao longo do curso. Nesse sentido, o curso será de extrema importância para os profissionais que desejam obter um estado consciente em relação aos meios viáveis de se conseguir alcançar um determinado objetivo.
Público Alvo: Gestores público que tenham interesse em ferramentas de mentoria para liderança. Curso aberto, gratuito e com certificado, qualquer pessoa pode se inscrever."
ce9301c9-1a42-440f-b294-bbd0199eefda,Introdução à Gestão de projetos,"A capacitação tem como referência o Guia PMBOK 5° Edição, plaforedu_schema_devado pelo instituto PMI - Project Management Institute (2013), que reúne as melhores práticas na área de gerenciamento de projetos, com base em experiências de empresas de diferentes segmentos, públicas ou privadas, bem como apresentar outros métodos elaborados pela Administração Pública.
Carga Horária: 20h.
Público Alvo: Agentes públicos federais, municipais e estaduais que atuem no gerenciamento de projetos das organizações. Curso aberto, gratuito e com certificado, qualquer pessoa pode se inscrever.",20,"[""e6401337-5058-40be-b0d3-b28d487e43d3""]","[""Visão Sistêmica""]","[""Capacidade de identificar os principais marcos institucionais e as tendências sociais, políticas e econômicas nos cenários local, regional, nacional e internacional. Marcos esses que podem impactar os processos decisórios e a gestão de programas e projetos no âmbito do setor público.""]","[""27ccdc3f-64d6-4748-960b-171e9c804d23""]","[""Transversais""]","[""6152c8bb-1632-42f0-9599-919b6bf15ecb"", ""7b16819f-cb8a-406d-9ab9-a335a50143cb""]","[""Aplicar"", ""Entender""]","[""Visão Sistêmica""]","Introdução à Gestão de projetos A capacitação tem como referência o Guia PMBOK 5° Edição, plaforedu_schema_devado pelo instituto PMI - Project Management Institute (2013), que reúne as melhores práticas na área de gerenciamento de projetos, com base em experiências de empresas de diferentes segmentos, públicas ou privadas, bem como apresentar outros métodos elaborados pela Administração Pública.
Carga Horária: 20h.
Público Alvo: Agentes públicos federais, municipais e estaduais que atuem no gerenciamento de projetos das organizações. Curso aberto, gratuito e com certificado, qualquer pessoa pode se inscrever."
ced1cc60-9cd8-41a9-8c0e-17c88df2081e,Formação Pedagógica para EaD,"O curso aborda Fundamentos da Educação a Distância; Tecnologias educacionais e a linguagem dialógica na Ead; O papel do professor mediador presencial e mediador a distância; O papel do professor conteudista (autor).  
Carga-horária: 50 horas
Público-alvo: Docentes, profissionais atuantes na Educação a Distância e público em geral.",50,"[""e4f31519-2fad-4fe8-b476-5da4715a16e9""]","[""Ensino""]","[""Planificar e implementar dispositivos e recursos digitais no processo de ensino, de modo a melhorar a eficácia das intervenções pedagógicas. Gerir e orquestrar  adequadamente estratégias de ensino digital. Experimentar e desenvolver novos formatos e métodos pedagógicos para o ensino.""]","[""cac54f5d-834c-499c-bf8d-e549fa3828af""]","[""Ensino e Aprendizagem""]","[""6152c8bb-1632-42f0-9599-919b6bf15ecb"", ""7b16819f-cb8a-406d-9ab9-a335a50143cb"", ""85f646ca-67c5-439c-8cc1-df4fed9e0ae7""]","[""Aplicar"", ""Entender"", ""Lembrar""]","[""Ensino""]","Formação Pedagógica para EaD O curso aborda Fundamentos da Educação a Distância; Tecnologias educacionais e a linguagem dialógica na Ead; O papel do professor mediador presencial e mediador a distância; O papel do professor conteudista (autor).  
Carga-horária: 50 horas
Público-alvo: Docentes, profissionais atuantes na Educação a Distância e público em geral."
cf1977ac-3c54-4b25-8a6b-8c2e40c5f418,Administrador de Organizações Civis: Direitos Humanos e Justiça,"O curso tem o objetivo de qualificar pessoas para agirem na defesa dos valores e princípios gerais dos direitos humanos, a fim de alcançar a justiça, a ética, a moral, a equidade, a igualdade e a liberdade.",30,"[""64680a3e-e14c-4702-8970-00f96284e671"", ""b8ff33cf-392b-4019-b275-85e6df87a2a9""]","[""Orientações por valores éticos"", ""Relações institucionais""]","[""Capacidade de agir de acordo com princípios e valores morais que norteiam o exercício da função pública, tais como responsabilidade, integridade, retidão, transparência e equidade na gestão da res publica."", ""Promover a qualidade dos relacionamentos regulares e criar novos relacionamentos necessários para a consecução dos interesses da sua organização. Fortalecer a imagem corporativa, fazendo apresentações em público, planejando a mensagem a ser transmitida e seu objetivo de acordo com o tipo de público.""]","[""27ccdc3f-64d6-4748-960b-171e9c804d23"", ""514d5868-5f15-4ce9-b74a-d14f5310b54e""]","[""Gestão de Relacionamentos"", ""Transversais""]","[""6152c8bb-1632-42f0-9599-919b6bf15ecb""]","[""Entender""]","[""Orientações por valores éticos"", ""Relações institucionais""]","Administrador de Organizações Civis: Direitos Humanos e Justiça O curso tem o objetivo de qualificar pessoas para agirem na defesa dos valores e princípios gerais dos direitos humanos, a fim de alcançar a justiça, a ética, a moral, a equidade, a igualdade e a liberdade."
d00ba7e9-27a5-4cf6-a2f3-b85d25deb7c1,Formação de Facilitadores de Aprendizagem,"Este curso é destinado aos profissionais que desejam atuar ou aprimorar a sua atuação como facilitador de aprendizagem. O curso foi elaborado para atender as demandas de formação de facilitadores de aprendizagem nas temáticas do agro, mas pode ser estendido aos demais interessados. Este curso abordará conteúdos como: aprendizagem na idade adulta, planejamento de ensino, metodologias de ensino ativas e dicas para a condução de um processo de ensino e aprendizagem. Este curso é autoinstrucional, por isso você poderá realizá-lo no seu ritmo e na hora e local de sua preferência.",40,"[""3062277b-4218-4f2b-8645-90ba3651fc52"", ""e4f31519-2fad-4fe8-b476-5da4715a16e9""]","[""Ensino"", ""Orientação""]","[""Planificar e implementar dispositivos e recursos digitais no processo de ensino, de modo a melhorar a eficácia das intervenções pedagógicas. Gerir e orquestrar  adequadamente estratégias de ensino digital. Experimentar e desenvolver novos formatos e métodos pedagógicos para o ensino."", ""Usar tecnologias e serviços digitais para melhorar a interação com os(as) estudantes,individual e coletivamente, dentro e fora da sessão de aprendizagem. Usar tecnologias digitais para proporcionar orientação e assistência oportuna e dirigida. Experimentar e desenvolver novas formas e formatos para oferecer orientação e apoio.""]","[""cac54f5d-834c-499c-bf8d-e549fa3828af""]","[""Ensino e Aprendizagem""]","[""6152c8bb-1632-42f0-9599-919b6bf15ecb"", ""7b16819f-cb8a-406d-9ab9-a335a50143cb"", ""85f646ca-67c5-439c-8cc1-df4fed9e0ae7""]","[""Aplicar"", ""Entender"", ""Lembrar""]","[""Ensino"", ""Orientação""]","Formação de Facilitadores de Aprendizagem Este curso é destinado aos profissionais que desejam atuar ou aprimorar a sua atuação como facilitador de aprendizagem. O curso foi elaborado para atender as demandas de formação de facilitadores de aprendizagem nas temáticas do agro, mas pode ser estendido aos demais interessados. Este curso abordará conteúdos como: aprendizagem na idade adulta, planejamento de ensino, metodologias de ensino ativas e dicas para a condução de um processo de ensino e aprendizagem. Este curso é autoinstrucional, por isso você poderá realizá-lo no seu ritmo e na hora e local de sua preferência."
d12db900-361a-4e08-87db-fc8772572128,Sustentabilidade na Administração Pública,"Neste curso, você conhecerá o histórico das ações para promoção da sustentabilidade ambiental, compreenderá os principais conceitos sobre o assunto, saberá o que são os planos de gestão de logística sustentável e de gestão de resíduos sólidos e como realizar compras públicas sustentáveis no Brasil. ",28,"[""0accb9d5-dbd1-483f-ab2a-ee0ca1c22de4"", ""3a910f03-4c71-4606-93cd-179056019b11"", ""4667ae96-35b0-435a-87f5-e21af9c1086d"", ""4be87cc2-7a58-4885-8970-8f49249d43d5"", ""4c081af1-b613-4465-b989-2a4b09d76e0e"", ""694f836a-0a94-4039-b309-1ff7b55da325""]","[""Gerenciamento de recursos"", ""Gestão para resultados"", ""Inovação"", ""Planejamento"", ""Resolução de problemas com base em dados"", ""Uso responsável""]","[""Capacidade de idear soluções inovadoras e efetivas para problemas de baixa, média ou elevada complexidade com a utilização de dados (numéricos e não numéricos) e evidências que aumentem a precisão e viabilidade das soluções."", ""Forjar um clima de interesse para soluções inovadoras que melhorem a eficiência das respostas aos cidadãos em termos de informações, processos, tecnologias, resultados e impactos da gestão pública."", ""Identificar problemas prioritários e oportunidades de sua unidade para projetar planos, programas ou projetos que prefixam objetivos, atividades, recursos, custos, cronogramas, responsáveis e indicadores de progresso, resultados e impacto."", ""Preservar critérios de eficácia e eficiência na administração de recursos materiais, das competências das pessoas e dos ativos de uso da organização."", ""Tomar medidas que garantam o bem-estar físico, psicológico e social dos(as) estudantes enquanto usam tecnologias digitais. Capacitar os(as) estudantes para gerir\nriscos e usar tecnologias digitais de forma segura e responsável.""]","[""05ac4a5c-019d-4ec7-83cc-12ca141322fa"", ""2537d1c9-05a8-469c-9f2e-39ca7a5ca85e"", ""27ccdc3f-64d6-4748-960b-171e9c804d23"", ""2ee0fd18-5e3b-4fa1-b293-5b39634f0430"", ""7d566976-b00c-4aa7-aa67-d94656c8db8c"", ""b47333be-1c80-40a9-a93d-9bbc4d7e4677""]","[""Competência de Liderança - Estratégia"", ""Competências de Liderança - Resultados"", ""Gestão de Mudanças"", ""Gestão de Resultados"", ""Promoção da Competência Digital dos(as) Estudantes"", ""Transversais""]","[""6152c8bb-1632-42f0-9599-919b6bf15ecb""]","[""Entender""]","[""Gerenciamento de recursos"", ""Gestão para resultados"", ""Inovação"", ""Planejamento"", ""Resolução de problemas com base em dados"", ""Uso responsável""]","Sustentabilidade na Administração Pública Neste curso, você conhecerá o histórico das ações para promoção da sustentabilidade ambiental, compreenderá os principais conceitos sobre o assunto, saberá o que são os planos de gestão de logística sustentável e de gestão de resíduos sólidos e como realizar compras públicas sustentáveis no Brasil."
d191532f-e666-4d07-a834-59355a43a688,Moodle para professores,"Conceitos sobre o  Ambiente Virtual de Ensino Aprendizagem. Compreensão do uso da Ferramenta. A modalidade de Educação a Distância: histórico, características, definições, regulamentações e novos caminhos. O papel de cada envolvido no ensino/aprendizagem do AVA. Produção de material didático, criação de conteúdo, recursos e atividades.",30,"[""3062277b-4218-4f2b-8645-90ba3651fc52"", ""e4f31519-2fad-4fe8-b476-5da4715a16e9""]","[""Ensino"", ""Orientação""]","[""Planificar e implementar dispositivos e recursos digitais no processo de ensino, de modo a melhorar a eficácia das intervenções pedagógicas. Gerir e orquestrar  adequadamente estratégias de ensino digital. Experimentar e desenvolver novos formatos e métodos pedagógicos para o ensino."", ""Usar tecnologias e serviços digitais para melhorar a interação com os(as) estudantes,individual e coletivamente, dentro e fora da sessão de aprendizagem. Usar tecnologias digitais para proporcionar orientação e assistência oportuna e dirigida. Experimentar e desenvolver novas formas e formatos para oferecer orientação e apoio.""]","[""cac54f5d-834c-499c-bf8d-e549fa3828af""]","[""Ensino e Aprendizagem""]","[""6152c8bb-1632-42f0-9599-919b6bf15ecb"", ""7b16819f-cb8a-406d-9ab9-a335a50143cb"", ""85f646ca-67c5-439c-8cc1-df4fed9e0ae7""]","[""Aplicar"", ""Entender"", ""Lembrar""]","[""Ensino"", ""Orientação""]","Moodle para professores Conceitos sobre o  Ambiente Virtual de Ensino Aprendizagem. Compreensão do uso da Ferramenta. A modalidade de Educação a Distância: histórico, características, definições, regulamentações e novos caminhos. O papel de cada envolvido no ensino/aprendizagem do AVA. Produção de material didático, criação de conteúdo, recursos e atividades."
d5d9929f-2ad3-4be8-9abb-9b715d288565,Linguagem e contexto: reflexões sobre a escrita científica,"Contexto geral sobre a linguagem. Linguagem e poder. Escrita científica. Destinado a estudantes de cursos técnicos, superiores e de pós-graduação. ",40,"[""3062277b-4218-4f2b-8645-90ba3651fc52"", ""e4f31519-2fad-4fe8-b476-5da4715a16e9""]","[""Ensino"", ""Orientação""]","[""Planificar e implementar dispositivos e recursos digitais no processo de ensino, de modo a melhorar a eficácia das intervenções pedagógicas. Gerir e orquestrar  adequadamente estratégias de ensino digital. Experimentar e desenvolver novos formatos e métodos pedagógicos para o ensino."", ""Usar tecnologias e serviços digitais para melhorar a interação com os(as) estudantes,individual e coletivamente, dentro e fora da sessão de aprendizagem. Usar tecnologias digitais para proporcionar orientação e assistência oportuna e dirigida. Experimentar e desenvolver novas formas e formatos para oferecer orientação e apoio.""]","[""cac54f5d-834c-499c-bf8d-e549fa3828af""]","[""Ensino e Aprendizagem""]","[""6152c8bb-1632-42f0-9599-919b6bf15ecb"", ""7b16819f-cb8a-406d-9ab9-a335a50143cb"", ""85f646ca-67c5-439c-8cc1-df4fed9e0ae7""]","[""Aplicar"", ""Entender"", ""Lembrar""]","[""Ensino"", ""Orientação""]","Linguagem e contexto: reflexões sobre a escrita científica Contexto geral sobre a linguagem. Linguagem e poder. Escrita científica. Destinado a estudantes de cursos técnicos, superiores e de pós-graduação."
d6cdcc52-a5ad-455b-b8d2-7185d3d6d0e5,Didática,"

Objetivo:
Capacitar educadores a planejar, executar e avaliar processos de ensino-aprendizagem de forma eficaz, utilizando princípios didáticos atualizados e estratégias pedagógicas inovadoras.
Abordagem:
Teórica, com foco na aplicação direta em sala de aula.
Público-Alvo:
Professores da educação básica e superior, estudantes de licenciatura, coordenadores pedagógicos e profissionais que atuam com educação.
Competências Desenvolvidas:
Ao final do curso, os participantes serão capazes de:
Elaborar planos de aula alinhados a objetivos pedagógicos
Selecionar e aplicar métodos de ensino adequados a diferentes contextos
Realizar avaliações que promovam a aprendizagem contínua
Observações:
Não há pré-requisitos para participação. O curso é especialmente recomendado para profissionais que desejam atualizar suas práticas pedagógicas.",60,"[""30521bbb-e702-47d7-a287-b242cf5bf600"", ""3062277b-4218-4f2b-8645-90ba3651fc52"", ""432c5350-bdb8-4e22-b7a4-0417e9cfa8f4"", ""5a036b8e-1546-48ea-a616-2890f9904d4c"", ""b64634ab-e0ca-42a8-a95d-b8670598488b"", ""e4f31519-2fad-4fe8-b476-5da4715a16e9""]","[""Aprendizagem autorregulada"", ""Aprendizagem colaborativa"", ""Ensino"", ""Estratégias de avaliação"", ""Gestão do desenvolvimento de pessoas"", ""Orientação""]","[""Forjar um ambiente de trabalho em que os interesses de equipes e indivíduos se harmonizem com os objetivos e resultados da organização, gerando oportunidades de aprendizado e desenvolvimento, bem como incentivos para reforçar o desempenho excepcional."", ""Planificar e implementar dispositivos e recursos digitais no processo de ensino, de modo a melhorar a eficácia das intervenções pedagógicas. Gerir e orquestrar  adequadamente estratégias de ensino digital. Experimentar e desenvolver novos formatos e métodos pedagógicos para o ensino."", ""Usar tecnologias digitais para a avaliação formativa e sumativa. Melhorar a diversidade e adequação dos formatos e abordagens de avaliação."", ""Usar tecnologias digitais para apoiar a aprendizagem autorregulada dos(as) estudantes, isto é, permitir que planejem, acompanhem e reflitam sobre a sua própria\naprendizagem, forneçam evidências de progresso, compartilhem ideias e encontrem soluções criativas.\n"", ""Usar tecnologias digitais para promover e melhorar a colaboração do(a) estudante. Permitir que os(as) estudantes usem tecnologias digitais enquanto parte de tarefas colaborativas, como meio de melhorar a comunicação, a colaboração e a criação colaborativa de conhecimento."", ""Usar tecnologias e serviços digitais para melhorar a interação com os(as) estudantes,individual e coletivamente, dentro e fora da sessão de aprendizagem. Usar tecnologias digitais para proporcionar orientação e assistência oportuna e dirigida. Experimentar e desenvolver novas formas e formatos para oferecer orientação e apoio.""]","[""b47333be-1c80-40a9-a93d-9bbc4d7e4677"", ""cac54f5d-834c-499c-bf8d-e549fa3828af"", ""cc76e5f1-476f-48b1-9d32-ccb2de7f2cde""]","[""Avaliação"", ""Ensino e Aprendizagem"", ""Gestão de Resultados""]","[""6152c8bb-1632-42f0-9599-919b6bf15ecb"", ""7b16819f-cb8a-406d-9ab9-a335a50143cb"", ""85f646ca-67c5-439c-8cc1-df4fed9e0ae7"", ""dcd7e78d-25ed-4a16-9229-39773b4f6b3d""]","[""Analisar"", ""Aplicar"", ""Entender"", ""Lembrar""]","[""Aprendizagem autorregulada"", ""Aprendizagem colaborativa"", ""Ensino"", ""Estratégias de avaliação"", ""Gestão do desenvolvimento de pessoas"", ""Orientação""]","Didática Objetivo:
Capacitar educadores a planejar, executar e avaliar processos de ensino-aprendizagem de forma eficaz, utilizando princípios didáticos atualizados e estratégias pedagógicas inovadoras.
Abordagem:
Teórica, com foco na aplicação direta em sala de aula.
Público-Alvo:
Professores da educação básica e superior, estudantes de licenciatura, coordenadores pedagógicos e profissionais que atuam com educação.
Competências Desenvolvidas:
Ao final do curso, os participantes serão capazes de:
Elaborar planos de aula alinhados a objetivos pedagógicos
Selecionar e aplicar métodos de ensino adequados a diferentes contextos
Realizar avaliações que promovam a aprendizagem contínua
Observações:
Não há pré-requisitos para participação. O curso é especialmente recomendado para profissionais que desejam atualizar suas práticas pedagógicas."
d92ea2d3-bf8b-4ff4-858e-8748fb63f0cd,Gestão do Conhecimento - Teoria e Práticas,"O que é Gestão do Conhecimento? Quais os seus tipos e sua importância nas organizações? Como se dá o seu processo e a sua prática? 
Carga Horária: 20h.
Público Alvo: Agentes públicos que atuam ou que tenham interesse na temática gestão do conhecimento e na implementação da gestão do conhecimento nas instituições públicas.
Conteúdo Programático:
Módulo 1 – Gestão do conhecimento: conceitos e teorias.
Módulo 2 – O processo de gestão do conhecimento.
Módulo 3 – Gestão do conhecimento: a prática nas organizações.",20,"[""7a8fc826-b1a6-4d1a-854d-9782c417ee0f""]","[""Gestão da qualidade""]","[""Conduzir a área de gestão encarregada de padronizar boas práticas processuais, no âmbito do paradigma da qualidade; gerando serviços internos ou externos seguros e confiáveis, de acordo com indicadores pré-estabelecidos em termos de legislação vigente e padrões de qualidade aplicáveis.""]","[""b47333be-1c80-40a9-a93d-9bbc4d7e4677""]","[""Gestão de Resultados""]","[""6152c8bb-1632-42f0-9599-919b6bf15ecb""]","[""Entender""]","[""Gestão da qualidade""]","Gestão do Conhecimento - Teoria e Práticas O que é Gestão do Conhecimento? Quais os seus tipos e sua importância nas organizações? Como se dá o seu processo e a sua prática? 
Carga Horária: 20h.
Público Alvo: Agentes públicos que atuam ou que tenham interesse na temática gestão do conhecimento e na implementação da gestão do conhecimento nas instituições públicas.
Conteúdo Programático:
Módulo 1 – Gestão do conhecimento: conceitos e teorias.
Módulo 2 – O processo de gestão do conhecimento.
Módulo 3 – Gestão do conhecimento: a prática nas organizações."
d9fda7e9-fdd4-4b79-923f-df7516f1354c,Contabilidade Pública,"Este curso introdutório oferece uma visão geral sobre os princípios e práticas da Contabilidade Pública. Ao longo de quatro módulos, você explorará os conceitos fundamentais que regem as finanças no setor público, desde a introdução à matéria, passando pela gestão de receitas e despesas, até a elaboração de balanços e o funcionamento dos sistemas contábeis governamentais.
Idealizado para ingressantes no serviço público e todos que desejam compreender a estrutura contábil do Estado, este curso é oferecido na modalidade a distância, sem tutoria, permitindo flexibilidade para seus estudos.
Público-alvo: Indicado para servidores recém-ingressos na administração pública e cidadãos interessados em carreiras no setor.
Nível: Básico
Carga Horária: 40 horas
Requisitos: Para um bom aproveitamento, é necessário ter o ensino médio completo, conhecimentos básicos de informática e acesso à internet. É fundamental a compreensão de leitura em língua portuguesa e a familiaridade com leitores de arquivos PDF.
Certificação: O certificado de conclusão estará disponível após um período mínimo de 6 dias a contar da data de inscrição, mediante aproveitamento no curso. O prazo final para conclusão é 31/01/2026.
Instituição Ofertante: Rede e-Tec Brasil
Idioma: Português (Brasil)",40,"[""3a910f03-4c71-4606-93cd-179056019b11""]","[""Gerenciamento de recursos""]","[""Preservar critérios de eficácia e eficiência na administração de recursos materiais, das competências das pessoas e dos ativos de uso da organização.""]","[""b47333be-1c80-40a9-a93d-9bbc4d7e4677""]","[""Gestão de Resultados""]","[""6152c8bb-1632-42f0-9599-919b6bf15ecb"", ""7b16819f-cb8a-406d-9ab9-a335a50143cb"", ""85f646ca-67c5-439c-8cc1-df4fed9e0ae7""]","[""Aplicar"", ""Entender"", ""Lembrar""]","[""Gerenciamento de recursos""]","Contabilidade Pública Este curso introdutório oferece uma visão geral sobre os princípios e práticas da Contabilidade Pública. Ao longo de quatro módulos, você explorará os conceitos fundamentais que regem as finanças no setor público, desde a introdução à matéria, passando pela gestão de receitas e despesas, até a elaboração de balanços e o funcionamento dos sistemas contábeis governamentais.
Idealizado para ingressantes no serviço público e todos que desejam compreender a estrutura contábil do Estado, este curso é oferecido na modalidade a distância, sem tutoria, permitindo flexibilidade para seus estudos.
Público-alvo: Indicado para servidores recém-ingressos na administração pública e cidadãos interessados em carreiras no setor.
Nível: Básico
Carga Horária: 40 horas
Requisitos: Para um bom aproveitamento, é necessário ter o ensino médio completo, conhecimentos básicos de informática e acesso à internet. É fundamental a compreensão de leitura em língua portuguesa e a familiaridade com leitores de arquivos PDF.
Certificação: O certificado de conclusão estará disponível após um período mínimo de 6 dias a contar da data de inscrição, mediante aproveitamento no curso. O prazo final para conclusão é 31/01/2026.
Instituição Ofertante: Rede e-Tec Brasil
Idioma: Português (Brasil)"
dabb109a-292c-4030-942d-44395b5ff780,Desvendando o Plano Educacional Individualizado (PEI),"O curso Desvendando o Plano Educacional Individualizado (PEI) tem como objetivo capacitar educadores e profissionais da área de educação inclusiva na elaboração e implementação eficaz do PEI, alinhado às legislações e práticas pedagógicas contemporâneas. Com uma abordagem teórica, o curso abordará conceitos fundamentais da educação inclusiva, adequação curricular, estrutura do PEI e estratégias para sua operacionalização em contextos educacionais diversos.
Destinado a professores, coordenadores pedagógicos, gestores escolares e estudantes de pedagogia. Ao final, os participantes estarão aptos a desenvolver PEIs personalizados, aplicar adequações curriculares e promover práticas inclusivas em sala de aula.
Para conclusão,não há pré-requisitos, mas recomenda-se experiência básica em educação ou interesse na temática de inclusão.",30,"[""161fd267-d68a-4f88-925c-8082f17fb8b2"", ""bf6ee8ab-b64b-48fb-ad5a-738548fc2302""]","[""Acessibilidade e inclusão - Docente"", ""Diferenciação e personalização""]","["" \n \t\nUsar tecnologias digitais para atender às diversas necessidades de aprendizagem dos(as) estudantes, permitindo que estes progridam a diferentes níveis e velocidades e sigam caminhos e objetivos de aprendizagem individuais."", ""Garantir acessibilidade a recursos e atividades de aprendizagem para todos os(as) estudantes, incluindo os que têm necessidades especiais. Ter em consideração e dar resposta às expetativas, capacidades, usos e conceções errôneas (digitais) dos(as) estudantes, bem como ao uso contextual, físico e cognitivo que fazem das tecnologias digitais.""]","[""c7be7c48-c417-4dec-b203-34ddedba7507""]","[""Capacitação dos(as) Estudantes""]","[""6152c8bb-1632-42f0-9599-919b6bf15ecb"", ""85f646ca-67c5-439c-8cc1-df4fed9e0ae7"", ""dcd7e78d-25ed-4a16-9229-39773b4f6b3d""]","[""Analisar"", ""Entender"", ""Lembrar""]","[""Acessibilidade e inclusão - Docente"", ""Diferenciação e personalização""]","Desvendando o Plano Educacional Individualizado (PEI) O curso Desvendando o Plano Educacional Individualizado (PEI) tem como objetivo capacitar educadores e profissionais da área de educação inclusiva na elaboração e implementação eficaz do PEI, alinhado às legislações e práticas pedagógicas contemporâneas. Com uma abordagem teórica, o curso abordará conceitos fundamentais da educação inclusiva, adequação curricular, estrutura do PEI e estratégias para sua operacionalização em contextos educacionais diversos.
Destinado a professores, coordenadores pedagógicos, gestores escolares e estudantes de pedagogia. Ao final, os participantes estarão aptos a desenvolver PEIs personalizados, aplicar adequações curriculares e promover práticas inclusivas em sala de aula.
Para conclusão,não há pré-requisitos, mas recomenda-se experiência básica em educação ou interesse na temática de inclusão."
dafce578-796e-4b13-bdcc-be13d2888c14,Recursos Educacionais Abertos: repensando a produção de conteúdos,"Neste curso são apresentados conceitos sobre Educação Aberta, Recursoso Educacionais Abertos e licenças flexíveis de produção, remix e disponibilização de recursos educacionais.",10,"[""93a78bdb-6f5f-4a1a-a012-82eb8b9db4d8""]","[""Gestão, proteção e compartilhamento""]","[""Organizar conteúdo digital e disponibilizá-lo aos(às) estudantes, pais ou responsáveis e outros educadores. Proteger eficazmente conteúdo digital sensível. Respeitar e aplicar corretamente regras de privacidade e de direitos de autor. Compreender a utilização e criação de licenças abertas e de recursos educacionais abertos, incluindo a sua atribuição apropriada.""]","[""5a224ac7-f165-4900-971c-f82f2684f779""]","[""Recursos Digitais""]","[""6152c8bb-1632-42f0-9599-919b6bf15ecb"", ""7b16819f-cb8a-406d-9ab9-a335a50143cb"", ""85f646ca-67c5-439c-8cc1-df4fed9e0ae7""]","[""Aplicar"", ""Entender"", ""Lembrar""]","[""Gestão, proteção e compartilhamento""]","Recursos Educacionais Abertos: repensando a produção de conteúdos Neste curso são apresentados conceitos sobre Educação Aberta, Recursoso Educacionais Abertos e licenças flexíveis de produção, remix e disponibilização de recursos educacionais."
dbd63e0e-fc1e-426b-8b91-6f4b0384c051,Procedimentos para um fluxo documental que atenda a Gestão de Documentos Públicos,"O curso busca qualificar os profissionais que atuam em setor público sobre a Gestão Documental através da apresentação de procedimentos relacionados à produção, tramitação, uso, avaliação e arquivamento de documentos de uso frequente e pouco frequente. Além disso, o curso pretende também apresentar as condutas corretas para destinação correta dos documentos ao eliminar os que não possuem valor histórico ou recolhê-los, caso tenham tal valor, garantindo, dessa forma, sua conservação.

",30,"[""4c081af1-b613-4465-b989-2a4b09d76e0e"", ""7a8fc826-b1a6-4d1a-854d-9782c417ee0f""]","[""Gestão da qualidade"", ""Gestão para resultados""]","[""Conduzir a área de gestão encarregada de padronizar boas práticas processuais, no âmbito do paradigma da qualidade; gerando serviços internos ou externos seguros e confiáveis, de acordo com indicadores pré-estabelecidos em termos de legislação vigente e padrões de qualidade aplicáveis.""]","[""2537d1c9-05a8-469c-9f2e-39ca7a5ca85e"", ""27ccdc3f-64d6-4748-960b-171e9c804d23"", ""2ee0fd18-5e3b-4fa1-b293-5b39634f0430"", ""b47333be-1c80-40a9-a93d-9bbc4d7e4677""]","[""Competência de Liderança - Estratégia"", ""Competências de Liderança - Resultados"", ""Gestão de Resultados"", ""Transversais""]","[""6152c8bb-1632-42f0-9599-919b6bf15ecb"", ""7b16819f-cb8a-406d-9ab9-a335a50143cb"", ""85f646ca-67c5-439c-8cc1-df4fed9e0ae7""]","[""Aplicar"", ""Entender"", ""Lembrar""]","[""Gestão da qualidade"", ""Gestão para resultados""]","Procedimentos para um fluxo documental que atenda a Gestão de Documentos Públicos O curso busca qualificar os profissionais que atuam em setor público sobre a Gestão Documental através da apresentação de procedimentos relacionados à produção, tramitação, uso, avaliação e arquivamento de documentos de uso frequente e pouco frequente. Além disso, o curso pretende também apresentar as condutas corretas para destinação correta dos documentos ao eliminar os que não possuem valor histórico ou recolhê-los, caso tenham tal valor, garantindo, dessa forma, sua conservação."
dbd88317-32e5-4c68-9e30-8140c4dd447c,Avaliação por Rubrica no Moodle,"O curso apresenta o método de avaliação por rubrica no Moodle e suas potencialidades para contribuir no desenvolvimento do processo de aprendizagem dos estudantes e de acompanhamento, avaliação e feedback pelos professores. 
Conteúdos:
Rubrica de avaliação: conceito e estrutura
Configuração da avaliação por Rubrica
Avaliação e feedback utilizando rubrica
Metodologia:
O curso propõe uma metodologia que contempla momentos de estudos individuais e atividades baseadas em autoinstrução com questionário online, seguidos de momentos com atividades atividades práticas em espaço coletivo para a configuração de Rubrica na sala virtual, na qual o cursista tem papel de editor no Moodle e pode praticar de forma livre e criativa os conteúdos desenvolvidos no curso.
Os conteúdos podem ser estudados de forma livre e estão disponíveis em forma de videoaula, recurso livro do moodle, videotutoriais e material complementar (links, vídeos e textos considerados relevantes).
Os cursistas têm à disposição um espaço de fórum colaborativo para troca de informações e colaboração no caso de dúvidas, aprendendo uns com os outros e colaborando ativamente na construção do conhecimento.
",20,"[""12052eae-22a2-44ce-a8ff-07f5b5a8f816"", ""30521bbb-e702-47d7-a287-b242cf5bf600"", ""c6d771e2-d2a0-443d-b615-b0c813965e99""]","[""Análise de evidências"", ""Estratégias de avaliação"", ""Feedback e planificação""]","[""Produzir, selecionar, analisar criticamente e interpretar evidências digitais sobre a atividade, desempenho e progresso do(a) estudante, de modo a informar o ensino e aprendizagem."", ""Usar tecnologias digitais para a avaliação formativa e sumativa. Melhorar a diversidade e adequação dos formatos e abordagens de avaliação."", ""Usar tecnologias digitais para fornecer feedback oportuno e direcionado aos(às) estudantes. Adaptar estratégias de ensino e proporcionar apoio direcionado,\ncom base nas evidências geradas pelas tecnologias digitais utilizadas. Permitir que estudantes e pais ou responsáveis  compreendam as evidências fornecidas pelas tecnologias digitais e as usem para tomada de decisão.""]","[""cc76e5f1-476f-48b1-9d32-ccb2de7f2cde""]","[""Avaliação""]","[""6152c8bb-1632-42f0-9599-919b6bf15ecb"", ""7b16819f-cb8a-406d-9ab9-a335a50143cb"", ""85f646ca-67c5-439c-8cc1-df4fed9e0ae7"", ""dcd7e78d-25ed-4a16-9229-39773b4f6b3d""]","[""Analisar"", ""Aplicar"", ""Entender"", ""Lembrar""]","[""Análise de evidências"", ""Estratégias de avaliação"", ""Feedback e planificação""]","Avaliação por Rubrica no Moodle O curso apresenta o método de avaliação por rubrica no Moodle e suas potencialidades para contribuir no desenvolvimento do processo de aprendizagem dos estudantes e de acompanhamento, avaliação e feedback pelos professores. 
Conteúdos:
Rubrica de avaliação: conceito e estrutura
Configuração da avaliação por Rubrica
Avaliação e feedback utilizando rubrica
Metodologia:
O curso propõe uma metodologia que contempla momentos de estudos individuais e atividades baseadas em autoinstrução com questionário online, seguidos de momentos com atividades atividades práticas em espaço coletivo para a configuração de Rubrica na sala virtual, na qual o cursista tem papel de editor no Moodle e pode praticar de forma livre e criativa os conteúdos desenvolvidos no curso.
Os conteúdos podem ser estudados de forma livre e estão disponíveis em forma de videoaula, recurso livro do moodle, videotutoriais e material complementar (links, vídeos e textos considerados relevantes).
Os cursistas têm à disposição um espaço de fórum colaborativo para troca de informações e colaboração no caso de dúvidas, aprendendo uns com os outros e colaborando ativamente na construção do conhecimento."
dc0b3001-544d-47e9-891f-4178971526a5,Ágil no contexto da Administração Pública,Apresentação e abordagem na forma de pensar e os modelos de trabalho Ágeis no contexto particular da administração pública.,30,"[""0accb9d5-dbd1-483f-ab2a-ee0ca1c22de4"", ""494c1fac-1723-4cfb-b8ee-4e6472ae59c7"", ""4be87cc2-7a58-4885-8970-8f49249d43d5"", ""d8340cf3-50ac-412b-b067-3a273ae5115d"", ""e6401337-5058-40be-b0d3-b28d487e43d3""]","[""Inovação"", ""Melhoria contínua de processos"", ""Planejamento"", ""Proatividade"", ""Visão Sistêmica""]","[""Atuar com iniciativa e instruir os colaboradores a antecipar eventos previsíveis que envolvam a execução de tarefas para atendimento de demandas internas e externas (dos cidadãos), fortalecendo a percepção dos usuários sobre o comprometimento da unidade na oferta de serviços e produtos."", ""Capacidade de identificar os principais marcos institucionais e as tendências sociais, políticas e econômicas nos cenários local, regional, nacional e internacional. Marcos esses que podem impactar os processos decisórios e a gestão de programas e projetos no âmbito do setor público."", ""Forjar um clima de interesse para soluções inovadoras que melhorem a eficiência das respostas aos cidadãos em termos de informações, processos, tecnologias, resultados e impactos da gestão pública."", ""Identificar problemas prioritários e oportunidades de sua unidade para projetar planos, programas ou projetos que prefixam objetivos, atividades, recursos, custos, cronogramas, responsáveis e indicadores de progresso, resultados e impacto."", ""Propor e introduzir ações para acelerar a melhoria contínua e a produtividade das tarefas sob sua responsabilidade, em atenção aos requisitos de qualidade.""]","[""27ccdc3f-64d6-4748-960b-171e9c804d23"", ""7d566976-b00c-4aa7-aa67-d94656c8db8c"", ""b47333be-1c80-40a9-a93d-9bbc4d7e4677"", ""e23d3b1c-ee83-4b09-b141-fc0f9dc7ab57""]","[""Gestão de Mudanças"", ""Gestão de Resultados"", ""Processos de Melhoria"", ""Transversais""]","[""6152c8bb-1632-42f0-9599-919b6bf15ecb""]","[""Entender""]","[""Inovação"", ""Melhoria contínua de processos"", ""Planejamento"", ""Visão Sistêmica""]",Ágil no contexto da Administração Pública Apresentação e abordagem na forma de pensar e os modelos de trabalho Ágeis no contexto particular da administração pública.
dc1a8c4e-c8e6-48f0-8ff5-c6a84bc5642d,Assistente de Recursos Humanos,"O curso trata dos seguintes temas:
- Redação de textos empresariais e oficiais.
- Práticas de Recursos Humanos.
- Direito do Trabalho.
- Gestão de Pessoas.
- Psicologia do Trabalho.
- Psicologia das Relações Humanas.
- Desenvolvimento Pessoal e Interpessoal.
- Recursos Humanos na Administração Pública.",200,"[""432c5350-bdb8-4e22-b7a4-0417e9cfa8f4""]","[""Gestão do desenvolvimento de pessoas""]","[""Forjar um ambiente de trabalho em que os interesses de equipes e indivíduos se harmonizem com os objetivos e resultados da organização, gerando oportunidades de aprendizado e desenvolvimento, bem como incentivos para reforçar o desempenho excepcional.""]","[""b47333be-1c80-40a9-a93d-9bbc4d7e4677""]","[""Gestão de Resultados""]","[""6152c8bb-1632-42f0-9599-919b6bf15ecb"", ""7b16819f-cb8a-406d-9ab9-a335a50143cb"", ""85f646ca-67c5-439c-8cc1-df4fed9e0ae7""]","[""Aplicar"", ""Entender"", ""Lembrar""]","[""Gestão do desenvolvimento de pessoas""]","Assistente de Recursos Humanos O curso trata dos seguintes temas:
- Redação de textos empresariais e oficiais.
- Práticas de Recursos Humanos.
- Direito do Trabalho.
- Gestão de Pessoas.
- Psicologia do Trabalho.
- Psicologia das Relações Humanas.
- Desenvolvimento Pessoal e Interpessoal.
- Recursos Humanos na Administração Pública."
dd6dd115-0082-4cb4-8900-0d12039cf6ca,Software de Apresentação,"O curso irá introduzir os conceitos de softwares de apresentação, assim como mostrar exemplos de softwares que podem ser utilizados para criação de apresentações. Serão mostrados recursos básicos e avançados no software PowerPoint para que se possa criar uma apresentação usando os recursos desse software. Além disso, será explorado o uso do software de apresentação online Prezi, que se constitui em uma ótima opção para se desenvolver apresentações dinâmicas e diferentes.",40,"[""179ee2c7-90c8-4f00-8cc0-02f63a056062"", ""3062277b-4218-4f2b-8645-90ba3651fc52"", ""3418004f-90fd-4a64-bb7c-fab6c1f8f6cc"", ""74347817-89b5-47e7-9c5d-6c07c69690fa"", ""84b2a6b0-c670-4a34-a04f-594a0b4c1d4a"", ""93a78bdb-6f5f-4a1a-a012-82eb8b9db4d8"", ""b30f6b99-0189-4c80-8977-bd7cf269ab8e"", ""bb6db702-1fd8-40b5-abeb-e067768c5def"", ""e4f31519-2fad-4fe8-b476-5da4715a16e9""]","[""Colaboração profissional"", ""Comunicação interpessoal"", ""Criação e modificação"", ""Desenvolvimento Profissional Contínuo (DPC) digital"", ""Ensino"", ""Gestão, proteção e compartilhamento"", ""Orientação"", ""Seleção"", ""Uso de TIC""]","[""Identificar, avaliar e selecionar recursos digitais para o ensino e aprendizagem. \nTer em consideração o objetivo específico de aprendizagem, o contexto, a abordagem pedagógica e o grupo de estudantes, ao selecionar recursos digitais e planificar a sua utilização."", ""Iniciar e manter comunicações respeitosas e cordiais; transmitir de forma transparente e comportamento estável, informações e gestos, mensagens orais e de texto claros, concisos, fiáveis e apropriados para o destinatário. Atender ativamente informações, consultas, divergências e mensagens de terceiros com uma atitude construtiva e empática."", ""Modificar e desenvolver recursos existentes com licença aberta e outros recursos onde tal é permitido. Criar ou cocriar novos recursos educacionais digitais. Ter em\nconsideração o objetivo específico de aprendizagem, o contexto, a abordagem pedagógica e o grupo de estudantes, ao selecionar recursos digitais e planificar a sua utilização."", ""Organizar conteúdo digital e disponibilizá-lo aos(às) estudantes, pais ou responsáveis e outros educadores. Proteger eficazmente conteúdo digital sensível. Respeitar e aplicar corretamente regras de privacidade e de direitos de autor. Compreender a utilização e criação de licenças abertas e de recursos educacionais abertos, incluindo a sua atribuição apropriada."", ""Otimizar o uso das tecnologias de informação e comunicação disponíveis, em seu efetivo potencial, para melhorar seu desempenho."", ""Planificar e implementar dispositivos e recursos digitais no processo de ensino, de modo a melhorar a eficácia das intervenções pedagógicas. Gerir e orquestrar  adequadamente estratégias de ensino digital. Experimentar e desenvolver novos formatos e métodos pedagógicos para o ensino."", ""Usar fontes e recursos digitais para desenvolvimento profissional contínuo."", ""Usar tecnologias digitais para colaborar com outros educadores, compartilhar e trocar conhecimento e experiências, bem como para inovar práticas pedagógicas de forma colaborativa."", ""Usar tecnologias e serviços digitais para melhorar a interação com os(as) estudantes,individual e coletivamente, dentro e fora da sessão de aprendizagem. Usar tecnologias digitais para proporcionar orientação e assistência oportuna e dirigida. Experimentar e desenvolver novas formas e formatos para oferecer orientação e apoio.""]","[""4a2cf0b1-98dd-4bff-adc0-898f32e7b857"", ""514d5868-5f15-4ce9-b74a-d14f5310b54e"", ""5a224ac7-f165-4900-971c-f82f2684f779"", ""690c731c-31f8-46f6-94f6-94d952223a08"", ""cac54f5d-834c-499c-bf8d-e549fa3828af""]","[""Ensino e Aprendizagem"", ""Envolvimento Profissional"", ""Gestão de Relacionamentos"", ""Orientação a Resultados"", ""Recursos Digitais""]","[""6152c8bb-1632-42f0-9599-919b6bf15ecb"", ""7b16819f-cb8a-406d-9ab9-a335a50143cb"", ""85f646ca-67c5-439c-8cc1-df4fed9e0ae7""]","[""Aplicar"", ""Entender"", ""Lembrar""]","[""Colaboração profissional"", ""Comunicação interpessoal"", ""Criação e modificação"", ""Desenvolvimento Profissional Contínuo (DPC) digital"", ""Ensino"", ""Gestão, proteção e compartilhamento"", ""Orientação"", ""Seleção"", ""Uso de TIC""]","Software de Apresentação O curso irá introduzir os conceitos de softwares de apresentação, assim como mostrar exemplos de softwares que podem ser utilizados para criação de apresentações. Serão mostrados recursos básicos e avançados no software PowerPoint para que se possa criar uma apresentação usando os recursos desse software. Além disso, será explorado o uso do software de apresentação online Prezi, que se constitui em uma ótima opção para se desenvolver apresentações dinâmicas e diferentes."
df775a8c-5f8e-4f3c-a97a-f543f3091e54,Curso básico de gestão de riscos corporativos,"O curso Básico de Gestão de Riscos Corporativos tem como objetivo capacitar profissionais a identificar, analisar e gerenciar riscos organizacionais de acordo com os principais frameworks e normas internacionais. Com uma abordagem teórica, o curso abordará:
Conceitos fundamentais de gestão de riscos corporativos
Estrutura e princípios da ISO 31000 (2009)
Diretrizes da IN CGU nº 01/16
Modelo COSO-ERM (2004)
Implementação de controles internos e compliance
Destinado a gestores, auditores, profissionais de compliance e controle interno, e interessados em governança corporativa.
Ao final, os participantes estarão aptos a:
Identificar e classificar riscos corporativos
Aplicar os principais frameworks de gestão de riscos
Desenvolver planos de ação para mitigação de riscos
Implementar controles internos eficazes
Para conclusão, não há pré-requisitos formais, mas recomenda-se experiência básica em ambientes corporativos.",20,"[""7a8fc826-b1a6-4d1a-854d-9782c417ee0f""]","[""Gestão da qualidade""]","[""Conduzir a área de gestão encarregada de padronizar boas práticas processuais, no âmbito do paradigma da qualidade; gerando serviços internos ou externos seguros e confiáveis, de acordo com indicadores pré-estabelecidos em termos de legislação vigente e padrões de qualidade aplicáveis.""]","[""b47333be-1c80-40a9-a93d-9bbc4d7e4677""]","[""Gestão de Resultados""]","[""6152c8bb-1632-42f0-9599-919b6bf15ecb"", ""85f646ca-67c5-439c-8cc1-df4fed9e0ae7""]","[""Entender"", ""Lembrar""]","[""Gestão da qualidade""]","Curso básico de gestão de riscos corporativos O curso Básico de Gestão de Riscos Corporativos tem como objetivo capacitar profissionais a identificar, analisar e gerenciar riscos organizacionais de acordo com os principais frameworks e normas internacionais. Com uma abordagem teórica, o curso abordará:
Conceitos fundamentais de gestão de riscos corporativos
Estrutura e princípios da ISO 31000 (2009)
Diretrizes da IN CGU nº 01/16
Modelo COSO-ERM (2004)
Implementação de controles internos e compliance
Destinado a gestores, auditores, profissionais de compliance e controle interno, e interessados em governança corporativa.
Ao final, os participantes estarão aptos a:
Identificar e classificar riscos corporativos
Aplicar os principais frameworks de gestão de riscos
Desenvolver planos de ação para mitigação de riscos
Implementar controles internos eficazes
Para conclusão, não há pré-requisitos formais, mas recomenda-se experiência básica em ambientes corporativos."
e45f7f45-d024-4489-97a6-2863f3b4c670,Trabalho Remoto e Teletrabalho,"O trabalho remoto já é uma realidade, pensando nisso, a Enap e a Endeavor prepararam este curso para apresentar diversas estratégias e dicas que facilitam o seu dia a dia, a organização do trabalho individual e do trabalho em equipe. Quer saber mais? Você pode ser inscrever neste curso gratuito e aberto na EVG, assistir o vídeo do GNPapo promovido pelo laboratório de inovação da Enap, disponível com acesso livre em ""Conteúdo Relacionado"" ou, ainda, acessar a página da Campanha #contecomigo #suavizeacurva que é uma iniciativa da Secretaria de Gestão e Desempenho de Pessoal (SGP).",10,"[""432c5350-bdb8-4e22-b7a4-0417e9cfa8f4""]","[""Gestão do desenvolvimento de pessoas""]","[""Forjar um ambiente de trabalho em que os interesses de equipes e indivíduos se harmonizem com os objetivos e resultados da organização, gerando oportunidades de aprendizado e desenvolvimento, bem como incentivos para reforçar o desempenho excepcional.""]","[""b47333be-1c80-40a9-a93d-9bbc4d7e4677""]","[""Gestão de Resultados""]","[""6152c8bb-1632-42f0-9599-919b6bf15ecb"", ""85f646ca-67c5-439c-8cc1-df4fed9e0ae7""]","[""Entender"", ""Lembrar""]","[""Gestão do desenvolvimento de pessoas""]","Trabalho Remoto e Teletrabalho O trabalho remoto já é uma realidade, pensando nisso, a Enap e a Endeavor prepararam este curso para apresentar diversas estratégias e dicas que facilitam o seu dia a dia, a organização do trabalho individual e do trabalho em equipe. Quer saber mais? Você pode ser inscrever neste curso gratuito e aberto na EVG, assistir o vídeo do GNPapo promovido pelo laboratório de inovação da Enap, disponível com acesso livre em ""Conteúdo Relacionado"" ou, ainda, acessar a página da Campanha #contecomigo #suavizeacurva que é uma iniciativa da Secretaria de Gestão e Desempenho de Pessoal (SGP)."
e4a58e87-5332-4337-9c77-bd3ec2546d4d,A valorização da cultura afro-brasileira na sala de aula,"Este curso tem como objetivo promover a formação sobre relações étnico-raciais no Brasil, com ênfase na valorização da cultura afro-brasileira no ambiente educacional. Alinhado à Portaria Normativa nº 4, de 06 de abril de 2018, que regulamenta os procedimentos de heteroidentificação em concursos públicos, o curso busca contribuir para a implementação de práticas pedagógicas inclusivas e antirracistas.

Serão abordados temas essenciais para a compreensão da importância da cultura afro-brasileira na educação, incluindo estratégias didáticas para sua incorporação no currículo escolar, o combate ao racismo estrutural e o papel do educador na promoção da equidade.

Modalidade:
Curso autoinstrucional, composto exclusivamente por videoaulas, sem disponibilização de materiais complementares.",20,"[""161fd267-d68a-4f88-925c-8082f17fb8b2"", ""432c5350-bdb8-4e22-b7a4-0417e9cfa8f4"", ""6815ce74-37f5-40d0-ac92-285d0c126ee9""]","[""Acessibilidade e inclusão - Docente"", ""Gestão do desenvolvimento de pessoas"", ""Promoção da Inclusão e Acessibilidade""]","[""Forjar um ambiente de trabalho em que os interesses de equipes e indivíduos se harmonizem com os objetivos e resultados da organização, gerando oportunidades de aprendizado e desenvolvimento, bem como incentivos para reforçar o desempenho excepcional."", ""Garantir acessibilidade a recursos e atividades de aprendizagem para todos os(as) estudantes, incluindo os que têm necessidades especiais. Ter em consideração e dar resposta às expetativas, capacidades, usos e conceções errôneas (digitais) dos(as) estudantes, bem como ao uso contextual, físico e cognitivo que fazem das tecnologias digitais."", ""Planejar, implementar e/ou monitorar políticas institucionais, educacionais e administrativas que garantam a inclusão de pessoas com deficiência, assegurando o cumprimento da legislação vigente, especialmente a Lei Brasileira de Inclusão (LBI). Além disso, prestar atendimento adequado, promovendo ambientes e práticas acessíveis, equitativos e livres de barreiras físicas, tecnológicas, pedagógicas, comunicacionais e atitudinais.""]","[""27ccdc3f-64d6-4748-960b-171e9c804d23"", ""b47333be-1c80-40a9-a93d-9bbc4d7e4677"", ""c7be7c48-c417-4dec-b203-34ddedba7507""]","[""Capacitação dos(as) Estudantes"", ""Gestão de Resultados"", ""Transversais""]","[""6152c8bb-1632-42f0-9599-919b6bf15ecb"", ""dcd7e78d-25ed-4a16-9229-39773b4f6b3d""]","[""Analisar"", ""Entender""]","[""Acessibilidade e inclusão - Docente"", ""Gestão do desenvolvimento de pessoas"", ""Promoção da Inclusão e Acessibilidade""]","A valorização da cultura afro-brasileira na sala de aula Este curso tem como objetivo promover a formação sobre relações étnico-raciais no Brasil, com ênfase na valorização da cultura afro-brasileira no ambiente educacional. Alinhado à Portaria Normativa nº 4, de 06 de abril de 2018, que regulamenta os procedimentos de heteroidentificação em concursos públicos, o curso busca contribuir para a implementação de práticas pedagógicas inclusivas e antirracistas.

Serão abordados temas essenciais para a compreensão da importância da cultura afro-brasileira na educação, incluindo estratégias didáticas para sua incorporação no currículo escolar, o combate ao racismo estrutural e o papel do educador na promoção da equidade.

Modalidade:
Curso autoinstrucional, composto exclusivamente por videoaulas, sem disponibilização de materiais complementares."
e52c3812-d3c0-462b-9fc5-72682ed5dda3,Tradutor Intérprete de Libras: Prática e Formação Profissional,Tradutor Intérprete de Libras: Prática e Formação Profissional,30,"[""161fd267-d68a-4f88-925c-8082f17fb8b2""]","[""Acessibilidade e inclusão - Docente""]","[""Garantir acessibilidade a recursos e atividades de aprendizagem para todos os(as) estudantes, incluindo os que têm necessidades especiais. Ter em consideração e dar resposta às expetativas, capacidades, usos e conceções errôneas (digitais) dos(as) estudantes, bem como ao uso contextual, físico e cognitivo que fazem das tecnologias digitais.""]","[""c7be7c48-c417-4dec-b203-34ddedba7507""]","[""Capacitação dos(as) Estudantes""]","[""6152c8bb-1632-42f0-9599-919b6bf15ecb"", ""7b16819f-cb8a-406d-9ab9-a335a50143cb"", ""85f646ca-67c5-439c-8cc1-df4fed9e0ae7"", ""dcd7e78d-25ed-4a16-9229-39773b4f6b3d""]","[""Analisar"", ""Aplicar"", ""Entender"", ""Lembrar""]","[""Acessibilidade e inclusão - Docente""]",Tradutor Intérprete de Libras: Prática e Formação Profissional Tradutor Intérprete de Libras: Prática e Formação Profissional
e58d8903-194a-46fe-ac65-96c718b04871,Libras I,"Este curso apresenta a Libras de forma básica e introdutória, de modo que o aluno tenha acesso aos primeiros passos para a comunicação em Libras. Abordaremos pontos que tratam da cultura e identidade surdas e a sinalização em si, além de estratégias de comunicação que auxiliam no contato entre surdos e ouvintes.",40,"[""45d29970-ecb3-4e4a-b57b-4850c9b6d98f""]","[""Comunicação efetiva""]","[""Estabelecer comunicação efetiva e positiva com superiores hierárquicos, pares e cidadãos, tanto na expressão escrita e verbal quanto corporal.""]","[""4a2cf0b1-98dd-4bff-adc0-898f32e7b857""]","[""Orientação a Resultados""]","[""6152c8bb-1632-42f0-9599-919b6bf15ecb"", ""7b16819f-cb8a-406d-9ab9-a335a50143cb"", ""85f646ca-67c5-439c-8cc1-df4fed9e0ae7""]","[""Aplicar"", ""Entender"", ""Lembrar""]","[""Comunicação efetiva""]","Libras I Este curso apresenta a Libras de forma básica e introdutória, de modo que o aluno tenha acesso aos primeiros passos para a comunicação em Libras. Abordaremos pontos que tratam da cultura e identidade surdas e a sinalização em si, além de estratégias de comunicação que auxiliam no contato entre surdos e ouvintes."
e6182784-3046-466f-9ec5-a12acd71829e,Fundamentos da Lei Geral de Proteção de Dados,"O curso foi desenvolvido com foco na apresentação de conceitos gerais da LGPD e nos impactos desta Lei em processos rotineiros de pessoas e empresas. Também pretende-se fomentar o debate sobre a proteção de dados pessoais e a segurança da informação, em face das bases legais existentes.",15,"[""20e05dca-55d6-4609-ade9-a774c1362b62"", ""2e82da93-1754-4c16-8932-4ecd7695c246"", ""694f836a-0a94-4039-b309-1ff7b55da325"", ""6a6c1fb3-6126-406e-80b1-fd587d3b5a25"", ""74347817-89b5-47e7-9c5d-6c07c69690fa"", ""7da372c6-cd33-423c-b365-dff0fd5faa8f"", ""93a78bdb-6f5f-4a1a-a012-82eb8b9db4d8"", ""c384e3a1-5506-4ceb-a72e-b3c73a105ae1"", ""c769606e-9f97-4fab-b9c9-51eb99e3bd44""]","[""Desenvolvimento Profissional Contínuo (DPC) digital"", ""Gerenciamento digital"", ""Gestão, proteção e compartilhamento"", ""Literacia da informação e das mídias"", ""Mentalidade Digital"", ""Orientação ao cidadão"", ""Resolução de problemas digitais"", ""Tomada de decisão para gestores"", ""Uso responsável""]","[""Adotar e informar decisões prévias, explorando alternativas para minimizar custos e aumentar as vantagens para a organização na questão que for decidida."", ""Capacidade de integrar as tecnologias digitais com: os modelos de gestão; os processos de tomada de decisão e geração de produtos e serviços; e os\nmeios de comunicação interna, externa e de relacionamento com usuários."", ""Conduzir e organizar o atendimento aos cidadãos, com mecanismos acessíveis, linguagem inteligível e procedimentos ágeis voltados à satisfação de procedimentos, reclamações, dúvidas e propostas. Quantificar, através de indicadores pré-estabelecidos, o grau de satisfação com os resultados gerenciais e a qualidade da resolução de conflitos e reclamações."", ""Incorporar atividades, tarefas e avaliações de aprendizagem que requeiram que os(as) estudantes articulem necessidades de informação; encontrem informação e recursos em ambientes digitais; organizem, processem, analisem e interpretem informação; e comparem e avaliem criticamente a credibilidade e a fiabilidade da informação e das suas fontes."", ""Incorporar atividades, tarefas e avaliações de aprendizagem que requeiram que os(as) estudantes identifiquem e resolvam problemas técnicos ou transfiram criativamente conhecimento tecnológico para novas situações."", ""Organizar conteúdo digital e disponibilizá-lo aos(às) estudantes, pais ou responsáveis e outros educadores. Proteger eficazmente conteúdo digital sensível. Respeitar e aplicar corretamente regras de privacidade e de direitos de autor. Compreender a utilização e criação de licenças abertas e de recursos educacionais abertos, incluindo a sua atribuição apropriada."", ""Reconhecer efetivamente o direito dos cidadãos à informação pública e à interação com serviços no ambiente digital, garantindo canais efetivos para requisição de serviços, pedidos, consultas, procedimentos, acompanhamento e resolução remotos."", ""Tomar medidas que garantam o bem-estar físico, psicológico e social dos(as) estudantes enquanto usam tecnologias digitais. Capacitar os(as) estudantes para gerir\nriscos e usar tecnologias digitais de forma segura e responsável."", ""Usar fontes e recursos digitais para desenvolvimento profissional contínuo.""]","[""05ac4a5c-019d-4ec7-83cc-12ca141322fa"", ""27ccdc3f-64d6-4748-960b-171e9c804d23"", ""514d5868-5f15-4ce9-b74a-d14f5310b54e"", ""5a224ac7-f165-4900-971c-f82f2684f779"", ""690c731c-31f8-46f6-94f6-94d952223a08"", ""7d566976-b00c-4aa7-aa67-d94656c8db8c"", ""b47333be-1c80-40a9-a93d-9bbc4d7e4677""]","[""Envolvimento Profissional"", ""Gestão de Mudanças"", ""Gestão de Relacionamentos"", ""Gestão de Resultados"", ""Promoção da Competência Digital dos(as) Estudantes"", ""Recursos Digitais"", ""Transversais""]","[""6152c8bb-1632-42f0-9599-919b6bf15ecb"", ""85f646ca-67c5-439c-8cc1-df4fed9e0ae7"", ""dcd7e78d-25ed-4a16-9229-39773b4f6b3d"", ""e10b37a4-2e66-4a5b-bd09-815dc7a45fff""]","[""Analisar"", ""Avaliar"", ""Entender"", ""Lembrar""]","[""Desenvolvimento Profissional Contínuo (DPC) digital"", ""Gerenciamento digital"", ""Gestão, proteção e compartilhamento"", ""Literacia da informação e das mídias"", ""Mentalidade Digital"", ""Orientação ao cidadão"", ""Resolução de problemas digitais"", ""Tomada de decisão para gestores"", ""Uso responsável""]","Fundamentos da Lei Geral de Proteção de Dados O curso foi desenvolvido com foco na apresentação de conceitos gerais da LGPD e nos impactos desta Lei em processos rotineiros de pessoas e empresas. Também pretende-se fomentar o debate sobre a proteção de dados pessoais e a segurança da informação, em face das bases legais existentes."
e62f9833-0b61-4dfa-a925-30adcd8a8860,Gestão de Equipes em Trabalho Remoto,"Este curso apresenta diversas contribuições para a gestão de equipes em trabalho remoto. O conteúdo traz dicas e ferramentas interessantes, além de abordar pontos importantes relacionados à gestão de pessoas. Trata-se de um curso necessário, criado a partir dos desafios que afetaram as instituições nos últimos tempos. Que tal conhecer um pouco mais desse assunto? Inscreva-se.",20,"[""0accb9d5-dbd1-483f-ab2a-ee0ca1c22de4"", ""1c596a8d-dff3-46ca-a684-8eb59b20800c"", ""20e05dca-55d6-4609-ade9-a774c1362b62"", ""d766e5b6-9c57-4a3a-92cb-4ff0687ad701""]","[""Gestão do trabalho em equipe"", ""Liderança eficaz"", ""Mentalidade Digital"", ""Planejamento""]","[""Capacidade de integrar as tecnologias digitais com: os modelos de gestão; os processos de tomada de decisão e geração de produtos e serviços; e os\nmeios de comunicação interna, externa e de relacionamento com usuários."", ""Criar e participar de equipes de trabalho para promover um ambiente produtivo e aprimorar habilidades diferenciadas entre as pessoas; compartilhando recursos e informações para alcançar melhores resultados."", ""Dirigir equipes, otimizando a aplicação de talentos disponíveis e criando um ambiente positivo e comprometido para a obtenção de resultados."", ""Identificar problemas prioritários e oportunidades de sua unidade para projetar planos, programas ou projetos que prefixam objetivos, atividades, recursos, custos, cronogramas, responsáveis e indicadores de progresso, resultados e impacto.""]","[""27ccdc3f-64d6-4748-960b-171e9c804d23"", ""514d5868-5f15-4ce9-b74a-d14f5310b54e"", ""b47333be-1c80-40a9-a93d-9bbc4d7e4677""]","[""Gestão de Relacionamentos"", ""Gestão de Resultados"", ""Transversais""]","[""6152c8bb-1632-42f0-9599-919b6bf15ecb"", ""e10b37a4-2e66-4a5b-bd09-815dc7a45fff""]","[""Avaliar"", ""Entender""]","[""Gestão do trabalho em equipe"", ""Liderança eficaz"", ""Mentalidade Digital"", ""Planejamento""]","Gestão de Equipes em Trabalho Remoto Este curso apresenta diversas contribuições para a gestão de equipes em trabalho remoto. O conteúdo traz dicas e ferramentas interessantes, além de abordar pontos importantes relacionados à gestão de pessoas. Trata-se de um curso necessário, criado a partir dos desafios que afetaram as instituições nos últimos tempos. Que tal conhecer um pouco mais desse assunto? Inscreva-se."
e716d7d7-97bd-4131-9cd0-c7948bd787b2,Educação Brasileira,"O curso Educação Brasileira tem como objetivo oferecer uma compreensão abrangente sobre a estrutura, os desafios e as políticas do sistema educacional brasileiro, capacitando os participantes para atuarem de forma crítica e informada nesse contexto. Com uma abordagem teórica, o curso abordará:
Conceitos fundamentais da educação no Brasil;
Políticas públicas e legislação educacional vigente;
Gestão escolar e documentos normativos;
O papel da escola na sociedade contemporânea.
Destinado a educadores, gestores escolares, estudantes de pedagogia e áreas afins, além de interessados em políticas educacionais.
Ao final, os participantes estarão aptos a:
Compreender a estrutura e os marcos legais da educação brasileira;
Analisar criticamente políticas públicas educacionais;
Aplicar conhecimentos sobre gestão e documentos escolares em sua prática profissional.
Pré-requisitos:
Não há exigência de formação específica, mas recomenda-se interesse ou experiência prévia em educação.",60,"[""3062277b-4218-4f2b-8645-90ba3651fc52"", ""e4f31519-2fad-4fe8-b476-5da4715a16e9""]","[""Ensino"", ""Orientação""]","[""Planificar e implementar dispositivos e recursos digitais no processo de ensino, de modo a melhorar a eficácia das intervenções pedagógicas. Gerir e orquestrar  adequadamente estratégias de ensino digital. Experimentar e desenvolver novos formatos e métodos pedagógicos para o ensino."", ""Usar tecnologias e serviços digitais para melhorar a interação com os(as) estudantes,individual e coletivamente, dentro e fora da sessão de aprendizagem. Usar tecnologias digitais para proporcionar orientação e assistência oportuna e dirigida. Experimentar e desenvolver novas formas e formatos para oferecer orientação e apoio.""]","[""cac54f5d-834c-499c-bf8d-e549fa3828af""]","[""Ensino e Aprendizagem""]","[""6152c8bb-1632-42f0-9599-919b6bf15ecb"", ""7b16819f-cb8a-406d-9ab9-a335a50143cb"", ""85f646ca-67c5-439c-8cc1-df4fed9e0ae7""]","[""Aplicar"", ""Entender"", ""Lembrar""]","[""Ensino"", ""Orientação""]","Educação Brasileira O curso Educação Brasileira tem como objetivo oferecer uma compreensão abrangente sobre a estrutura, os desafios e as políticas do sistema educacional brasileiro, capacitando os participantes para atuarem de forma crítica e informada nesse contexto. Com uma abordagem teórica, o curso abordará:
Conceitos fundamentais da educação no Brasil;
Políticas públicas e legislação educacional vigente;
Gestão escolar e documentos normativos;
O papel da escola na sociedade contemporânea.
Destinado a educadores, gestores escolares, estudantes de pedagogia e áreas afins, além de interessados em políticas educacionais.
Ao final, os participantes estarão aptos a:
Compreender a estrutura e os marcos legais da educação brasileira;
Analisar criticamente políticas públicas educacionais;
Aplicar conhecimentos sobre gestão e documentos escolares em sua prática profissional.
Pré-requisitos:
Não há exigência de formação específica, mas recomenda-se interesse ou experiência prévia em educação."
e7ffb43a-d2d3-4720-a4ea-56f271748f39,Cotas raciais e ações afirmativas,"O curso Cotas Raciais e Ações Afirmativas tem como objetivo promover a compreensão crítica das políticas de cotas raciais no Brasil, analisando seu fundamento jurídico, histórico e social a partir de uma perspectiva antirracista.
Com uma abordagem teórico-reflexiva, o curso abordará:
Conceitos fundamentais sobre ações afirmativas e equidade racial;
A hermenêutica jurídica antirracista e sua aplicação nas políticas de cotas;
O contexto histórico e os impactos sociais das cotas raciais no Brasil;
Argumentos jurídicos e sociais que sustentam essas políticas.
Destinado a estudantes, profissionais do Direito, gestores públicos, militantes do movimento negro e interessados em justiça social, o conteúdo é baseado em videoaulas expositivas, sem materiais complementares adicionais.
Ao final, os participantes estarão aptos a:
Compreender as cotas raciais como instrumento de reparação histórica e promoção da igualdade;
Analisar criticamente os debates jurídicos e sociais sobre o tema;
Argumentar de forma fundamentada em defesa das políticas afirmativas.
Para conclusão, não há pré-requisitos, mas recomenda-se interesse prévio no tema para melhor aproveitamento.",20,"[""161fd267-d68a-4f88-925c-8082f17fb8b2""]","[""Acessibilidade e inclusão - Docente""]","[""Garantir acessibilidade a recursos e atividades de aprendizagem para todos os(as) estudantes, incluindo os que têm necessidades especiais. Ter em consideração e dar resposta às expetativas, capacidades, usos e conceções errôneas (digitais) dos(as) estudantes, bem como ao uso contextual, físico e cognitivo que fazem das tecnologias digitais.""]","[""c7be7c48-c417-4dec-b203-34ddedba7507""]","[""Capacitação dos(as) Estudantes""]","[""6152c8bb-1632-42f0-9599-919b6bf15ecb""]","[""Entender""]","[""Acessibilidade e inclusão - Docente""]","Cotas raciais e ações afirmativas O curso Cotas Raciais e Ações Afirmativas tem como objetivo promover a compreensão crítica das políticas de cotas raciais no Brasil, analisando seu fundamento jurídico, histórico e social a partir de uma perspectiva antirracista.
Com uma abordagem teórico-reflexiva, o curso abordará:
Conceitos fundamentais sobre ações afirmativas e equidade racial;
A hermenêutica jurídica antirracista e sua aplicação nas políticas de cotas;
O contexto histórico e os impactos sociais das cotas raciais no Brasil;
Argumentos jurídicos e sociais que sustentam essas políticas.
Destinado a estudantes, profissionais do Direito, gestores públicos, militantes do movimento negro e interessados em justiça social, o conteúdo é baseado em videoaulas expositivas, sem materiais complementares adicionais.
Ao final, os participantes estarão aptos a:
Compreender as cotas raciais como instrumento de reparação histórica e promoção da igualdade;
Analisar criticamente os debates jurídicos e sociais sobre o tema;
Argumentar de forma fundamentada em defesa das políticas afirmativas.
Para conclusão, não há pré-requisitos, mas recomenda-se interesse prévio no tema para melhor aproveitamento."
e8965a18-1171-457a-b96b-10689a55b9a3,Educação Inclusiva: Introdução ao Transtorno do Espectro Autista (TEA),"Introdução e História do Transtorno do Espectro Autista (TEA). Definição e conceitos do processo de inclusão para discentes com TEA e o papel do docente durante esse processo. Identificação de materiais didáticos e metodologias de ensino e aprendizagem.
O objetivo geral deste curso constitui-se em fornecer uma base para que os educadores principalmente das escolas públicas possuam as informações básicas para trabalhar com estudantes com TEA.
Conhecer aspectos introdutórios sobre o Transtorno do espectro autista (TEA), assim como um pouco da sua história. Pontuar conceitos para a inclusão de estudantes com TEA e o papel do professor nesse processo. Identificar alguns dos materiais didáticos e metodologias de ensino e mais conhecidas para estudantes com TEA.",30,"[""161fd267-d68a-4f88-925c-8082f17fb8b2"", ""432c5350-bdb8-4e22-b7a4-0417e9cfa8f4"", ""bf6ee8ab-b64b-48fb-ad5a-738548fc2302"", ""e4f31519-2fad-4fe8-b476-5da4715a16e9""]","[""Acessibilidade e inclusão - Docente"", ""Diferenciação e personalização"", ""Ensino"", ""Gestão do desenvolvimento de pessoas""]","["" \n \t\nUsar tecnologias digitais para atender às diversas necessidades de aprendizagem dos(as) estudantes, permitindo que estes progridam a diferentes níveis e velocidades e sigam caminhos e objetivos de aprendizagem individuais."", ""Forjar um ambiente de trabalho em que os interesses de equipes e indivíduos se harmonizem com os objetivos e resultados da organização, gerando oportunidades de aprendizado e desenvolvimento, bem como incentivos para reforçar o desempenho excepcional."", ""Garantir acessibilidade a recursos e atividades de aprendizagem para todos os(as) estudantes, incluindo os que têm necessidades especiais. Ter em consideração e dar resposta às expetativas, capacidades, usos e conceções errôneas (digitais) dos(as) estudantes, bem como ao uso contextual, físico e cognitivo que fazem das tecnologias digitais."", ""Planificar e implementar dispositivos e recursos digitais no processo de ensino, de modo a melhorar a eficácia das intervenções pedagógicas. Gerir e orquestrar  adequadamente estratégias de ensino digital. Experimentar e desenvolver novos formatos e métodos pedagógicos para o ensino.""]","[""b47333be-1c80-40a9-a93d-9bbc4d7e4677"", ""c7be7c48-c417-4dec-b203-34ddedba7507"", ""cac54f5d-834c-499c-bf8d-e549fa3828af""]","[""Capacitação dos(as) Estudantes"", ""Ensino e Aprendizagem"", ""Gestão de Resultados""]","[""6152c8bb-1632-42f0-9599-919b6bf15ecb"", ""85f646ca-67c5-439c-8cc1-df4fed9e0ae7""]","[""Entender"", ""Lembrar""]","[""Acessibilidade e inclusão - Docente"", ""Diferenciação e personalização"", ""Ensino"", ""Gestão do desenvolvimento de pessoas""]","Educação Inclusiva: Introdução ao Transtorno do Espectro Autista (TEA) Introdução e História do Transtorno do Espectro Autista (TEA). Definição e conceitos do processo de inclusão para discentes com TEA e o papel do docente durante esse processo. Identificação de materiais didáticos e metodologias de ensino e aprendizagem.
O objetivo geral deste curso constitui-se em fornecer uma base para que os educadores principalmente das escolas públicas possuam as informações básicas para trabalhar com estudantes com TEA.
Conhecer aspectos introdutórios sobre o Transtorno do espectro autista (TEA), assim como um pouco da sua história. Pontuar conceitos para a inclusão de estudantes com TEA e o papel do professor nesse processo. Identificar alguns dos materiais didáticos e metodologias de ensino e mais conhecidas para estudantes com TEA."
e8dc7d47-a5ac-4ae5-981e-fd10a19447ba,Multimídia Educacional Colaborativa,"Conhecer conceitos sobre multimídia colaborativa, em especial, mídias consideravelmente relevantes no processo de aprendizagem como ferramentas digitais midiática, produção digital, conceito midiático colaborativo e ensino educacional. Apresentar tecnologias que permitam atualizar e preparar usuários para criarem mídias digitais e apresentações com interface gráficas. Apresentar recurso midiático educacional colaborativo. Discutir a utilização dos recursos multimídia no ensino-aprendizagem.",30,"[""5a036b8e-1546-48ea-a616-2890f9904d4c"", ""e4f31519-2fad-4fe8-b476-5da4715a16e9""]","[""Aprendizagem colaborativa"", ""Ensino""]","[""Planificar e implementar dispositivos e recursos digitais no processo de ensino, de modo a melhorar a eficácia das intervenções pedagógicas. Gerir e orquestrar  adequadamente estratégias de ensino digital. Experimentar e desenvolver novos formatos e métodos pedagógicos para o ensino."", ""Usar tecnologias digitais para promover e melhorar a colaboração do(a) estudante. Permitir que os(as) estudantes usem tecnologias digitais enquanto parte de tarefas colaborativas, como meio de melhorar a comunicação, a colaboração e a criação colaborativa de conhecimento.""]","[""cac54f5d-834c-499c-bf8d-e549fa3828af""]","[""Ensino e Aprendizagem""]","[""6152c8bb-1632-42f0-9599-919b6bf15ecb"", ""85f646ca-67c5-439c-8cc1-df4fed9e0ae7""]","[""Entender"", ""Lembrar""]","[""Aprendizagem colaborativa"", ""Ensino""]","Multimídia Educacional Colaborativa Conhecer conceitos sobre multimídia colaborativa, em especial, mídias consideravelmente relevantes no processo de aprendizagem como ferramentas digitais midiática, produção digital, conceito midiático colaborativo e ensino educacional. Apresentar tecnologias que permitam atualizar e preparar usuários para criarem mídias digitais e apresentações com interface gráficas. Apresentar recurso midiático educacional colaborativo. Discutir a utilização dos recursos multimídia no ensino-aprendizagem."
e971d1b4-7e46-4488-8080-82ef3b0ec653,Introdução ao Excel,"Neste curso, você conhecerá as funcionalidades básicas do Excel para aplicá-las na resolução de problemas básicos de cálculos, a partir da utilização de fórmulas e funções básicas até a formatação de planilhas, gráficos e da classificação e apresentação de dados.",25,"[""4c081af1-b613-4465-b989-2a4b09d76e0e"", ""b30f6b99-0189-4c80-8977-bd7cf269ab8e""]","[""Gestão para resultados"", ""Uso de TIC""]","[""Otimizar o uso das tecnologias de informação e comunicação disponíveis, em seu efetivo potencial, para melhorar seu desempenho.""]","[""2537d1c9-05a8-469c-9f2e-39ca7a5ca85e"", ""27ccdc3f-64d6-4748-960b-171e9c804d23"", ""2ee0fd18-5e3b-4fa1-b293-5b39634f0430"", ""4a2cf0b1-98dd-4bff-adc0-898f32e7b857""]","[""Competência de Liderança - Estratégia"", ""Competências de Liderança - Resultados"", ""Orientação a Resultados"", ""Transversais""]","[""6152c8bb-1632-42f0-9599-919b6bf15ecb"", ""7b16819f-cb8a-406d-9ab9-a335a50143cb"", ""dcd7e78d-25ed-4a16-9229-39773b4f6b3d""]","[""Analisar"", ""Aplicar"", ""Entender""]","[""Gestão para resultados"", ""Uso de TIC""]","Introdução ao Excel Neste curso, você conhecerá as funcionalidades básicas do Excel para aplicá-las na resolução de problemas básicos de cálculos, a partir da utilização de fórmulas e funções básicas até a formatação de planilhas, gráficos e da classificação e apresentação de dados."
ed0a5e57-60e6-4fec-84a6-d8acd6080468,Libras para professores,Conhecendo o universo dos surdos; Conhecimento para atuação em sala de aula; Introdução básica para comunicação em Libras professor - aluno.,40,"[""161fd267-d68a-4f88-925c-8082f17fb8b2"", ""bf6ee8ab-b64b-48fb-ad5a-738548fc2302""]","[""Acessibilidade e inclusão - Docente"", ""Diferenciação e personalização""]","["" \n \t\nUsar tecnologias digitais para atender às diversas necessidades de aprendizagem dos(as) estudantes, permitindo que estes progridam a diferentes níveis e velocidades e sigam caminhos e objetivos de aprendizagem individuais."", ""Garantir acessibilidade a recursos e atividades de aprendizagem para todos os(as) estudantes, incluindo os que têm necessidades especiais. Ter em consideração e dar resposta às expetativas, capacidades, usos e conceções errôneas (digitais) dos(as) estudantes, bem como ao uso contextual, físico e cognitivo que fazem das tecnologias digitais.""]","[""c7be7c48-c417-4dec-b203-34ddedba7507""]","[""Capacitação dos(as) Estudantes""]","[""6152c8bb-1632-42f0-9599-919b6bf15ecb"", ""7b16819f-cb8a-406d-9ab9-a335a50143cb"", ""85f646ca-67c5-439c-8cc1-df4fed9e0ae7""]","[""Aplicar"", ""Entender"", ""Lembrar""]","[""Acessibilidade e inclusão - Docente"", ""Diferenciação e personalização""]",Libras para professores Conhecendo o universo dos surdos; Conhecimento para atuação em sala de aula; Introdução básica para comunicação em Libras professor - aluno.
ed0ab569-7171-4ca5-ad04-b9dd0ceb23cd,Educação Financeira,"O curso Educação Financeira tem como objetivo capacitar participantes a gerenciarem suas finanças pessoais de forma eficiente, compreender os princípios de investimento e desenvolver estratégias para alcançar segurança financeira. Com uma abordagem prática e aplicada, o curso abordará organização de orçamento doméstico, controle de gastos, formação de reservas financeiras, fundamentos de investimentos e estratégias para geração de renda complementar.
Destinado a pessoas interessadas em melhorar sua saúde financeira, jovens adultos iniciando sua vida financeira, pequenos empreendedores e qualquer cidadão que deseje tomar decisões financeiras mais conscientes. Ao final, os participantes estarão aptos a elaborar um planejamento financeiro pessoal, identificar oportunidades de investimento adequadas ao seu perfil, evitar armadilhas financeiras e implementar hábitos de consumo mais conscientes. Para conclusão, não há pré-requisitos formais - o curso foi desenvolvido para atender desde iniciantes até quem deseja aprimorar seus conhecimentos financeiros básicos.",20,"[""0accb9d5-dbd1-483f-ab2a-ee0ca1c22de4"", ""49c18cc9-d9c1-4c6c-a72b-a064e0e6e3eb"", ""7da372c6-cd33-423c-b365-dff0fd5faa8f""]","[""Foco nos resultados para os cidadãos"", ""Orientação ao cidadão"", ""Planejamento""]","[""Capacidade de superar o desempenho padrão e apresentar soluções alinhadas\nao cumprimento de metas e ao alcance dos objetivos estratégicos das organizações públicas para garantir o atendimento das necessidades dos usuários e dos cidadãos."", ""Conduzir e organizar o atendimento aos cidadãos, com mecanismos acessíveis, linguagem inteligível e procedimentos ágeis voltados à satisfação de procedimentos, reclamações, dúvidas e propostas. Quantificar, através de indicadores pré-estabelecidos, o grau de satisfação com os resultados gerenciais e a qualidade da resolução de conflitos e reclamações."", ""Identificar problemas prioritários e oportunidades de sua unidade para projetar planos, programas ou projetos que prefixam objetivos, atividades, recursos, custos, cronogramas, responsáveis e indicadores de progresso, resultados e impacto.""]","[""27ccdc3f-64d6-4748-960b-171e9c804d23"", ""514d5868-5f15-4ce9-b74a-d14f5310b54e"", ""b47333be-1c80-40a9-a93d-9bbc4d7e4677""]","[""Gestão de Relacionamentos"", ""Gestão de Resultados"", ""Transversais""]","[""0f4140d5-313e-48ae-a953-f88e8e798a29"", ""6152c8bb-1632-42f0-9599-919b6bf15ecb"", ""7b16819f-cb8a-406d-9ab9-a335a50143cb""]","[""Aplicar"", ""Criar"", ""Entender""]","[""Foco nos resultados para os cidadãos"", ""Orientação ao cidadão"", ""Planejamento""]","Educação Financeira O curso Educação Financeira tem como objetivo capacitar participantes a gerenciarem suas finanças pessoais de forma eficiente, compreender os princípios de investimento e desenvolver estratégias para alcançar segurança financeira. Com uma abordagem prática e aplicada, o curso abordará organização de orçamento doméstico, controle de gastos, formação de reservas financeiras, fundamentos de investimentos e estratégias para geração de renda complementar.
Destinado a pessoas interessadas em melhorar sua saúde financeira, jovens adultos iniciando sua vida financeira, pequenos empreendedores e qualquer cidadão que deseje tomar decisões financeiras mais conscientes. Ao final, os participantes estarão aptos a elaborar um planejamento financeiro pessoal, identificar oportunidades de investimento adequadas ao seu perfil, evitar armadilhas financeiras e implementar hábitos de consumo mais conscientes. Para conclusão, não há pré-requisitos formais - o curso foi desenvolvido para atender desde iniciantes até quem deseja aprimorar seus conhecimentos financeiros básicos."
ed5d435b-b5e0-4f06-9c63-b597963e2733,Criando uma Estratégia Organizacional Ágil em uma Organização Pública,O curso Criando uma Estratégia Organizacional Ágil em uma Organização Pública é uma formação aberta e autoinstrucional focada na apresentação de opções e caminhos para a implantação de práticas de gestão ágil no setor público. O público-alvo desta formação são servidores da Rede Federal de Educação Profissional e Tecnológica que estejam ocupando cargos de gestão em suas instituições. Carga horária de 30h.,30,"[""0accb9d5-dbd1-483f-ab2a-ee0ca1c22de4"", ""4667ae96-35b0-435a-87f5-e21af9c1086d"", ""494c1fac-1723-4cfb-b8ee-4e6472ae59c7"", ""4be87cc2-7a58-4885-8970-8f49249d43d5"", ""c2ec6e9a-e945-4168-b151-408d1f929935"", ""c769606e-9f97-4fab-b9c9-51eb99e3bd44""]","[""Inovação"", ""Melhoria contínua de processos"", ""Planejamento"", ""Resolução de problemas com base em dados"", ""Tomada de decisão para gestores"", ""Visão estratégica""]","[""Adotar e informar decisões prévias, explorando alternativas para minimizar custos e aumentar as vantagens para a organização na questão que for decidida."", ""Capacidade de idear soluções inovadoras e efetivas para problemas de baixa, média ou elevada complexidade com a utilização de dados (numéricos e não numéricos) e evidências que aumentem a precisão e viabilidade das soluções."", ""Compreender o ambiente político e a as tendências que interferem no estado de coisas; antecipar problemas e oportunidades a médio e longo prazo para a área responsável a fim de que a gestão identifique a alternativa mais adequada a cada situação presente ou eventual, comunicando à equipe a lógica das decisões diretivas."", ""Forjar um clima de interesse para soluções inovadoras que melhorem a eficiência das respostas aos cidadãos em termos de informações, processos, tecnologias, resultados e impactos da gestão pública."", ""Identificar problemas prioritários e oportunidades de sua unidade para projetar planos, programas ou projetos que prefixam objetivos, atividades, recursos, custos, cronogramas, responsáveis e indicadores de progresso, resultados e impacto."", ""Propor e introduzir ações para acelerar a melhoria contínua e a produtividade das tarefas sob sua responsabilidade, em atenção aos requisitos de qualidade.""]","[""27ccdc3f-64d6-4748-960b-171e9c804d23"", ""7d566976-b00c-4aa7-aa67-d94656c8db8c"", ""b47333be-1c80-40a9-a93d-9bbc4d7e4677"", ""e23d3b1c-ee83-4b09-b141-fc0f9dc7ab57""]","[""Gestão de Mudanças"", ""Gestão de Resultados"", ""Processos de Melhoria"", ""Transversais""]","[""0f4140d5-313e-48ae-a953-f88e8e798a29"", ""6152c8bb-1632-42f0-9599-919b6bf15ecb"", ""7b16819f-cb8a-406d-9ab9-a335a50143cb""]","[""Aplicar"", ""Criar"", ""Entender""]","[""Inovação"", ""Melhoria contínua de processos"", ""Planejamento"", ""Resolução de problemas com base em dados"", ""Tomada de decisão para gestores"", ""Visão estratégica""]",Criando uma Estratégia Organizacional Ágil em uma Organização Pública O curso Criando uma Estratégia Organizacional Ágil em uma Organização Pública é uma formação aberta e autoinstrucional focada na apresentação de opções e caminhos para a implantação de práticas de gestão ágil no setor público. O público-alvo desta formação são servidores da Rede Federal de Educação Profissional e Tecnológica que estejam ocupando cargos de gestão em suas instituições. Carga horária de 30h.
edbb82f6-19cc-404c-a8eb-1c6776d4f3f7,Técnicas de plaforedu_schema_devidade e Propaganda," Neste curso, você irá aprender sobre conceitos e aspectos da plaforedu_schema_devidade e também sobre a estrutura da plaforedu_schema_devidade.",30,"[""1e52ca6e-ca19-4585-a66e-f6adc3013a74"", ""5bbd2583-9abd-4d05-b7b5-d3eb9d64ebc2""]","[""Comunicação"", ""Criatividade""]","[""Aplicar sua experiência e especialização em melhorar o uso de dados para refinar metodologias, processos, produtos e interações em equipe, orientadas para a satisfação do usuário externo/interno."", ""Capacidade de escutar, indagar e expressar conceitos e ideias nos momentos apropriados e de forma efetiva, garantindo uma dinâmica produtiva das interações internas e externas.""]","[""27ccdc3f-64d6-4748-960b-171e9c804d23"", ""e23d3b1c-ee83-4b09-b141-fc0f9dc7ab57""]","[""Processos de Melhoria"", ""Transversais""]","[""6152c8bb-1632-42f0-9599-919b6bf15ecb"", ""7b16819f-cb8a-406d-9ab9-a335a50143cb"", ""85f646ca-67c5-439c-8cc1-df4fed9e0ae7""]","[""Aplicar"", ""Entender"", ""Lembrar""]","[""Comunicação""]","Técnicas de plaforedu_schema_devidade e Propaganda Neste curso, você irá aprender sobre conceitos e aspectos da plaforedu_schema_devidade e também sobre a estrutura da plaforedu_schema_devidade."
ee566038-4334-4264-943a-65f3bc04488b,Assistente de Logística,"O curso trata dos seguintes temas: 
- Logística.
- Gestão de Estoques.
- Cadeia de Suprimentos.
- Controle de Transportes e Distribuição.
- Movimentação e Armazenagem.
- Custos Logísticos.
- Logística em Serviços.
- Processamento de Pedidos e Serviços ao Cliente.
- Legislação Aplicada à Logística.",200,"[""a549fa72-ae42-433f-85bd-29badf2851c0""]","[""Análise de problemas""]","[""Identificar tempestivamente os problemas a serem resolvidos, os recursos para enfrentá-los, as alternativas possíveis, seus custos e riscos, antes de tomar a decisão no nível que lhes corresponde.""]","[""e23d3b1c-ee83-4b09-b141-fc0f9dc7ab57""]","[""Processos de Melhoria""]","[""6152c8bb-1632-42f0-9599-919b6bf15ecb"", ""7b16819f-cb8a-406d-9ab9-a335a50143cb"", ""85f646ca-67c5-439c-8cc1-df4fed9e0ae7""]","[""Aplicar"", ""Entender"", ""Lembrar""]","[""Análise de problemas""]","Assistente de Logística O curso trata dos seguintes temas: 
- Logística.
- Gestão de Estoques.
- Cadeia de Suprimentos.
- Controle de Transportes e Distribuição.
- Movimentação e Armazenagem.
- Custos Logísticos.
- Logística em Serviços.
- Processamento de Pedidos e Serviços ao Cliente.
- Legislação Aplicada à Logística."
eedefda6-addb-45f5-9eba-623790a145e1,Introdução à Gestão de Riscos,"Neste curso, você conhecerá os principais conceitos aplicados à Gestão de Riscos, bem como entenderá sua aplicabilidade, os benefícios, as etapas, os procedimentos e os desafios no contexto da Administração Pública. ",40,"[""0accb9d5-dbd1-483f-ab2a-ee0ca1c22de4"", ""1c596a8d-dff3-46ca-a684-8eb59b20800c"", ""4667ae96-35b0-435a-87f5-e21af9c1086d""]","[""Liderança eficaz"", ""Planejamento"", ""Resolução de problemas com base em dados""]","[""Capacidade de idear soluções inovadoras e efetivas para problemas de baixa, média ou elevada complexidade com a utilização de dados (numéricos e não numéricos) e evidências que aumentem a precisão e viabilidade das soluções."", ""Dirigir equipes, otimizando a aplicação de talentos disponíveis e criando um ambiente positivo e comprometido para a obtenção de resultados."", ""Identificar problemas prioritários e oportunidades de sua unidade para projetar planos, programas ou projetos que prefixam objetivos, atividades, recursos, custos, cronogramas, responsáveis e indicadores de progresso, resultados e impacto.""]","[""27ccdc3f-64d6-4748-960b-171e9c804d23"", ""b47333be-1c80-40a9-a93d-9bbc4d7e4677""]","[""Gestão de Resultados"", ""Transversais""]","[""6152c8bb-1632-42f0-9599-919b6bf15ecb"", ""7b16819f-cb8a-406d-9ab9-a335a50143cb"", ""dcd7e78d-25ed-4a16-9229-39773b4f6b3d""]","[""Analisar"", ""Aplicar"", ""Entender""]","[""Liderança eficaz"", ""Planejamento"", ""Resolução de problemas com base em dados""]","Introdução à Gestão de Riscos Neste curso, você conhecerá os principais conceitos aplicados à Gestão de Riscos, bem como entenderá sua aplicabilidade, os benefícios, as etapas, os procedimentos e os desafios no contexto da Administração Pública."
ef0dd6b5-841f-42fe-b312-d9634fdcbb71,Lei nº 8112/90 e suas alterações,"A Lei nº 8.112/90, conhecida como Regime Jurídico Único dos servidores da União, das autarquias e das fundações públicas federais, sofreu diversas alterações com o passar dos anos. Busca-se, com este curso, instruir os interessados quanto aos direitos e deveres dos servidores públicos federais, dirimir possíveis dúvidas e apresentar algumas peculiaridades sobre os temas abordados na legislação.",40,"[""3a910f03-4c71-4606-93cd-179056019b11"", ""432c5350-bdb8-4e22-b7a4-0417e9cfa8f4""]","[""Gerenciamento de recursos"", ""Gestão do desenvolvimento de pessoas""]","[""Forjar um ambiente de trabalho em que os interesses de equipes e indivíduos se harmonizem com os objetivos e resultados da organização, gerando oportunidades de aprendizado e desenvolvimento, bem como incentivos para reforçar o desempenho excepcional."", ""Preservar critérios de eficácia e eficiência na administração de recursos materiais, das competências das pessoas e dos ativos de uso da organização.""]","[""b47333be-1c80-40a9-a93d-9bbc4d7e4677""]","[""Gestão de Resultados""]","[""6152c8bb-1632-42f0-9599-919b6bf15ecb"", ""85f646ca-67c5-439c-8cc1-df4fed9e0ae7""]","[""Entender"", ""Lembrar""]","[""Gerenciamento de recursos"", ""Gestão do desenvolvimento de pessoas""]","Lei nº 8112/90 e suas alterações A Lei nº 8.112/90, conhecida como Regime Jurídico Único dos servidores da União, das autarquias e das fundações públicas federais, sofreu diversas alterações com o passar dos anos. Busca-se, com este curso, instruir os interessados quanto aos direitos e deveres dos servidores públicos federais, dirimir possíveis dúvidas e apresentar algumas peculiaridades sobre os temas abordados na legislação."
f045a187-bbc8-4eb2-a738-4e845a27de10,Assédio Moral: O que saber e fazer,"Conhecer e refletir sobre o Assédio Moral no trabalho é uma das medidas que podem proteger a organização desse mal que tanto prejudica as relações de trabalho. Neste curso, você irá refletir sobre este tema, estabelecer paralelos com a realidade que você vivencia e refletir se algo na sua conduta profissional ou no seu ambiente de trabalho precisa ser revisto.
Conteúdo Programático
Módulo 1: Assédio Moral no Trabalho: o que eu tenho a ver com isso?
Módulo 2: O que é Assédio Moral no Ambiente de Trabalho.
Módulo 3: Legislação e Regulamentação sobre Assédio Moral e suas consequências.
Módulo 4: Entendendo como o Assédio Moral ocorre.",12,"[""3418004f-90fd-4a64-bb7c-fab6c1f8f6cc"", ""64680a3e-e14c-4702-8970-00f96284e671""]","[""Comunicação interpessoal"", ""Orientações por valores éticos""]","[""Capacidade de agir de acordo com princípios e valores morais que norteiam o exercício da função pública, tais como responsabilidade, integridade, retidão, transparência e equidade na gestão da res publica."", ""Iniciar e manter comunicações respeitosas e cordiais; transmitir de forma transparente e comportamento estável, informações e gestos, mensagens orais e de texto claros, concisos, fiáveis e apropriados para o destinatário. Atender ativamente informações, consultas, divergências e mensagens de terceiros com uma atitude construtiva e empática.""]","[""27ccdc3f-64d6-4748-960b-171e9c804d23"", ""514d5868-5f15-4ce9-b74a-d14f5310b54e""]","[""Gestão de Relacionamentos"", ""Transversais""]","[""6152c8bb-1632-42f0-9599-919b6bf15ecb"", ""dcd7e78d-25ed-4a16-9229-39773b4f6b3d""]","[""Analisar"", ""Entender""]","[""Comunicação interpessoal"", ""Orientações por valores éticos""]","Assédio Moral: O que saber e fazer Conhecer e refletir sobre o Assédio Moral no trabalho é uma das medidas que podem proteger a organização desse mal que tanto prejudica as relações de trabalho. Neste curso, você irá refletir sobre este tema, estabelecer paralelos com a realidade que você vivencia e refletir se algo na sua conduta profissional ou no seu ambiente de trabalho precisa ser revisto.
Conteúdo Programático
Módulo 1: Assédio Moral no Trabalho: o que eu tenho a ver com isso?
Módulo 2: O que é Assédio Moral no Ambiente de Trabalho.
Módulo 3: Legislação e Regulamentação sobre Assédio Moral e suas consequências.
Módulo 4: Entendendo como o Assédio Moral ocorre."
f090aa86-4902-4b1c-84c1-e1ebe87aa99d,Uso educacional do Canva,"O curso aberto de Uso educacional do Canva é uma ação do Instituto Federal do Espírito Santo (IFES) por meio de seu Centro de Referência em Formação e em Educação a Distância (CEFOR), que tem como proposta a orientação de professores e quaisquer outros interessados em criar designs, logos, panfletos, dentre outros recursos, que irão potencializar seu trabalho de forma rápida e eficiente.",6,"[""84b2a6b0-c670-4a34-a04f-594a0b4c1d4a"", ""8f9fe3a9-ae88-46cc-a823-6a92c28243f2""]","[""Criação de conteúdo digital"", ""Criação e modificação""]","[""Incorporar atividades, tarefas e avaliações de aprendizagem que requeiram que os(as) estudantes se expressem através de meios digitais, modifiquem e criem conteúdo digital em diferentes formatos. Ensinar aos(às) estudantes como os direitos de autor e as licenças se aplicam ao conteúdo digital, como referenciar fontes e atribuir licenças."", ""Modificar e desenvolver recursos existentes com licença aberta e outros recursos onde tal é permitido. Criar ou cocriar novos recursos educacionais digitais. Ter em\nconsideração o objetivo específico de aprendizagem, o contexto, a abordagem pedagógica e o grupo de estudantes, ao selecionar recursos digitais e planificar a sua utilização.""]","[""05ac4a5c-019d-4ec7-83cc-12ca141322fa"", ""5a224ac7-f165-4900-971c-f82f2684f779""]","[""Promoção da Competência Digital dos(as) Estudantes"", ""Recursos Digitais""]","[""0f4140d5-313e-48ae-a953-f88e8e798a29"", ""6152c8bb-1632-42f0-9599-919b6bf15ecb"", ""7b16819f-cb8a-406d-9ab9-a335a50143cb"", ""85f646ca-67c5-439c-8cc1-df4fed9e0ae7""]","[""Aplicar"", ""Criar"", ""Entender"", ""Lembrar""]","[""Criação de conteúdo digital"", ""Criação e modificação""]","Uso educacional do Canva O curso aberto de Uso educacional do Canva é uma ação do Instituto Federal do Espírito Santo (IFES) por meio de seu Centro de Referência em Formação e em Educação a Distância (CEFOR), que tem como proposta a orientação de professores e quaisquer outros interessados em criar designs, logos, panfletos, dentre outros recursos, que irão potencializar seu trabalho de forma rápida e eficiente."
f11b1f00-6d43-40a4-b163-b65e2a5e5511,Introdução à Metodologia da Pesquisa,"O curso Introdução à metodologia da pesquisa apresenta as relações entre a ciência, o conhecimento e a pesquisa, e as características do trabalho acadêmico quanto a aspectos teóricos, empíricos e interdisciplinares. Aborda as dimensões da pesquisa científica e visa capacitar o aluno para problematizar sobre a gênese do conhecimento empreendida para a compreensão da ciência. Irá desenvolver: a visão sobre o trabalho acadêmico e o lugar da pesquisa; a compreensão sobre a metodologia da pesquisa como processo dialógico entre sujeitos; o conhecimento sobre a classificação, objetivos e métodos da pesquisa, bem como os caminhos para a definição e construção de instrumentos de coleta de dados.",50,"[""3062277b-4218-4f2b-8645-90ba3651fc52"", ""e4f31519-2fad-4fe8-b476-5da4715a16e9""]","[""Ensino"", ""Orientação""]","[""Planificar e implementar dispositivos e recursos digitais no processo de ensino, de modo a melhorar a eficácia das intervenções pedagógicas. Gerir e orquestrar  adequadamente estratégias de ensino digital. Experimentar e desenvolver novos formatos e métodos pedagógicos para o ensino."", ""Usar tecnologias e serviços digitais para melhorar a interação com os(as) estudantes,individual e coletivamente, dentro e fora da sessão de aprendizagem. Usar tecnologias digitais para proporcionar orientação e assistência oportuna e dirigida. Experimentar e desenvolver novas formas e formatos para oferecer orientação e apoio.""]","[""cac54f5d-834c-499c-bf8d-e549fa3828af""]","[""Ensino e Aprendizagem""]","[""6152c8bb-1632-42f0-9599-919b6bf15ecb"", ""85f646ca-67c5-439c-8cc1-df4fed9e0ae7""]","[""Entender"", ""Lembrar""]","[""Ensino"", ""Orientação""]","Introdução à Metodologia da Pesquisa O curso Introdução à metodologia da pesquisa apresenta as relações entre a ciência, o conhecimento e a pesquisa, e as características do trabalho acadêmico quanto a aspectos teóricos, empíricos e interdisciplinares. Aborda as dimensões da pesquisa científica e visa capacitar o aluno para problematizar sobre a gênese do conhecimento empreendida para a compreensão da ciência. Irá desenvolver: a visão sobre o trabalho acadêmico e o lugar da pesquisa; a compreensão sobre a metodologia da pesquisa como processo dialógico entre sujeitos; o conhecimento sobre a classificação, objetivos e métodos da pesquisa, bem como os caminhos para a definição e construção de instrumentos de coleta de dados."
f5ae6fdd-82a6-48b1-b5a8-39aebaa9315c,Gestão da Inovação no setor público,"O curso aborda conceitos de gestão da inovação articulados ao contexto da administração pública e apresenta desafios e possibilidades de inovação na prestação de serviços públicos mais efetivos. O objetivo é fornecer aos servidores públicos conceitos, processos e experiências referentes à inovação, a fim de fomentar a cultura e os ecossistemas de inovação para criação de valor público.
Carga Horária: 20h.
Disponibilidade: 30 dias.
Público Alvo: Agentes públicos interessados em inovação. Curso aberto, gratuito e com certificado, qualquer pessoa pode se inscrever.
Conteúdo Programático:
Módulo 1: Inovação e o contexto do setor público.
Módulo 2: Perspectivas sobre design thinking.
Módulo 3: Construindo a capacidade de inovação no setor público.",20,"[""293f465f-d8b5-44f4-a285-5aa095625979"", ""494c1fac-1723-4cfb-b8ee-4e6472ae59c7"", ""49c18cc9-d9c1-4c6c-a72b-a064e0e6e3eb"", ""4be87cc2-7a58-4885-8970-8f49249d43d5"", ""7a8fc826-b1a6-4d1a-854d-9782c417ee0f"", ""d8340cf3-50ac-412b-b067-3a273ae5115d"", ""e6401337-5058-40be-b0d3-b28d487e43d3""]","[""Foco nos resultados para os cidadãos"", ""Gestão da qualidade"", ""Inovação"", ""Melhoria contínua de processos"", ""Organização da rotina"", ""Proatividade"", ""Visão Sistêmica""]","[""Atuar com iniciativa e instruir os colaboradores a antecipar eventos previsíveis que envolvam a execução de tarefas para atendimento de demandas internas e externas (dos cidadãos), fortalecendo a percepção dos usuários sobre o comprometimento da unidade na oferta de serviços e produtos."", ""Capacidade de identificar os principais marcos institucionais e as tendências sociais, políticas e econômicas nos cenários local, regional, nacional e internacional. Marcos esses que podem impactar os processos decisórios e a gestão de programas e projetos no âmbito do setor público."", ""Capacidade de superar o desempenho padrão e apresentar soluções alinhadas\nao cumprimento de metas e ao alcance dos objetivos estratégicos das organizações públicas para garantir o atendimento das necessidades dos usuários e dos cidadãos."", ""Conduzir a área de gestão encarregada de padronizar boas práticas processuais, no âmbito do paradigma da qualidade; gerando serviços internos ou externos seguros e confiáveis, de acordo com indicadores pré-estabelecidos em termos de legislação vigente e padrões de qualidade aplicáveis."", ""Definir o programa semanal e mensal de atividades, no âmbito do plano institucional, determinando os resultados a serem alcançados, as tarefas a serem executadas, os procedimentos a serem resolvidos e os atrasos a serem corrigidos, bem como os custos e insumos necessários para alcançá-lo. "", ""Forjar um clima de interesse para soluções inovadoras que melhorem a eficiência das respostas aos cidadãos em termos de informações, processos, tecnologias, resultados e impactos da gestão pública."", ""Propor e introduzir ações para acelerar a melhoria contínua e a produtividade das tarefas sob sua responsabilidade, em atenção aos requisitos de qualidade.""]","[""27ccdc3f-64d6-4748-960b-171e9c804d23"", ""4a2cf0b1-98dd-4bff-adc0-898f32e7b857"", ""7d566976-b00c-4aa7-aa67-d94656c8db8c"", ""b47333be-1c80-40a9-a93d-9bbc4d7e4677"", ""e23d3b1c-ee83-4b09-b141-fc0f9dc7ab57""]","[""Gestão de Mudanças"", ""Gestão de Resultados"", ""Orientação a Resultados"", ""Processos de Melhoria"", ""Transversais""]",[],[],"[""Foco nos resultados para os cidadãos"", ""Gestão da qualidade"", ""Inovação"", ""Melhoria contínua de processos"", ""Organização da rotina"", ""Visão Sistêmica""]","Gestão da Inovação no setor público O curso aborda conceitos de gestão da inovação articulados ao contexto da administração pública e apresenta desafios e possibilidades de inovação na prestação de serviços públicos mais efetivos. O objetivo é fornecer aos servidores públicos conceitos, processos e experiências referentes à inovação, a fim de fomentar a cultura e os ecossistemas de inovação para criação de valor público.
Carga Horária: 20h.
Disponibilidade: 30 dias.
Público Alvo: Agentes públicos interessados em inovação. Curso aberto, gratuito e com certificado, qualquer pessoa pode se inscrever.
Conteúdo Programático:
Módulo 1: Inovação e o contexto do setor público.
Módulo 2: Perspectivas sobre design thinking.
Módulo 3: Construindo a capacidade de inovação no setor público."
f7047a5d-8264-4bdc-a215-a6de4fbda013,Direito e Atenção à Saúde da Pessoa Idosa,"O curso Direito e Atenção à Saúde da Pessoa Idosa, oferecido pelo Ministério dos Direitos Humanos e Cidadania e certificado pela Enap (Escola Nacional de Administração Pública), é uma formação aberta, gratuita e com certificado. O objetivo é ensinar como políticas públicas, técnicas de envelhecimento ativo e incentivo à participação social podem garantir o direito e uma melhor atenção à saúde do idoso, assegurando uma terceira idade com qualidade e dignidade, no contexto da transição demográfica. Destina-se a interessados nas temáticas acerca das políticas de direitos e atenção à saúde da pessoa idosa, sendo aberto a qualquer pessoa. O curso tem 35 horas de carga horária em português, fica disponível por 60 dias e seu conteúdo programático inclui: Módulo 1 - O envelhecimento no contexto das crises sanitárias e o direito à saúde; Módulo 2 - Determinantes sociais de saúde e o envelhecimento ativo; Módulo 3 - Relações sociais e integração comunitária como mecanismo para o envelhecimento saudável; e Módulo 4 - O cuidado e a rede de atenção à saúde da pessoa idosa.",35,"[""e2b3c5ad-e0a6-4433-9ffd-ca78825a2e4d""]","[""Gerenciamento da mudança""]","[""Antecipar e promover mudanças estratégicas/operacionais para responder às mudanças do contexto. Redesenhar/modernizar abordagens, processos, tarefas e competências requeridos pelo novo contexto, distribuindo responsabilidades e perseguindo resultados.""]","[""7d566976-b00c-4aa7-aa67-d94656c8db8c""]","[""Gestão de Mudanças""]","[""6152c8bb-1632-42f0-9599-919b6bf15ecb"", ""7b16819f-cb8a-406d-9ab9-a335a50143cb""]","[""Aplicar"", ""Entender""]","[""Gerenciamento da mudança""]","Direito e Atenção à Saúde da Pessoa Idosa O curso Direito e Atenção à Saúde da Pessoa Idosa, oferecido pelo Ministério dos Direitos Humanos e Cidadania e certificado pela Enap (Escola Nacional de Administração Pública), é uma formação aberta, gratuita e com certificado. O objetivo é ensinar como políticas públicas, técnicas de envelhecimento ativo e incentivo à participação social podem garantir o direito e uma melhor atenção à saúde do idoso, assegurando uma terceira idade com qualidade e dignidade, no contexto da transição demográfica. Destina-se a interessados nas temáticas acerca das políticas de direitos e atenção à saúde da pessoa idosa, sendo aberto a qualquer pessoa. O curso tem 35 horas de carga horária em português, fica disponível por 60 dias e seu conteúdo programático inclui: Módulo 1 - O envelhecimento no contexto das crises sanitárias e o direito à saúde; Módulo 2 - Determinantes sociais de saúde e o envelhecimento ativo; Módulo 3 - Relações sociais e integração comunitária como mecanismo para o envelhecimento saudável; e Módulo 4 - O cuidado e a rede de atenção à saúde da pessoa idosa."
f7ba54ba-3e57-49b3-885f-acc1256a7825,Curso Básico de Gestão de Riscos para a Integridade no Setor Público,"O curso Curso Básico de Gestão de Riscos para a Integridade no Setor Público tem como objetivo capacitar profissionais a identificar, analisar e mitigar riscos relacionados à integridade no âmbito público. Com uma abordagem teórica, o curso abordará os principais conceitos de gestão de riscos, as normas regulamentadoras, Governança Corporativa e Integridade Pública, além de técnicas para implementação de controles eficazes.
Destinado a servidores públicos, gestores, auditores e demais interessados no tema. Ao final, os participantes estarão aptos a aplicar metodologias de gestão de riscos em suas instituições, contribuindo para a promoção da ética e da conformidade no setor público.
Para conclusão, não há pré-requisitos, mas recomenda-se familiaridade com noções básicas de administração pública.",8,"[""4c081af1-b613-4465-b989-2a4b09d76e0e"", ""7a8fc826-b1a6-4d1a-854d-9782c417ee0f""]","[""Gestão da qualidade"", ""Gestão para resultados""]","[""Conduzir a área de gestão encarregada de padronizar boas práticas processuais, no âmbito do paradigma da qualidade; gerando serviços internos ou externos seguros e confiáveis, de acordo com indicadores pré-estabelecidos em termos de legislação vigente e padrões de qualidade aplicáveis.""]","[""2537d1c9-05a8-469c-9f2e-39ca7a5ca85e"", ""27ccdc3f-64d6-4748-960b-171e9c804d23"", ""2ee0fd18-5e3b-4fa1-b293-5b39634f0430"", ""b47333be-1c80-40a9-a93d-9bbc4d7e4677""]","[""Competência de Liderança - Estratégia"", ""Competências de Liderança - Resultados"", ""Gestão de Resultados"", ""Transversais""]","[""6152c8bb-1632-42f0-9599-919b6bf15ecb"", ""85f646ca-67c5-439c-8cc1-df4fed9e0ae7""]","[""Entender"", ""Lembrar""]","[""Gestão da qualidade"", ""Gestão para resultados""]","Curso Básico de Gestão de Riscos para a Integridade no Setor Público O curso Curso Básico de Gestão de Riscos para a Integridade no Setor Público tem como objetivo capacitar profissionais a identificar, analisar e mitigar riscos relacionados à integridade no âmbito público. Com uma abordagem teórica, o curso abordará os principais conceitos de gestão de riscos, as normas regulamentadoras, Governança Corporativa e Integridade Pública, além de técnicas para implementação de controles eficazes.
Destinado a servidores públicos, gestores, auditores e demais interessados no tema. Ao final, os participantes estarão aptos a aplicar metodologias de gestão de riscos em suas instituições, contribuindo para a promoção da ética e da conformidade no setor público.
Para conclusão, não há pré-requisitos, mas recomenda-se familiaridade com noções básicas de administração pública."
f90481a9-6fa8-4037-b9c3-aa2cc1d4078c,Conhecendo o SCDP - Sistema de Concessão de Diárias e Passagens,"O curso Conhecendo o SCDP - Sistema de Concessão de Diárias e Passagens tem como objetivo capacitar servidores públicos federais (administração direta, autarquias, fundações e empresas públicas) a realizar os procedimentos operacionais do sistema, garantindo a correta concessão e gestão de diárias e passagens conforme as normas vigentes.
Com uma abordagem prática, o curso abordará:
Funcionamento e fluxo do SCDP;
Regras e legislação aplicável a diárias e passagens;
Processos de solicitação, análise, aprovação e prestação de contas;
Resolução de problemas comuns e boas práticas no uso do sistema.
Destinado a servidores públicos federais que atuam na gestão de viagens, recursos humanos, financeiro ou áreas afins.
Ao final, os participantes estarão aptos a:
Operar o SCDP com eficiência, desde a solicitação até a prestação de contas;
Aplicar as normas de concessão de diárias e passagens conforme a legislação;
Identificar e solucionar inconsistências no sistema.
Para conclusão, recomenda-se familiaridade com procedimentos administrativos básicos, mas não há pré-requisitos formais.",25,"[""b30f6b99-0189-4c80-8977-bd7cf269ab8e""]","[""Uso de TIC""]","[""Otimizar o uso das tecnologias de informação e comunicação disponíveis, em seu efetivo potencial, para melhorar seu desempenho.""]","[""4a2cf0b1-98dd-4bff-adc0-898f32e7b857""]","[""Orientação a Resultados""]","[""7b16819f-cb8a-406d-9ab9-a335a50143cb""]","[""Aplicar""]","[""Uso de TIC""]","Conhecendo o SCDP - Sistema de Concessão de Diárias e Passagens O curso Conhecendo o SCDP - Sistema de Concessão de Diárias e Passagens tem como objetivo capacitar servidores públicos federais (administração direta, autarquias, fundações e empresas públicas) a realizar os procedimentos operacionais do sistema, garantindo a correta concessão e gestão de diárias e passagens conforme as normas vigentes.
Com uma abordagem prática, o curso abordará:
Funcionamento e fluxo do SCDP;
Regras e legislação aplicável a diárias e passagens;
Processos de solicitação, análise, aprovação e prestação de contas;
Resolução de problemas comuns e boas práticas no uso do sistema.
Destinado a servidores públicos federais que atuam na gestão de viagens, recursos humanos, financeiro ou áreas afins.
Ao final, os participantes estarão aptos a:
Operar o SCDP com eficiência, desde a solicitação até a prestação de contas;
Aplicar as normas de concessão de diárias e passagens conforme a legislação;
Identificar e solucionar inconsistências no sistema.
Para conclusão, recomenda-se familiaridade com procedimentos administrativos básicos, mas não há pré-requisitos formais."
fa124ebb-efa9-44ba-b5f3-d0327790986e,Educação Ambiental para Professores: Conceitos básicos,"O curso Educação Ambiental para Professores: Conceitos Básicos tem como objetivo capacitar docentes do ensino básico com os fundamentos teóricos e práticos da Educação Ambiental, preparando-os para integrar essa temática de forma efetiva em suas práticas pedagógicas. Com uma abordagem teórica, o curso abordará:
Conceitos e histórico da Educação Ambiental no Brasil e no mundo;
Legislação e políticas públicas relacionadas à área;
Estratégias de aplicação no ambiente escolar formal;
Relação entre a BNCC (Base Nacional Comum Curricular) e a Educação Ambiental.
Destinado a professores da educação básica, coordenadores pedagógicos e estudantes de licenciatura.
Ao final, os participantes estarão aptos a:
Compreender os princípios e a importância da Educação Ambiental;
Aplicar metodologias para inserção do tema no currículo escolar;
Alinhar projetos pedagógicos às diretrizes da BNCC e da legislação ambiental educacional.
Pré-requisitos:
Não há exigência de formação específica, mas o curso é voltado prioritariamente a profissionais da educação ou áreas afins.",30,"[""3a910f03-4c71-4606-93cd-179056019b11"", ""e4f31519-2fad-4fe8-b476-5da4715a16e9"", ""e6401337-5058-40be-b0d3-b28d487e43d3""]","[""Ensino"", ""Gerenciamento de recursos"", ""Visão Sistêmica""]","[""Capacidade de identificar os principais marcos institucionais e as tendências sociais, políticas e econômicas nos cenários local, regional, nacional e internacional. Marcos esses que podem impactar os processos decisórios e a gestão de programas e projetos no âmbito do setor público."", ""Planificar e implementar dispositivos e recursos digitais no processo de ensino, de modo a melhorar a eficácia das intervenções pedagógicas. Gerir e orquestrar  adequadamente estratégias de ensino digital. Experimentar e desenvolver novos formatos e métodos pedagógicos para o ensino."", ""Preservar critérios de eficácia e eficiência na administração de recursos materiais, das competências das pessoas e dos ativos de uso da organização.""]","[""27ccdc3f-64d6-4748-960b-171e9c804d23"", ""b47333be-1c80-40a9-a93d-9bbc4d7e4677"", ""cac54f5d-834c-499c-bf8d-e549fa3828af""]","[""Ensino e Aprendizagem"", ""Gestão de Resultados"", ""Transversais""]","[""6152c8bb-1632-42f0-9599-919b6bf15ecb"", ""dcd7e78d-25ed-4a16-9229-39773b4f6b3d""]","[""Analisar"", ""Entender""]","[""Ensino"", ""Gerenciamento de recursos"", ""Visão Sistêmica""]","Educação Ambiental para Professores: Conceitos básicos O curso Educação Ambiental para Professores: Conceitos Básicos tem como objetivo capacitar docentes do ensino básico com os fundamentos teóricos e práticos da Educação Ambiental, preparando-os para integrar essa temática de forma efetiva em suas práticas pedagógicas. Com uma abordagem teórica, o curso abordará:
Conceitos e histórico da Educação Ambiental no Brasil e no mundo;
Legislação e políticas públicas relacionadas à área;
Estratégias de aplicação no ambiente escolar formal;
Relação entre a BNCC (Base Nacional Comum Curricular) e a Educação Ambiental.
Destinado a professores da educação básica, coordenadores pedagógicos e estudantes de licenciatura.
Ao final, os participantes estarão aptos a:
Compreender os princípios e a importância da Educação Ambiental;
Aplicar metodologias para inserção do tema no currículo escolar;
Alinhar projetos pedagógicos às diretrizes da BNCC e da legislação ambiental educacional.
Pré-requisitos:
Não há exigência de formação específica, mas o curso é voltado prioritariamente a profissionais da educação ou áreas afins."
fa9c96d3-82fb-4b7e-a1e6-37a7a2088ed9,Análise e produção de textos de comunicação I,"Ementa:
Analisar aspectos linguístico-discursivos de cartas de leitor. Produzir uma carta de leitor segundo as regras desse gênero de discurso. Analisar aspectos linguístico-discursivos de resenhas. Produzir uma resenha segundo as regras desse gênero de discurso. Analisar aspectos linguístico-discursivos de artigos de opinião. Produzir um artigo de opinião segundo as regras desse gênero de discurso.

Objetivos gerais:
Aprimorar a formação continuada de estudantes e profissionais de diferentes níveis por meio da análise e da produção de três gêneros de discurso do domínio jornalístico: carta de leitor, resenha e artigo de opinião.

Objetivos específicos:
•	Incentivar o desenvolvimento do pensamento crítico da população local.  
•	Proporcionar a comunicação dos participantes no domínio jornalístico. 
•	Demonstrar a importância da colaboração da população local no debate público.  
•	Promover a criatividade dos participantes por meio da argumentação. 
•	Proporcionar o uso efetivo da língua portuguesa em situações de comunicação reais. 
•	Incentivar a criação de meios de comunicação alternativos no Alto Paraopeba.",30,"[""1e52ca6e-ca19-4585-a66e-f6adc3013a74"", ""45d29970-ecb3-4e4a-b57b-4850c9b6d98f""]","[""Comunicação"", ""Comunicação efetiva""]","[""Capacidade de escutar, indagar e expressar conceitos e ideias nos momentos apropriados e de forma efetiva, garantindo uma dinâmica produtiva das interações internas e externas."", ""Estabelecer comunicação efetiva e positiva com superiores hierárquicos, pares e cidadãos, tanto na expressão escrita e verbal quanto corporal.""]","[""27ccdc3f-64d6-4748-960b-171e9c804d23"", ""4a2cf0b1-98dd-4bff-adc0-898f32e7b857""]","[""Orientação a Resultados"", ""Transversais""]","[""0f4140d5-313e-48ae-a953-f88e8e798a29"", ""dcd7e78d-25ed-4a16-9229-39773b4f6b3d"", ""e10b37a4-2e66-4a5b-bd09-815dc7a45fff""]","[""Analisar"", ""Avaliar"", ""Criar""]","[""Comunicação"", ""Comunicação efetiva""]","Análise e produção de textos de comunicação I Ementa:
Analisar aspectos linguístico-discursivos de cartas de leitor. Produzir uma carta de leitor segundo as regras desse gênero de discurso. Analisar aspectos linguístico-discursivos de resenhas. Produzir uma resenha segundo as regras desse gênero de discurso. Analisar aspectos linguístico-discursivos de artigos de opinião. Produzir um artigo de opinião segundo as regras desse gênero de discurso.

Objetivos gerais:
Aprimorar a formação continuada de estudantes e profissionais de diferentes níveis por meio da análise e da produção de três gêneros de discurso do domínio jornalístico: carta de leitor, resenha e artigo de opinião.

Objetivos específicos:
•	Incentivar o desenvolvimento do pensamento crítico da população local.  
•	Proporcionar a comunicação dos participantes no domínio jornalístico. 
•	Demonstrar a importância da colaboração da população local no debate público.  
•	Promover a criatividade dos participantes por meio da argumentação. 
•	Proporcionar o uso efetivo da língua portuguesa em situações de comunicação reais. 
•	Incentivar a criação de meios de comunicação alternativos no Alto Paraopeba."
fb9b38f9-97db-4041-97b8-5019307c8590,Controles na Administração Pública,"Ao final deste curso, espera-se que o participante seja capaz de aplicar princípios do controle no contexto da gestão pública.

Público Alvo: Servidores públicos dos três poderes e esferas federal, estadual e municipal. Curso aberto, gratuito e com certificado, qualquer pessoa pode se inscrever.

Conteúdo Programático:
Aula 1 – Prestação de Contas
Aula 2 – Controles na Administração Pública
Aula 3 – Controle Externo
Aula 4 – Controle Interno
Aula 5 – Controle Social
Instituição Conteudista: Tribunal de Contas da União.
Instituição Certificadora: Tribunal de Contas da União 
Carga Horária: 30h 
Disponibilidade: 30 dias (após a inscrição) Idioma: Português",30,"[""0228bed6-e718-4b48-b532-2d6b8888c30f"", ""3a910f03-4c71-4606-93cd-179056019b11"", ""49c18cc9-d9c1-4c6c-a72b-a064e0e6e3eb"", ""7a8fc826-b1a6-4d1a-854d-9782c417ee0f""]","[""Foco nos resultados para os cidadãos"", ""Gerenciamento de recursos"", ""Gestão da participação cidadã"", ""Gestão da qualidade""]","[""Ativar a participação cidadã vinculada aos assuntos da área responsável; considerar expectativas, propostas e reclamações para adaptar cada vez mais os serviços, conscientizando os colaboradores sobre o direito à participação e as vantagens que ela viabiliza."", ""Capacidade de superar o desempenho padrão e apresentar soluções alinhadas\nao cumprimento de metas e ao alcance dos objetivos estratégicos das organizações públicas para garantir o atendimento das necessidades dos usuários e dos cidadãos."", ""Conduzir a área de gestão encarregada de padronizar boas práticas processuais, no âmbito do paradigma da qualidade; gerando serviços internos ou externos seguros e confiáveis, de acordo com indicadores pré-estabelecidos em termos de legislação vigente e padrões de qualidade aplicáveis."", ""Preservar critérios de eficácia e eficiência na administração de recursos materiais, das competências das pessoas e dos ativos de uso da organização.""]","[""27ccdc3f-64d6-4748-960b-171e9c804d23"", ""514d5868-5f15-4ce9-b74a-d14f5310b54e"", ""b47333be-1c80-40a9-a93d-9bbc4d7e4677""]","[""Gestão de Relacionamentos"", ""Gestão de Resultados"", ""Transversais""]","[""6152c8bb-1632-42f0-9599-919b6bf15ecb"", ""7b16819f-cb8a-406d-9ab9-a335a50143cb""]","[""Aplicar"", ""Entender""]","[""Foco nos resultados para os cidadãos"", ""Gerenciamento de recursos"", ""Gestão da qualidade""]","Controles na Administração Pública Ao final deste curso, espera-se que o participante seja capaz de aplicar princípios do controle no contexto da gestão pública.

Público Alvo: Servidores públicos dos três poderes e esferas federal, estadual e municipal. Curso aberto, gratuito e com certificado, qualquer pessoa pode se inscrever.

Conteúdo Programático:
Aula 1 – Prestação de Contas
Aula 2 – Controles na Administração Pública
Aula 3 – Controle Externo
Aula 4 – Controle Interno
Aula 5 – Controle Social
Instituição Conteudista: Tribunal de Contas da União.
Instituição Certificadora: Tribunal de Contas da União 
Carga Horária: 30h 
Disponibilidade: 30 dias (após a inscrição) Idioma: Português"
fc5044a3-bde5-4f88-9f71-179cee40d35c,Meios Multissemióticos e Ensino: Estratégias para Sala de Aula,"Ementa:

Semiótica e Multiletramentos; Meios multissemióticos; A contribuição do audiovisual; Estratégias para o uso de recursos audiovisuais; A Tecnologia como multimeio; Estratégias para o uso de recursos tecnológicos.

Objetivos gerais:

O curso tem como objetivo geral trabalhar conceitos acerca da contribuição da Semiótica, através do uso dos Meios Multissemióticos, para a ensino de maneira geral, não especificando apenas a área de linguagens. Através da exposição teórica e da proposição de estratégias para aplicação de diferentes modalidades de recursos, o cursista poderá refletir e formular suas próprias técnicas para o uso desses meios multissemióticos, de acordo com seus interesses e objetivos de aula.",30,"[""1e52ca6e-ca19-4585-a66e-f6adc3013a74"", ""8f9fe3a9-ae88-46cc-a823-6a92c28243f2"", ""b30f6b99-0189-4c80-8977-bd7cf269ab8e"", ""bf6ee8ab-b64b-48fb-ad5a-738548fc2302"", ""e6401337-5058-40be-b0d3-b28d487e43d3""]","[""Comunicação"", ""Criação de conteúdo digital"", ""Diferenciação e personalização"", ""Uso de TIC"", ""Visão Sistêmica""]","["" \n \t\nUsar tecnologias digitais para atender às diversas necessidades de aprendizagem dos(as) estudantes, permitindo que estes progridam a diferentes níveis e velocidades e sigam caminhos e objetivos de aprendizagem individuais."", ""Capacidade de escutar, indagar e expressar conceitos e ideias nos momentos apropriados e de forma efetiva, garantindo uma dinâmica produtiva das interações internas e externas."", ""Capacidade de identificar os principais marcos institucionais e as tendências sociais, políticas e econômicas nos cenários local, regional, nacional e internacional. Marcos esses que podem impactar os processos decisórios e a gestão de programas e projetos no âmbito do setor público."", ""Incorporar atividades, tarefas e avaliações de aprendizagem que requeiram que os(as) estudantes se expressem através de meios digitais, modifiquem e criem conteúdo digital em diferentes formatos. Ensinar aos(às) estudantes como os direitos de autor e as licenças se aplicam ao conteúdo digital, como referenciar fontes e atribuir licenças."", ""Otimizar o uso das tecnologias de informação e comunicação disponíveis, em seu efetivo potencial, para melhorar seu desempenho.""]","[""05ac4a5c-019d-4ec7-83cc-12ca141322fa"", ""27ccdc3f-64d6-4748-960b-171e9c804d23"", ""4a2cf0b1-98dd-4bff-adc0-898f32e7b857"", ""c7be7c48-c417-4dec-b203-34ddedba7507""]","[""Capacitação dos(as) Estudantes"", ""Orientação a Resultados"", ""Promoção da Competência Digital dos(as) Estudantes"", ""Transversais""]","[""6152c8bb-1632-42f0-9599-919b6bf15ecb"", ""7b16819f-cb8a-406d-9ab9-a335a50143cb"", ""dcd7e78d-25ed-4a16-9229-39773b4f6b3d""]","[""Analisar"", ""Aplicar"", ""Entender""]","[""Comunicação"", ""Criação de conteúdo digital"", ""Diferenciação e personalização"", ""Uso de TIC"", ""Visão Sistêmica""]","Meios Multissemióticos e Ensino: Estratégias para Sala de Aula Ementa:

Semiótica e Multiletramentos; Meios multissemióticos; A contribuição do audiovisual; Estratégias para o uso de recursos audiovisuais; A Tecnologia como multimeio; Estratégias para o uso de recursos tecnológicos.

Objetivos gerais:

O curso tem como objetivo geral trabalhar conceitos acerca da contribuição da Semiótica, através do uso dos Meios Multissemióticos, para a ensino de maneira geral, não especificando apenas a área de linguagens. Através da exposição teórica e da proposição de estratégias para aplicação de diferentes modalidades de recursos, o cursista poderá refletir e formular suas próprias técnicas para o uso desses meios multissemióticos, de acordo com seus interesses e objetivos de aula."
fd3ccc65-48ef-4ee9-b02f-f385988a6cb9,Docência em EaD: Desafios da avaliação,"O curso Docência em EaD: Desafios da Avaliação tem como objetivo capacitar educadores e profissionais da educação a distância a desenvolver e aplicar estratégias eficazes de avaliação da aprendizagem em ambientes virtuais. Com uma abordagem teórica, o curso abordará temas como avaliação formativa, instrumentos avaliativos digitais, feedback personalizado e o uso de ambientes virtuais de aprendizagem (AVAs).
Destinado a professores, tutores, coordenadores pedagógicos e interessados em EaD. Ao final, os participantes estarão aptos a planejar avaliações significativas, alinhadas aos objetivos de aprendizagem, e a utilizar ferramentas digitais para promover o engajamento e a aprendizagem contínua.
Para conclusão, não há pré-requisito.",20,"[""12052eae-22a2-44ce-a8ff-07f5b5a8f816"", ""30521bbb-e702-47d7-a287-b242cf5bf600"", ""c6d771e2-d2a0-443d-b615-b0c813965e99""]","[""Análise de evidências"", ""Estratégias de avaliação"", ""Feedback e planificação""]","[""Produzir, selecionar, analisar criticamente e interpretar evidências digitais sobre a atividade, desempenho e progresso do(a) estudante, de modo a informar o ensino e aprendizagem."", ""Usar tecnologias digitais para a avaliação formativa e sumativa. Melhorar a diversidade e adequação dos formatos e abordagens de avaliação."", ""Usar tecnologias digitais para fornecer feedback oportuno e direcionado aos(às) estudantes. Adaptar estratégias de ensino e proporcionar apoio direcionado,\ncom base nas evidências geradas pelas tecnologias digitais utilizadas. Permitir que estudantes e pais ou responsáveis  compreendam as evidências fornecidas pelas tecnologias digitais e as usem para tomada de decisão.""]","[""cc76e5f1-476f-48b1-9d32-ccb2de7f2cde""]","[""Avaliação""]","[""6152c8bb-1632-42f0-9599-919b6bf15ecb"", ""7b16819f-cb8a-406d-9ab9-a335a50143cb"", ""85f646ca-67c5-439c-8cc1-df4fed9e0ae7""]","[""Aplicar"", ""Entender"", ""Lembrar""]","[""Análise de evidências"", ""Estratégias de avaliação"", ""Feedback e planificação""]","Docência em EaD: Desafios da avaliação O curso Docência em EaD: Desafios da Avaliação tem como objetivo capacitar educadores e profissionais da educação a distância a desenvolver e aplicar estratégias eficazes de avaliação da aprendizagem em ambientes virtuais. Com uma abordagem teórica, o curso abordará temas como avaliação formativa, instrumentos avaliativos digitais, feedback personalizado e o uso de ambientes virtuais de aprendizagem (AVAs).
Destinado a professores, tutores, coordenadores pedagógicos e interessados em EaD. Ao final, os participantes estarão aptos a planejar avaliações significativas, alinhadas aos objetivos de aprendizagem, e a utilizar ferramentas digitais para promover o engajamento e a aprendizagem contínua.
Para conclusão, não há pré-requisito."
fd646558-0d80-4de4-909c-e2e5c0a5a6c0,Introdução à Libras,Aprenda a utilizar a Língua Brasileira de Sinais (Libras) e garanta o atendimento e o tratamento adequado às pessoas com deficiência auditiva. A Lei nº 10.436/2002 legitima a Libras como idioma advindo das Comunidades Surdas Brasileiras e obriga o poder público em geral a adotar formas institucionalizadas de apoiar o uso e a difusão dessa língua como meio de comunicação.,60,"[""161fd267-d68a-4f88-925c-8082f17fb8b2"", ""3418004f-90fd-4a64-bb7c-fab6c1f8f6cc"", ""bf6ee8ab-b64b-48fb-ad5a-738548fc2302"", ""e4f31519-2fad-4fe8-b476-5da4715a16e9"", ""fa3b0d3e-857f-4d3b-839d-3d06a726a986""]","[""Acessibilidade e inclusão - Docente"", ""Comunicação interpessoal"", ""Diferenciação e personalização"", ""Ensino"", ""Envolvimento ativo""]","["" \n \t\nUsar tecnologias digitais para atender às diversas necessidades de aprendizagem dos(as) estudantes, permitindo que estes progridam a diferentes níveis e velocidades e sigam caminhos e objetivos de aprendizagem individuais."", ""Garantir acessibilidade a recursos e atividades de aprendizagem para todos os(as) estudantes, incluindo os que têm necessidades especiais. Ter em consideração e dar resposta às expetativas, capacidades, usos e conceções errôneas (digitais) dos(as) estudantes, bem como ao uso contextual, físico e cognitivo que fazem das tecnologias digitais."", ""Iniciar e manter comunicações respeitosas e cordiais; transmitir de forma transparente e comportamento estável, informações e gestos, mensagens orais e de texto claros, concisos, fiáveis e apropriados para o destinatário. Atender ativamente informações, consultas, divergências e mensagens de terceiros com uma atitude construtiva e empática."", ""Planificar e implementar dispositivos e recursos digitais no processo de ensino, de modo a melhorar a eficácia das intervenções pedagógicas. Gerir e orquestrar  adequadamente estratégias de ensino digital. Experimentar e desenvolver novos formatos e métodos pedagógicos para o ensino."", ""Usar tecnologias digitais para promover o envolvimento ativo e criativo dos(as) estudantes com um assunto específico. Usar tecnologias digitais no âmbito de estratégias pedagógicas que fomentem as competências transversais dos(as) estudantes, a reflexão profunda e a expressão criativa. Abrir a aprendizagem a novos contextos do mundo real, que envolvam os(as) próprios(as) estudantes em atividades práticas, investigação científica ou resolução de problemas complexos,\nou que, de outros modos, aumentem o seu envolvimento ativo em temas\ncomplexos.""]","[""514d5868-5f15-4ce9-b74a-d14f5310b54e"", ""c7be7c48-c417-4dec-b203-34ddedba7507"", ""cac54f5d-834c-499c-bf8d-e549fa3828af""]","[""Capacitação dos(as) Estudantes"", ""Ensino e Aprendizagem"", ""Gestão de Relacionamentos""]","[""6152c8bb-1632-42f0-9599-919b6bf15ecb"", ""7b16819f-cb8a-406d-9ab9-a335a50143cb"", ""85f646ca-67c5-439c-8cc1-df4fed9e0ae7""]","[""Aplicar"", ""Entender"", ""Lembrar""]","[""Acessibilidade e inclusão - Docente"", ""Comunicação interpessoal"", ""Diferenciação e personalização"", ""Ensino"", ""Envolvimento ativo""]",Introdução à Libras Aprenda a utilizar a Língua Brasileira de Sinais (Libras) e garanta o atendimento e o tratamento adequado às pessoas com deficiência auditiva. A Lei nº 10.436/2002 legitima a Libras como idioma advindo das Comunidades Surdas Brasileiras e obriga o poder público em geral a adotar formas institucionalizadas de apoiar o uso e a difusão dessa língua como meio de comunicação.
fe322528-0046-40cc-a6b0-5e696d61f4b4,Projeto de Vida,"Contribuir para lançar luz à consciência responsável sobre a área de atuação profissional, a fim de, compreender aspectos sobre si mesmo, objetivando o desenvolvimento pessoal e do meio em que vive.",60,"[""695225ec-a661-4546-95e8-9266e50775d8"", ""a549fa72-ae42-433f-85bd-29badf2851c0""]","[""Análise de problemas"", ""Aprendizado Contínuo""]","[""Identificar tempestivamente os problemas a serem resolvidos, os recursos para enfrentá-los, as alternativas possíveis, seus custos e riscos, antes de tomar a decisão no nível que lhes corresponde.""]","[""05ac4a5c-019d-4ec7-83cc-12ca141322fa"", ""afeb1766-d31e-4f99-818d-a15313e66d01"", ""b47333be-1c80-40a9-a93d-9bbc4d7e4677"", ""e23d3b1c-ee83-4b09-b141-fc0f9dc7ab57""]","[""Gestão de Resultados"", ""Não especificado"", ""Processos de Melhoria"", ""Promoção da Competência Digital dos(as) Estudantes""]","[""0f4140d5-313e-48ae-a953-f88e8e798a29"", ""6152c8bb-1632-42f0-9599-919b6bf15ecb"", ""7b16819f-cb8a-406d-9ab9-a335a50143cb"", ""dcd7e78d-25ed-4a16-9229-39773b4f6b3d"", ""e10b37a4-2e66-4a5b-bd09-815dc7a45fff""]","[""Analisar"", ""Aplicar"", ""Avaliar"", ""Criar"", ""Entender""]","[""Análise de problemas""]","Projeto de Vida Contribuir para lançar luz à consciência responsável sobre a área de atuação profissional, a fim de, compreender aspectos sobre si mesmo, objetivando o desenvolvimento pessoal e do meio em que vive."
ff787e47-37a0-4eb6-8801-862010a4da9c,Produzindo podcast para utilização em sala de aula,Este curso propõe indicar ferramentas básicas para a criação e utilização de podcast em sala de aula.,18,"[""84b2a6b0-c670-4a34-a04f-594a0b4c1d4a"", ""8f9fe3a9-ae88-46cc-a823-6a92c28243f2""]","[""Criação de conteúdo digital"", ""Criação e modificação""]","[""Incorporar atividades, tarefas e avaliações de aprendizagem que requeiram que os(as) estudantes se expressem através de meios digitais, modifiquem e criem conteúdo digital em diferentes formatos. Ensinar aos(às) estudantes como os direitos de autor e as licenças se aplicam ao conteúdo digital, como referenciar fontes e atribuir licenças."", ""Modificar e desenvolver recursos existentes com licença aberta e outros recursos onde tal é permitido. Criar ou cocriar novos recursos educacionais digitais. Ter em\nconsideração o objetivo específico de aprendizagem, o contexto, a abordagem pedagógica e o grupo de estudantes, ao selecionar recursos digitais e planificar a sua utilização.""]","[""05ac4a5c-019d-4ec7-83cc-12ca141322fa"", ""5a224ac7-f165-4900-971c-f82f2684f779""]","[""Promoção da Competência Digital dos(as) Estudantes"", ""Recursos Digitais""]","[""0f4140d5-313e-48ae-a953-f88e8e798a29"", ""6152c8bb-1632-42f0-9599-919b6bf15ecb"", ""7b16819f-cb8a-406d-9ab9-a335a50143cb"", ""85f646ca-67c5-439c-8cc1-df4fed9e0ae7""]","[""Aplicar"", ""Criar"", ""Entender"", ""Lembrar""]","[""Criação de conteúdo digital"", ""Criação e modificação""]",Produzindo podcast para utilização em sala de aula Este curso propõe indicar ferramentas básicas para a criação e utilização de podcast em sala de aula.
ffa5b5e7-f015-43c3-82e2-972931eb0b3c,Nova Lei de Licitações e Contratos: aspectos gerais e pontos de atenção,"Neste curso, você compreenderá as principais alterações propostas pela Lei nº 14.133/2021, conhecida como Nova Lei de Licitações e Contratos, e como elas impactam nos processos de contratações públicas. Além disso, conhecerá também os aspectos gerais da lei e as mudanças aplicadas às fases e aos procedimentos dessas contratações e entenderá a atuação dos tribunais de contas nesse contexto. ",40,"[""3a910f03-4c71-4606-93cd-179056019b11"", ""49c18cc9-d9c1-4c6c-a72b-a064e0e6e3eb"", ""74e10be0-68bf-4d69-aefb-a3d7b4b4fbc3"", ""f3b6f7b4-9434-4fd4-a2af-5ce9bb4b2743""]","[""Contribuição técnico-profissional"", ""Foco nos resultados para os cidadãos"", ""Geração de valor para o usuario"", ""Gerenciamento de recursos""]","[""Capacidade de superar o desempenho padrão e apresentar soluções alinhadas\nao cumprimento de metas e ao alcance dos objetivos estratégicos das organizações públicas para garantir o atendimento das necessidades dos usuários e dos cidadãos."", ""Disponibilizar à Administração seu conhecimento profissional específico e suas experiências anteriores, gerenciando a  atualização de seus conhecimentos especializados."", ""Preservar critérios de eficácia e eficiência na administração de recursos materiais, das competências das pessoas e dos ativos de uso da organização.""]","[""27ccdc3f-64d6-4748-960b-171e9c804d23"", ""4a2cf0b1-98dd-4bff-adc0-898f32e7b857"", ""60ac9674-cbd3-4ca3-ba80-81bfd8648c5a"", ""b47333be-1c80-40a9-a93d-9bbc4d7e4677""]","[""Competências de Liderança - Pessoas"", ""Gestão de Resultados"", ""Orientação a Resultados"", ""Transversais""]","[""6152c8bb-1632-42f0-9599-919b6bf15ecb"", ""7b16819f-cb8a-406d-9ab9-a335a50143cb""]","[""Aplicar"", ""Entender""]","[""Contribuição técnico-profissional"", ""Foco nos resultados para os cidadãos"", ""Gerenciamento de recursos""]","Nova Lei de Licitações e Contratos: aspectos gerais e pontos de atenção Neste curso, você compreenderá as principais alterações propostas pela Lei nº 14.133/2021, conhecida como Nova Lei de Licitações e Contratos, e como elas impactam nos processos de contratações públicas. Além disso, conhecerá também os aspectos gerais da lei e as mudanças aplicadas às fases e aos procedimentos dessas contratações e entenderá a atuação dos tribunais de contas nesse contexto."
ffe389e1-658d-4f6a-a971-11d1de4fe608,Processo Administrativo Disciplinar na Prática ,"O curso visa dar condições para que os servidores públicos federais desenvolvam atividades inerentes à realização de sindicâncias e de processos administrativos disciplinares, a partir de uma abordagem simplificada e objetiva desses procedimentos correicionais utilizados no serviço público federal. Serão estudados os aspectos gerais disciplinados pela Lei n. 8.112/1990, norma que dispõe sobre o Regime Jurídico Único dos Servidores Civis da União, das Autarquias e das Fundações Públicas Federais, assim como, outros procedimentos que os antecedem e os complementam.
",20,"[""432c5350-bdb8-4e22-b7a4-0417e9cfa8f4"", ""64680a3e-e14c-4702-8970-00f96284e671""]","[""Gestão do desenvolvimento de pessoas"", ""Orientações por valores éticos""]","[""Capacidade de agir de acordo com princípios e valores morais que norteiam o exercício da função pública, tais como responsabilidade, integridade, retidão, transparência e equidade na gestão da res publica."", ""Forjar um ambiente de trabalho em que os interesses de equipes e indivíduos se harmonizem com os objetivos e resultados da organização, gerando oportunidades de aprendizado e desenvolvimento, bem como incentivos para reforçar o desempenho excepcional.""]","[""27ccdc3f-64d6-4748-960b-171e9c804d23"", ""b47333be-1c80-40a9-a93d-9bbc4d7e4677""]","[""Gestão de Resultados"", ""Transversais""]","[""6152c8bb-1632-42f0-9599-919b6bf15ecb"", ""7b16819f-cb8a-406d-9ab9-a335a50143cb"", ""85f646ca-67c5-439c-8cc1-df4fed9e0ae7""]","[""Aplicar"", ""Entender"", ""Lembrar""]","[""Gestão do desenvolvimento de pessoas"", ""Orientações por valores éticos""]","Processo Administrativo Disciplinar na Prática O curso visa dar condições para que os servidores públicos federais desenvolvam atividades inerentes à realização de sindicâncias e de processos administrativos disciplinares, a partir de uma abordagem simplificada e objetiva desses procedimentos correicionais utilizados no serviço público federal. Serão estudados os aspectos gerais disciplinados pela Lei n. 8.112/1990, norma que dispõe sobre o Regime Jurídico Único dos Servidores Civis da União, das Autarquias e das Fundações Públicas Federais, assim como, outros procedimentos que os antecedem e os complementam."
